module,prod_reachable,authority,decision_critical,decision
ablation.experiments,False,NONE,False,RESEARCH_ONLY
ablation.incremental,False,NONE,False,RESEARCH_ONLY
ablation.marginal,False,NONE,False,RESEARCH_ONLY
ablation.matrix,False,NONE,False,RESEARCH_ONLY
ablation.portfolio_counterfactual,False,NONE,False,RESEARCH_ONLY
ablation.statistical,False,NONE,False,RESEARCH_ONLY
alpha.correlation,False,NONE,False,RESEARCH_ONLY
alpha.halflife,False,NONE,False,RESEARCH_ONLY
alpha.registry,False,NONE,False,RESEARCH_ONLY
backtest.benchmark,False,NONE,False,RESEARCH_ONLY
backtest.benchmarks,False,NONE,False,RESEARCH_ONLY
backtest.calibration,False,NONE,False,RESEARCH_ONLY
backtest.canonical,True,NONE,False,MERGE
backtest.canonical_runs,False,NONE,False,RESEARCH_ONLY
backtest.cost_model,False,NONE,False,RESEARCH_ONLY
backtest.cross_sectional,False,NONE,False,RESEARCH_ONLY
backtest.cross_validation,False,NONE,False,RESEARCH_ONLY
backtest.data_pipeline,False,NONE,False,RESEARCH_ONLY
backtest.engine,False,NONE,False,RESEARCH_ONLY
backtest.information_analysis,False,NONE,False,RESEARCH_ONLY
backtest.lookahead_filter,False,NONE,False,RESEARCH_ONLY
backtest.performance,False,NONE,False,RESEARCH_ONLY
backtest.pit_universe,False,NONE,False,RESEARCH_ONLY
backtest.portfolio_constraints,False,NONE,False,RESEARCH_ONLY
backtest.portfolio_risk,False,NONE,False,RESEARCH_ONLY
backtest.research_gate,False,NONE,False,RESEARCH_ONLY
backtest.retail_utility,False,NONE,False,RESEARCH_ONLY
backtest.robustness,False,NONE,False,RESEARCH_ONLY
backtest.run_status,False,NONE,False,RESEARCH_ONLY
backtest.trade_ledger,False,NONE,False,RESEARCH_ONLY
backtest.wave_capture,False,NONE,False,RESEARCH_ONLY
behavioral.cbi,False,NONE,False,RESEARCH_ONLY
behavioral.cost_position,False,NONE,False,RESEARCH_ONLY
behavioral.monthly_stage,False,NONE,False,RESEARCH_ONLY
behavioral.turnover_factors,False,NONE,False,RESEARCH_ONLY
behavioral.volume_factors,False,NONE,False,RESEARCH_ONLY
behavioral.vp_matrix,False,NONE,False,RESEARCH_ONLY
common.asof,True,NONE,False,MERGE
common.calendar,False,NONE,False,RESEARCH_ONLY
common.config_par,True,NONE,False,MERGE
common.db,True,NONE,False,MERGE
common.logger,False,NONE,False,RESEARCH_ONLY
common.normalization,False,NONE,False,RESEARCH_ONLY
common.paths,True,NONE,False,MERGE
config.governance,False,NONE,False,RESEARCH_ONLY
config.settings,True,NONE,False,MERGE
data.asof_contract,False,NONE,False,RESEARCH_ONLY
data.evidence,False,NONE,False,RESEARCH_ONLY
data.feature_contract,True,NONE,False,MERGE
data.feature_registry,False,NONE,False,RESEARCH_ONLY
data.information_set,True,NONE,False,MERGE
data.lineage,False,NONE,False,RESEARCH_ONLY
data.loader,False,NONE,False,RESEARCH_ONLY
data.pit_registry,False,NONE,False,RESEARCH_ONLY
data.quality,True,NONE,False,MERGE
data.tradability,False,NONE,False,RESEARCH_ONLY
data.universe_snapshot,False,NONE,False,RESEARCH_ONLY
decision.abstain,False,NONE,False,RESEARCH_ONLY
decision.action_classifier,True,NONE,False,MERGE
decision.action_gate,True,NONE,False,MERGE
decision.action_generator,False,NONE,False,RESEARCH_ONLY
decision.boundary_test,False,NONE,False,RESEARCH_ONLY
decision.canonical_action,True,NONE,False,MERGE
decision.catalyst_quality,False,NONE,False,RESEARCH_ONLY
decision.certified_decision,True,EXECUTION_ELIGIBILITY,True,KEEP
decision.confidence,True,NONE,False,MERGE
decision.consensus,False,NONE,False,RESEARCH_ONLY
decision.constraint_trace,True,NONE,False,MERGE
decision.decision_certificate,False,NONE,False,RESEARCH_ONLY
decision.decision_delta,False,NONE,False,RESEARCH_ONLY
decision.decision_ledger,True,FACT,True,KEEP
decision.decision_snapshot,True,NONE,False,MERGE
decision.downside_risk,False,NONE,False,RESEARCH_ONLY
decision.dss_output,False,NONE,False,RESEARCH_ONLY
decision.dynamic_risk_budget,False,NONE,False,RESEARCH_ONLY
decision.engine,True,NONE,False,MERGE
decision.entry_quality,True,NONE,False,MERGE
decision.exit_quality,True,NONE,False,MERGE
decision.feature_manifest,False,NONE,False,RESEARCH_ONLY
decision.field_lineage,False,NONE,False,RESEARCH_ONLY
decision.fsm_authority,True,NONE,False,MERGE
decision.governance,True,FINAL_TARGET,True,KEEP
decision.governance_caps,True,CAP,True,KEEP
decision.governance_card,False,NONE,False,RESEARCH_ONLY
decision.governance_proof,True,NONE,False,MERGE
decision.hard_exit,True,NONE,False,MERGE
decision.historical_integrity,False,NONE,False,RESEARCH_ONLY
decision.institutional_filter,False,NONE,False,RESEARCH_ONLY
decision.institutional_permission,True,RISK_UPPER_BOUND,True,KEEP
decision.object,False,NONE,False,RESEARCH_ONLY
decision.optimal_position,False,NONE,False,RESEARCH_ONLY
decision.participation_budget,True,NONE,False,MERGE
decision.path_hash,True,NONE,False,MERGE
decision.permission_gate,False,NONE,False,RESEARCH_ONLY
decision.permission_policy,True,NONE,False,MERGE
decision.position_scaling,False,NONE,False,RESEARCH_ONLY
decision.position_sizing,False,NONE,False,RESEARCH_ONLY
decision.reason_codes,False,NONE,False,RESEARCH_ONLY
decision.release_identity,False,NONE,False,RESEARCH_ONLY
decision.replay_cert,False,NONE,False,RESEARCH_ONLY
decision.replay_contract,False,NONE,False,RESEARCH_ONLY
decision.replay_engine,False,NONE,False,RESEARCH_ONLY
decision.retail,False,NONE,False,RESEARCH_ONLY
decision.retail_fsm,False,NONE,False,RESEARCH_ONLY
decision.retail_position_fsm,True,LIFECYCLE_PROPOSAL,True,KEEP
decision.retail_position_sizing,True,NONE,False,MERGE
decision.risk_evaluator,False,NONE,False,RESEARCH_ONLY
decision.schema_contract,False,NONE,False,RESEARCH_ONLY
decision.schema_registry,False,NONE,False,RESEARCH_ONLY
decision.score_calculator,False,NONE,False,RESEARCH_ONLY
decision.stability,False,NONE,False,RESEARCH_ONLY
decision.stop_loss,True,NONE,False,MERGE
decision.time_in_trade,True,NONE,False,MERGE
decision.trade_quality,True,NONE,False,MERGE
decision.types,False,NONE,False,RESEARCH_ONLY
decision.versions,True,NONE,False,MERGE
evaluation.challenger,False,NONE,False,RESEARCH_ONLY
evaluation.counterfactual_audit,False,NONE,False,RESEARCH_ONLY
evaluation.counterfactual_value,False,NONE,False,RESEARCH_ONLY
evaluation.decision_compression,False,NONE,False,RESEARCH_ONLY
evaluation.decision_cost_budget,False,NONE,False,RESEARCH_ONLY
evaluation.decision_stability_diag,False,NONE,False,RESEARCH_ONLY
evaluation.decision_surface_audit,False,NONE,False,RESEARCH_ONLY
evaluation.fpfn_lab,False,NONE,False,RESEARCH_ONLY
evaluation.governance_alpha,False,NONE,False,RESEARCH_ONLY
evaluation.miss_analysis,False,NONE,False,RESEARCH_ONLY
evaluation.module_value,False,NONE,False,RESEARCH_ONLY
evaluation.no_trade,False,NONE,False,RESEARCH_ONLY
evaluation.opportunity_funnel,False,NONE,False,RESEARCH_ONLY
evaluation.override_outcome_review,False,NONE,False,RESEARCH_ONLY
evaluation.permission_value,False,NONE,False,RESEARCH_ONLY
evaluation.position_lifecycle,False,NONE,False,RESEARCH_ONLY
evaluation.regime_matrix,False,NONE,False,RESEARCH_ONLY
evaluation.regret,False,NONE,False,RESEARCH_ONLY
evaluation.retail_scorecard,False,NONE,False,RESEARCH_ONLY
evaluation.risk_reduction_attribution,False,NONE,False,RESEARCH_ONLY
evaluation.timing_alpha,False,NONE,False,RESEARCH_ONLY
evaluation.trade_outcome,False,NONE,False,RESEARCH_ONLY
evaluation.wave_quality_matrix,False,NONE,False,RESEARCH_ONLY
evidence.snapshot,True,NONE,False,MERGE
execution.capacity,False,NONE,False,RESEARCH_ONLY
execution.executable_target,False,NONE,False,RESEARCH_ONLY
execution.execution_gate,True,NONE,False,MERGE
execution.liquidity_exit,False,NONE,False,RESEARCH_ONLY
execution.order_state_machine,False,NONE,False,RESEARCH_ONLY
execution.simulator,False,NONE,False,RESEARCH_ONLY
explainability.engine,False,NONE,False,RESEARCH_ONLY
explainability.graph,False,NONE,False,RESEARCH_ONLY
failure.decision_error_taxonomy,False,NONE,False,RESEARCH_ONLY
failure.degradation,False,NONE,False,RESEARCH_ONLY
failure.failure_modes,False,NONE,False,RESEARCH_ONLY
failure.loss_cluster,False,NONE,False,RESEARCH_ONLY
fsm.transition_matrix,False,NONE,False,RESEARCH_ONLY
fusion.anti_inference,False,NONE,False,RESEARCH_ONLY
fusion.chip_confidence,False,NONE,False,RESEARCH_ONLY
fusion.daily_timing,False,NONE,False,RESEARCH_ONLY
fusion.mtf_alignment,False,NONE,False,RESEARCH_ONLY
fusion.mtf_fsm,False,NONE,False,RESEARCH_ONLY
governance.architecture_conformance,False,NONE,False,RESEARCH_ONLY
governance.artifact_registry,False,NONE,False,RESEARCH_ONLY
governance.autonomy,False,NONE,False,RESEARCH_ONLY
governance.certification,False,NONE,False,RESEARCH_ONLY
governance.certification_scope,False,NONE,False,RESEARCH_ONLY
governance.change_impact,False,NONE,False,RESEARCH_ONLY
governance.completeness_review,False,NONE,False,RESEARCH_ONLY
governance.complexity_budget,False,NONE,False,RESEARCH_ONLY
governance.complexity_ceiling,False,NONE,False,RESEARCH_ONLY
governance.conflict,True,NONE,False,MERGE
governance.convergence_release,False,NONE,False,RESEARCH_ONLY
governance.cross_layer_contradiction,False,NONE,False,RESEARCH_ONLY
governance.dead_authority,False,NONE,False,RESEARCH_ONLY
governance.decision_changelog,False,NONE,False,RESEARCH_ONLY
governance.decision_necessity,False,NONE,False,RESEARCH_ONLY
governance.determinism,False,NONE,False,RESEARCH_ONLY
governance.doubt_index,False,NONE,False,RESEARCH_ONLY
governance.duplicate_logic_detector,False,NONE,False,RESEARCH_ONLY
governance.evidence_expiry,False,NONE,False,RESEARCH_ONLY
governance.evidence_provider,False,NONE,False,RESEARCH_ONLY
governance.failure_injection,False,NONE,False,RESEARCH_ONLY
governance.feature_freeze,False,NONE,False,RESEARCH_ONLY
governance.feature_gate,True,NONE,False,MERGE
governance.final_design_principles,False,NONE,False,RESEARCH_ONLY
governance.golden_decision_corpus,False,NONE,False,RESEARCH_ONLY
governance.governance_aging,False,NONE,False,RESEARCH_ONLY
governance.governance_minimalism,False,NONE,False,RESEARCH_ONLY
governance.human_override,False,NONE,False,RESEARCH_ONLY
governance.lifecycle,False,NONE,False,RESEARCH_ONLY
governance.minimal_governed_core,False,NONE,False,RESEARCH_ONLY
governance.minimal_trusted_release,False,NONE,False,RESEARCH_ONLY
governance.model_decay,False,NONE,False,RESEARCH_ONLY
governance.module_retirement,False,NONE,False,RESEARCH_ONLY
governance.module_trim,False,NONE,False,RESEARCH_ONLY
governance.one_page_canonical,False,NONE,False,RESEARCH_ONLY
governance.performance_metric_contract,False,NONE,False,RESEARCH_ONLY
governance.production_acceptance,False,NONE,False,RESEARCH_ONLY
governance.production_dependency_allowlist,False,NONE,False,RESEARCH_ONLY
governance.production_evidence_pack,False,NONE,False,RESEARCH_ONLY
governance.production_feature_manifest,True,NONE,False,MERGE
governance.production_simplicity_kpi,False,NONE,False,RESEARCH_ONLY
governance.promotion_gate,False,NONE,False,RESEARCH_ONLY
governance.provenance,False,NONE,False,RESEARCH_ONLY
governance.pwc2_authority_graph,False,NONE,False,RESEARCH_ONLY
governance.reentry,False,NONE,False,RESEARCH_ONLY
governance.release_manifest,False,NONE,False,RESEARCH_ONLY
governance.research_debt_register,False,NONE,False,RESEARCH_ONLY
governance.research_guard,False,NONE,False,RESEARCH_ONLY
governance.research_production_leakage,False,NONE,False,RESEARCH_ONLY
governance.rule_ownership,False,NONE,False,RESEARCH_ONLY
governance.rule_removal_test,False,NONE,False,RESEARCH_ONLY
governance.shadow_divergence,False,NONE,False,RESEARCH_ONLY
governance.simplification_release,False,NONE,False,RESEARCH_ONLY
governance.sunset_policy,False,NONE,False,RESEARCH_ONLY
governance.system_constitution,False,NONE,False,RESEARCH_ONLY
governance.three_worlds,False,NONE,False,RESEARCH_ONLY
governance.trade_frequency,False,NONE,False,RESEARCH_ONLY
governance.validation_certificate,False,FORMAL_RESEARCH_STATUS,True,RESEARCH_ONLY
governance.version_impact,False,NONE,False,RESEARCH_ONLY
governance.zero_trust,False,NONE,False,RESEARCH_ONLY
institutional.confidence,False,NONE,False,RESEARCH_ONLY
institutional.divergence,False,NONE,False,RESEARCH_ONLY
institutional.permission,False,NONE,False,RESEARCH_ONLY
institutional.persistence,False,NONE,False,RESEARCH_ONLY
institutional.pressure,False,NONE,False,RESEARCH_ONLY
institutional.state_engine,False,NONE,False,RESEARCH_ONLY
learning.adaptive_sandbox,False,NONE,False,RESEARCH_ONLY
learning.controlled_loop,False,NONE,False,RESEARCH_ONLY
learning.post_trade,False,NONE,False,RESEARCH_ONLY
market.opportunity_regime,False,NONE,False,RESEARCH_ONLY
market.regime,True,NONE,False,MERGE
market.regime_conditioned,False,NONE,False,RESEARCH_ONLY
market.regime_fsm,False,NONE,False,RESEARCH_ONLY
market.regime_robustness,False,NONE,False,RESEARCH_ONLY
market.transition,False,NONE,False,RESEARCH_ONLY
monitoring.benchmark,False,NONE,False,RESEARCH_ONLY
monitoring.binding_constraint_frequency,False,NONE,False,RESEARCH_ONLY
monitoring.confidence_calibration,False,NONE,False,RESEARCH_ONLY
monitoring.critical_path_observability,False,NONE,False,RESEARCH_ONLY
monitoring.data_trust_report,False,NONE,False,RESEARCH_ONLY
monitoring.decision_coverage,False,NONE,False,RESEARCH_ONLY
monitoring.decision_latency_budget,False,NONE,False,RESEARCH_ONLY
monitoring.decision_quality,False,NONE,False,RESEARCH_ONLY
monitoring.drift_monitor,False,NONE,False,RESEARCH_ONLY
monitoring.execution_calibration,False,NONE,False,RESEARCH_ONLY
monitoring.forecast_realized,False,NONE,False,RESEARCH_ONLY
monitoring.gap_monitor,False,NONE,False,RESEARCH_ONLY
monitoring.observability,False,NONE,False,RESEARCH_ONLY
monitoring.research_production_drift,False,NONE,False,RESEARCH_ONLY
monitoring.risk_budget_utilization,False,NONE,False,RESEARCH_ONLY
monitoring.state_transition_audit,False,NONE,False,RESEARCH_ONLY
monitoring.strategy_health,False,NONE,False,RESEARCH_ONLY
monitoring.validation_controller,False,NONE,False,RESEARCH_ONLY
performance.attribution,False,NONE,False,RESEARCH_ONLY
performance.contract,False,NONE,False,RESEARCH_ONLY
portfolio.aggregator,False,NONE,False,RESEARCH_ONLY
portfolio.budget,False,NONE,False,RESEARCH_ONLY
portfolio.concentration,False,NONE,False,RESEARCH_ONLY
portfolio.drawdown_response,False,NONE,False,RESEARCH_ONLY
portfolio.exposure_engine,False,NONE,False,RESEARCH_ONLY
portfolio.interaction_graph,False,NONE,False,RESEARCH_ONLY
portfolio.lifecycle_gate,False,NONE,False,RESEARCH_ONLY
portfolio.portfolio_ledger,False,NONE,False,RESEARCH_ONLY
portfolio.rebalancing,False,NONE,False,RESEARCH_ONLY
portfolio.risk_contagion,False,NONE,False,RESEARCH_ONLY
portfolio.state_engine,True,NONE,False,MERGE
portfolio.strategy_allocation,False,NONE,False,RESEARCH_ONLY
portfolio.tail_gap,False,NONE,False,RESEARCH_ONLY
ranking.allocator,False,NONE,False,RESEARCH_ONLY
ranking.competition,False,NONE,False,RESEARCH_ONLY
ranking.opportunity_ranking,False,NONE,False,RESEARCH_ONLY
ranking.queue,False,NONE,False,RESEARCH_ONLY
replacement.replacement_engine,False,NONE,False,RESEARCH_ONLY
report.contract,False,NONE,False,RESEARCH_ONLY
report.information_budget,False,NONE,False,RESEARCH_ONLY
research.alpha_discovery,False,NONE,False,RESEARCH_ONLY
research.autonomous_loop,False,NONE,False,RESEARCH_ONLY
research.benchmark_ladder,False,NONE,False,RESEARCH_ONLY
research.causal_evidence,False,NONE,False,RESEARCH_ONLY
research.ci_engine,False,NONE,False,RESEARCH_ONLY
research.dominated_rule_detection,False,NONE,False,RESEARCH_ONLY
research.evidence_contradiction,False,NONE,False,RESEARCH_ONLY
research.evidence_hierarchy,False,NONE,False,RESEARCH_ONLY
research.factory,False,NONE,False,RESEARCH_ONLY
research.feature_pruning,False,NONE,False,RESEARCH_ONLY
research.minimum_viable_canonical,False,NONE,False,RESEARCH_ONLY
research.negative_result_registry,False,NONE,False,RESEARCH_ONLY
research.overfitting_firewall,False,NONE,False,RESEARCH_ONLY
research.policy_optimizer,False,NONE,False,RESEARCH_ONLY
research.research_artifact_bundle,False,NONE,False,RESEARCH_ONLY
research.rule_interaction_audit,False,NONE,False,RESEARCH_ONLY
research.simplification,False,NONE,False,RESEARCH_ONLY
research.strategy_competition,False,NONE,False,RESEARCH_ONLY
research.threshold_sensitivity_map,False,NONE,False,RESEARCH_ONLY
research.transferability,False,NONE,False,RESEARCH_ONLY
review.strategic_review,False,NONE,False,RESEARCH_ONLY
safety.continuous_validation,False,NONE,False,RESEARCH_ONLY
safety.incident_protocol,True,NONE,False,MERGE
safety.kill_switch,False,NONE,False,RESEARCH_ONLY
safety.reactivation_gate,False,NONE,False,RESEARCH_ONLY
safety.recovery_replay_test,False,NONE,False,RESEARCH_ONLY
safety.safety_case,False,NONE,False,RESEARCH_ONLY
safety.strategy_kill,False,NONE,False,RESEARCH_ONLY
safety.system_health,False,NONE,False,RESEARCH_ONLY
scripts.all_in_one_report,False,NONE,False,KEEP
scripts.attribution_report,False,NONE,False,KEEP
scripts.audit_coverage,False,NONE,False,KEEP
scripts.audit_report,False,NONE,False,KEEP
scripts.backtest_runner,False,NONE,False,KEEP
scripts.benchmark_report,False,NONE,False,KEEP
scripts.calibration,False,NONE,False,KEEP
scripts.canonical_audit,False,NONE,False,KEEP
scripts.capacity_report,False,NONE,False,KEEP
scripts.check_data_quality,False,NONE,False,KEEP
scripts.complexity_report,False,NONE,False,KEEP
scripts.continuous_validation_report,False,NONE,False,KEEP
scripts.cost_stress_test,False,NONE,False,KEEP
scripts.counterfactual_portfolio,False,NONE,False,KEEP
scripts.counterfactual_replay,False,NONE,False,KEEP
scripts.counterfactual_report,False,NONE,False,KEEP
scripts.cross_sectional_backtest,False,NONE,False,KEEP
scripts.daily_alpha_test,False,NONE,False,KEEP
scripts.daily_tactical_engine,False,NONE,False,KEEP
scripts.decision_engine,False,NONE,False,KEEP
scripts.decision_report,False,NONE,False,KEEP
scripts.dss_report,False,NONE,False,KEEP
scripts.execution_ablation,False,NONE,False,KEEP
scripts.failure_report,False,NONE,False,KEEP
scripts.forecast_realized_report,False,NONE,False,KEEP
scripts.fsm_transition_report,False,NONE,False,KEEP
scripts.governance_certification,False,NONE,False,KEEP
scripts.html_report,False,NONE,False,KEEP
scripts.ic_analysis,False,NONE,False,KEEP
scripts.incremental_alpha_test,False,NONE,False,KEEP
scripts.incremental_evidence_report,False,NONE,False,KEEP
scripts.init_db,False,NONE,False,KEEP
scripts.layer_ablation_test,False,NONE,False,KEEP
scripts.legacy_replace_check,False,NONE,False,KEEP
scripts.lineage_report,False,NONE,False,KEEP
scripts.liquidity_exit_report,False,NONE,False,KEEP
scripts.minimal_trusted_release,False,NONE,False,KEEP
scripts.monthly_behavior_engine,False,NONE,False,KEEP
scripts.mtf_fusion_engine,False,NONE,False,KEEP
scripts.opportunity_ranking_report,False,NONE,False,KEEP
scripts.permission_fsm_ablation,False,NONE,False,KEEP
scripts.portfolio_state_report,False,NONE,False,KEEP
scripts.pwc2_convergence,False,NONE,False,KEEP
scripts.regime_gate_test,False,NONE,False,KEEP
scripts.regime_transition_report,False,NONE,False,KEEP
scripts.release_gate,False,NONE,False,KEEP
scripts.replay_certify,False,NONE,False,KEEP
scripts.research_registry_report,False,NONE,False,KEEP
scripts.research_validation,False,NONE,False,KEEP
scripts.retail_swing_report,False,NONE,False,KEEP
scripts.safety_report,False,NONE,False,KEEP
scripts.sensitivity_backtest,False,NONE,False,KEEP
scripts.shadow_live,False,NONE,False,KEEP
scripts.shadow_mode,False,NONE,False,KEEP
scripts.stability_report,False,NONE,False,KEEP
scripts.state_validation,False,NONE,False,KEEP
scripts.stock_pool_report,False,NONE,False,KEEP
scripts.strategy_lifecycle,False,NONE,False,KEEP
scripts.stress_report,False,NONE,False,KEEP
scripts.structural_engine,False,NONE,False,KEEP
scripts.trigger_sensitivity,False,NONE,False,KEEP
scripts.validate_structural,False,NONE,False,KEEP
scripts.version_impact_report,False,NONE,False,KEEP
scripts.wave_capture_report,False,NONE,False,KEEP
scripts.wave_replay,False,NONE,False,KEEP
scripts.weekly_tactical_engine,False,NONE,False,KEEP
setup.swing_setup,True,NONE,False,MERGE
shadow.drift,False,NONE,False,RESEARCH_ONLY
stress.data_degradation,False,NONE,False,RESEARCH_ONLY
stress.engine,False,NONE,False,RESEARCH_ONLY
stress.joint_stress,False,NONE,False,RESEARCH_ONLY
stress.scenario_engine,False,NONE,False,RESEARCH_ONLY
stress.scenario_library,False,NONE,False,RESEARCH_ONLY
stress.stress_matrix,False,NONE,False,RESEARCH_ONLY
structural.chip_factors,False,NONE,False,RESEARCH_ONLY
structural.divergence,False,NONE,False,RESEARCH_ONLY
structural.flow_factors,False,NONE,False,RESEARCH_ONLY
structural.price_factors,False,NONE,False,RESEARCH_ONLY
structural.structural_regime,False,NONE,False,RESEARCH_ONLY
tactical.daily_tactical,False,NONE,False,RESEARCH_ONLY
tactical.weekly_signal,False,NONE,False,RESEARCH_ONLY
tactical.weekly_turnover,False,NONE,False,RESEARCH_ONLY
tactical.weekly_volume,False,NONE,False,RESEARCH_ONLY
tactical.weekly_vwap,False,NONE,False,RESEARCH_ONLY
wave.aging,False,NONE,False,RESEARCH_ONLY
wave.asof_opportunity,False,NONE,False,RESEARCH_ONLY
wave.canonical,True,OPPORTUNITY_PROPOSAL,True,KEEP
wave.label,False,NONE,False,RESEARCH_ONLY
wave.lifecycle,False,NONE,False,RESEARCH_ONLY
wave.opportunity,False,NONE,False,RESEARCH_ONLY
wave.outcome_label,False,NONE,False,RESEARCH_ONLY
wave.quality,False,NONE,False,RESEARCH_ONLY
wave.signal,False,NONE,False,RESEARCH_ONLY
wave.stage_gate,True,OPPORTUNITY_PROPOSAL,True,KEEP
wave.stage_output,False,NONE,False,RESEARCH_ONLY
