Signal_Date,Signal_Name,Details
2022-01-05,头肩顶,"{'Signal_Date': Timestamp('2022-01-05 00:00:00'), 'Break_Price': 21.9, 'Neckline': 23.09591836734694, 'Volume_Ratio': 2.0846, 'Left_Shoulder_Date': Timestamp('2021-08-23 00:00:00'), 'Left_Shoulder_Price': 26.05, 'Head_Date': Timestamp('2021-11-17 00:00:00'), 'Head_Price': 28.15, 'Right_Shoulder_Date': Timestamp('2021-12-09 00:00:00'), 'Right_Shoulder_Price': 27.2}"
2022-01-17,头肩顶,"{'Signal_Date': Timestamp('2022-01-17 00:00:00'), 'Break_Price': 19.98, 'Neckline': 21.775000000000006, 'Volume_Ratio': 2.4679, 'Left_Shoulder_Date': Timestamp('2021-08-23 00:00:00'), 'Left_Shoulder_Price': 26.05, 'Head_Date': Timestamp('2021-12-09 00:00:00'), 'Head_Price': 27.2, 'Right_Shoulder_Date': Timestamp('2021-12-23 00:00:00'), 'Right_Shoulder_Price': 25.2}"
2022-08-19,头肩顶,"{'Signal_Date': Timestamp('2022-08-19 00:00:00'), 'Break_Price': 19.0, 'Neckline': 19.901690140845176, 'Volume_Ratio': 3.4303, 'Left_Shoulder_Date': Timestamp('2022-05-18 00:00:00'), 'Left_Shoulder_Price': 14.2, 'Head_Date': Timestamp('2022-07-26 00:00:00'), 'Head_Price': 22.7, 'Right_Shoulder_Date': Timestamp('2022-08-05 00:00:00'), 'Right_Shoulder_Price': 21.15}"
2022-09-26,头肩顶,"{'Signal_Date': Timestamp('2022-09-26 00:00:00'), 'Break_Price': 17.64, 'Neckline': 17.932000000000016, 'Volume_Ratio': 2.1083, 'Left_Shoulder_Date': Timestamp('2022-05-18 00:00:00'), 'Left_Shoulder_Price': 14.2, 'Head_Date': Timestamp('2022-08-05 00:00:00'), 'Head_Price': 21.15, 'Right_Shoulder_Date': Timestamp('2022-09-21 00:00:00'), 'Right_Shoulder_Price': 20.3}"
2023-03-10,头肩顶,"{'Signal_Date': Timestamp('2023-03-10 00:00:00'), 'Break_Price': 18.92, 'Neckline': 19.157692307692287, 'Volume_Ratio': 1.6692, 'Left_Shoulder_Date': Timestamp('2023-01-05 00:00:00'), 'Left_Shoulder_Price': 25.45, 'Head_Date': Timestamp('2023-01-27 00:00:00'), 'Head_Price': 26.25, 'Right_Shoulder_Date': Timestamp('2023-03-06 00:00:00'), 'Right_Shoulder_Price': 21.65}"
2023-04-25,头肩顶,"{'Signal_Date': Timestamp('2023-04-25 00:00:00'), 'Break_Price': 16.86, 'Neckline': 17.375254237288118, 'Volume_Ratio': 2.5425, 'Left_Shoulder_Date': Timestamp('2022-11-18 00:00:00'), 'Left_Shoulder_Price': 20.3, 'Head_Date': Timestamp('2023-03-06 00:00:00'), 'Head_Price': 21.65, 'Right_Shoulder_Date': Timestamp('2023-03-31 00:00:00'), 'Right_Shoulder_Price': 19.98}"
2023-06-23,头肩顶,"{'Signal_Date': Timestamp('2023-06-23 00:00:00'), 'Break_Price': 10.34, 'Neckline': 10.419999999999987, 'Volume_Ratio': 1.5062, 'Left_Shoulder_Date': Timestamp('2022-05-18 00:00:00'), 'Left_Shoulder_Price': 14.2, 'Head_Date': Timestamp('2022-10-05 00:00:00'), 'Head_Price': 19.38, 'Right_Shoulder_Date': Timestamp('2023-06-05 00:00:00'), 'Right_Shoulder_Price': 14.08}"
2024-03-27,头肩顶,"{'Signal_Date': Timestamp('2024-03-27 00:00:00'), 'Break_Price': 6.85, 'Neckline': 7.4525806451613335, 'Volume_Ratio': 1.6537, 'Left_Shoulder_Date': Timestamp('2024-01-26 00:00:00'), 'Left_Shoulder_Price': 6.9, 'Head_Date': Timestamp('2024-02-19 00:00:00'), 'Head_Price': 8.06, 'Right_Shoulder_Date': Timestamp('2024-03-19 00:00:00'), 'Right_Shoulder_Price': 7.61}"
2024-08-28,头肩顶,"{'Signal_Date': Timestamp('2024-08-28 00:00:00'), 'Break_Price': 6.64, 'Neckline': 6.909322033898306, 'Volume_Ratio': 1.6066, 'Left_Shoulder_Date': Timestamp('2024-01-26 00:00:00'), 'Left_Shoulder_Price': 6.9, 'Head_Date': Timestamp('2024-03-19 00:00:00'), 'Head_Price': 7.61, 'Right_Shoulder_Date': Timestamp('2024-08-19 00:00:00'), 'Right_Shoulder_Price': 7.55}"
2024-09-19,头肩顶,"{'Signal_Date': Timestamp('2024-09-19 00:00:00'), 'Break_Price': 6.33, 'Neckline': 6.412731707317086, 'Volume_Ratio': 2.9612, 'Left_Shoulder_Date': Timestamp('2024-01-26 00:00:00'), 'Left_Shoulder_Price': 6.9, 'Head_Date': Timestamp('2024-08-19 00:00:00'), 'Head_Price': 7.55, 'Right_Shoulder_Date': Timestamp('2024-09-03 00:00:00'), 'Right_Shoulder_Price': 7.44}"
2025-02-10,头肩顶,"{'Signal_Date': Timestamp('2025-02-10 00:00:00'), 'Break_Price': 8.13, 'Neckline': 8.38129032258064, 'Volume_Ratio': 2.1087, 'Left_Shoulder_Date': Timestamp('2024-09-03 00:00:00'), 'Left_Shoulder_Price': 7.44, 'Head_Date': Timestamp('2024-12-30 00:00:00'), 'Head_Price': 9.34, 'Right_Shoulder_Date': Timestamp('2025-01-20 00:00:00'), 'Right_Shoulder_Price': 8.55}"
2025-06-02,头肩顶,"{'Signal_Date': Timestamp('2025-06-02 00:00:00'), 'Break_Price': 10.4, 'Neckline': 10.60571428571427, 'Volume_Ratio': 1.5069, 'Left_Shoulder_Date': Timestamp('2025-04-23 00:00:00'), 'Left_Shoulder_Price': 10.48, 'Head_Date': Timestamp('2025-05-02 00:00:00'), 'Head_Price': 10.7, 'Right_Shoulder_Date': Timestamp('2025-05-29 00:00:00'), 'Right_Shoulder_Price': 10.48}"
2025-08-21,头肩顶,"{'Signal_Date': Timestamp('2025-08-21 00:00:00'), 'Break_Price': 10.55, 'Neckline': 10.68810810810811, 'Volume_Ratio': 6.5135, 'Left_Shoulder_Date': Timestamp('2025-06-06 00:00:00'), 'Left_Shoulder_Price': 10.54, 'Head_Date': Timestamp('2025-07-07 00:00:00'), 'Head_Price': 11.58, 'Right_Shoulder_Date': Timestamp('2025-08-18 00:00:00'), 'Right_Shoulder_Price': 10.77}"
2025-09-17,头肩顶,"{'Signal_Date': Timestamp('2025-09-17 00:00:00'), 'Break_Price': 10.36, 'Neckline': 10.445555555555554, 'Volume_Ratio': 2.5135, 'Left_Shoulder_Date': Timestamp('2025-07-07 00:00:00'), 'Left_Shoulder_Price': 11.58, 'Head_Date': Timestamp('2025-07-21 00:00:00'), 'Head_Price': 12.18, 'Right_Shoulder_Date': Timestamp('2025-08-18 00:00:00'), 'Right_Shoulder_Price': 10.77}"
2026-01-28,头肩顶,"{'Signal_Date': Timestamp('2026-01-28 00:00:00'), 'Break_Price': 10.4, 'Neckline': 10.5495652173913, 'Volume_Ratio': 4.2781, 'Left_Shoulder_Date': Timestamp('2025-10-02 00:00:00'), 'Left_Shoulder_Price': 10.61, 'Head_Date': Timestamp('2025-10-21 00:00:00'), 'Head_Price': 10.9, 'Right_Shoulder_Date': Timestamp('2026-01-16 00:00:00'), 'Right_Shoulder_Price': 10.69}"
2026-02-13,头肩顶,"{'Signal_Date': Timestamp('2026-02-13 00:00:00'), 'Break_Price': 9.29, 'Neckline': 9.909473684210518, 'Volume_Ratio': 2.67, 'Left_Shoulder_Date': Timestamp('2025-06-20 00:00:00'), 'Left_Shoulder_Price': 10.76, 'Head_Date': Timestamp('2025-08-18 00:00:00'), 'Head_Price': 10.77, 'Right_Shoulder_Date': Timestamp('2025-09-12 00:00:00'), 'Right_Shoulder_Price': 10.49}"
2026-05-08,头肩顶,"{'Signal_Date': Timestamp('2026-05-08 00:00:00'), 'Break_Price': 6.03, 'Neckline': 6.050671378091872, 'Volume_Ratio': 1.7512, 'Left_Shoulder_Date': Timestamp('2024-09-03 00:00:00'), 'Left_Shoulder_Price': 7.44, 'Head_Date': Timestamp('2026-03-12 00:00:00'), 'Head_Price': 8.08, 'Right_Shoulder_Date': Timestamp('2026-04-29 00:00:00'), 'Right_Shoulder_Price': 6.59}"
2021-07-20,双顶,"{'Signal_Date': Timestamp('2021-07-20 00:00:00'), 'Break_Price': 24.75, 'Neckline': 29.5, 'Volume_Ratio': 2.5278, 'Left_Peak_Date': Timestamp('2021-03-31 00:00:00'), 'Left_Peak_Price': 35.0, 'Right_Peak_Date': Timestamp('2021-05-18 00:00:00'), 'Right_Peak_Price': 34.0, 'Valley_Date': Timestamp('2021-04-29 00:00:00'), 'Valley_Price': 29.5}"
2022-10-12,双顶,"{'Signal_Date': Timestamp('2022-10-12 00:00:00'), 'Break_Price': 15.26, 'Neckline': 17.12, 'Volume_Ratio': 2.5147, 'Left_Peak_Date': Timestamp('2022-08-26 00:00:00'), 'Left_Peak_Price': 20.25, 'Right_Peak_Date': Timestamp('2022-09-21 00:00:00'), 'Right_Peak_Price': 20.3, 'Valley_Date': Timestamp('2022-09-05 00:00:00'), 'Valley_Price': 17.12}"
2023-02-27,双顶,"{'Signal_Date': Timestamp('2023-02-27 00:00:00'), 'Break_Price': 19.84, 'Neckline': 21.3, 'Volume_Ratio': 2.041, 'Left_Peak_Date': Timestamp('2022-12-08 00:00:00'), 'Left_Peak_Price': 25.25, 'Right_Peak_Date': Timestamp('2023-01-05 00:00:00'), 'Right_Peak_Price': 25.45, 'Valley_Date': Timestamp('2022-12-20 00:00:00'), 'Valley_Price': 21.3}"
2026-04-22,双顶,"{'Signal_Date': Timestamp('2026-04-22 00:00:00'), 'Break_Price': 5.96, 'Neckline': 6.0, 'Volume_Ratio': 1.535, 'Left_Peak_Date': Timestamp('2024-03-19 00:00:00'), 'Left_Peak_Price': 7.61, 'Right_Peak_Date': Timestamp('2024-04-18 00:00:00'), 'Right_Peak_Price': 7.75, 'Valley_Date': Timestamp('2024-04-05 00:00:00'), 'Valley_Price': 6.0}"
2024-08-28,双顶,"{'Signal_Date': Timestamp('2024-08-28 00:00:00'), 'Break_Price': 6.64, 'Neckline': 6.69, 'Volume_Ratio': 1.6066, 'Left_Peak_Date': Timestamp('2024-08-02 00:00:00'), 'Left_Peak_Price': 7.78, 'Right_Peak_Date': Timestamp('2024-08-19 00:00:00'), 'Right_Peak_Price': 7.55, 'Valley_Date': Timestamp('2024-08-15 00:00:00'), 'Valley_Price': 6.69}"
2024-09-19,双顶,"{'Signal_Date': Timestamp('2024-09-19 00:00:00'), 'Break_Price': 6.33, 'Neckline': 6.34, 'Volume_Ratio': 2.9612, 'Left_Peak_Date': Timestamp('2024-08-19 00:00:00'), 'Left_Peak_Price': 7.55, 'Right_Peak_Date': Timestamp('2024-09-03 00:00:00'), 'Right_Peak_Price': 7.44, 'Valley_Date': Timestamp('2024-08-29 00:00:00'), 'Valley_Price': 6.34}"
2024-11-11,双顶,"{'Signal_Date': Timestamp('2024-11-11 00:00:00'), 'Break_Price': 8.74, 'Neckline': 8.75, 'Volume_Ratio': 1.727, 'Left_Peak_Date': Timestamp('2024-10-23 00:00:00'), 'Left_Peak_Price': 9.9, 'Right_Peak_Date': Timestamp('2024-11-08 00:00:00'), 'Right_Peak_Price': 9.96, 'Valley_Date': Timestamp('2024-11-04 00:00:00'), 'Valley_Price': 8.75}"
2026-03-20,双顶,"{'Signal_Date': Timestamp('2026-03-20 00:00:00'), 'Break_Price': 7.15, 'Neckline': 7.24, 'Volume_Ratio': 1.882, 'Left_Peak_Date': Timestamp('2024-11-08 00:00:00'), 'Left_Peak_Price': 9.96, 'Right_Peak_Date': Timestamp('2024-12-03 00:00:00'), 'Right_Peak_Price': 9.9, 'Valley_Date': Timestamp('2024-11-27 00:00:00'), 'Valley_Price': 7.24}"
2026-02-06,双顶,"{'Signal_Date': Timestamp('2026-02-06 00:00:00'), 'Break_Price': 9.99, 'Neckline': 10.2, 'Volume_Ratio': 2.2596, 'Left_Peak_Date': Timestamp('2025-05-15 00:00:00'), 'Left_Peak_Price': 10.62, 'Right_Peak_Date': Timestamp('2025-05-29 00:00:00'), 'Right_Peak_Price': 10.48, 'Valley_Date': Timestamp('2025-05-21 00:00:00'), 'Valley_Price': 10.2}"
2025-11-21,双顶,"{'Signal_Date': Timestamp('2025-11-21 00:00:00'), 'Break_Price': 10.37, 'Neckline': 10.41, 'Volume_Ratio': 1.5207, 'Left_Peak_Date': Timestamp('2025-10-02 00:00:00'), 'Left_Peak_Price': 10.61, 'Right_Peak_Date': Timestamp('2025-10-21 00:00:00'), 'Right_Peak_Price': 10.9, 'Valley_Date': Timestamp('2025-10-13 00:00:00'), 'Valley_Price': 10.41}"
2022-10-12,三重顶,"{'Signal_Date': Timestamp('2022-10-12 00:00:00'), 'Break_Price': 15.26, 'Neckline': 16.6, 'Volume_Ratio': 2.5147, 'Peak1_Date': Timestamp('2022-08-26 00:00:00'), 'Peak1_Price': 20.25, 'Peak2_Date': Timestamp('2022-09-21 00:00:00'), 'Peak2_Price': 20.3, 'Peak3_Date': Timestamp('2022-10-05 00:00:00'), 'Peak3_Price': 19.38}"
2023-06-21,三重顶,"{'Signal_Date': Timestamp('2023-06-21 00:00:00'), 'Break_Price': 11.34, 'Neckline': 11.98, 'Volume_Ratio': 1.8223, 'Peak1_Date': Timestamp('2022-09-21 00:00:00'), 'Peak1_Price': 20.3, 'Peak2_Date': Timestamp('2022-10-05 00:00:00'), 'Peak2_Price': 19.38, 'Peak3_Date': Timestamp('2022-11-18 00:00:00'), 'Peak3_Price': 20.3}"
2023-02-27,三重顶,"{'Signal_Date': Timestamp('2023-02-27 00:00:00'), 'Break_Price': 19.84, 'Neckline': 21.3, 'Volume_Ratio': 2.041, 'Peak1_Date': Timestamp('2022-12-08 00:00:00'), 'Peak1_Price': 25.25, 'Peak2_Date': Timestamp('2023-01-05 00:00:00'), 'Peak2_Price': 25.45, 'Peak3_Date': Timestamp('2023-01-27 00:00:00'), 'Peak3_Price': 26.25}"
2024-01-18,三重顶,"{'Signal_Date': Timestamp('2024-01-18 00:00:00'), 'Break_Price': 5.8, 'Neckline': 5.9, 'Volume_Ratio': 2.4444, 'Peak1_Date': Timestamp('2023-10-03 00:00:00'), 'Peak1_Price': 7.21, 'Peak2_Date': Timestamp('2023-10-12 00:00:00'), 'Peak2_Price': 7.25, 'Peak3_Date': Timestamp('2023-11-10 00:00:00'), 'Peak3_Price': 7.5}"
2024-09-19,三重顶,"{'Signal_Date': Timestamp('2024-09-19 00:00:00'), 'Break_Price': 6.33, 'Neckline': 6.34, 'Volume_Ratio': 2.9612, 'Peak1_Date': Timestamp('2024-08-02 00:00:00'), 'Peak1_Price': 7.78, 'Peak2_Date': Timestamp('2024-08-19 00:00:00'), 'Peak2_Price': 7.55, 'Peak3_Date': Timestamp('2024-09-03 00:00:00'), 'Peak3_Price': 7.44}"
2026-03-20,三重顶,"{'Signal_Date': Timestamp('2026-03-20 00:00:00'), 'Break_Price': 7.15, 'Neckline': 7.38, 'Volume_Ratio': 1.882, 'Peak1_Date': Timestamp('2024-10-08 00:00:00'), 'Peak1_Price': 10.22, 'Peak2_Date': Timestamp('2024-10-23 00:00:00'), 'Peak2_Price': 9.9, 'Peak3_Date': Timestamp('2024-11-08 00:00:00'), 'Peak3_Price': 9.96}"
2026-02-13,三重顶,"{'Signal_Date': Timestamp('2026-02-13 00:00:00'), 'Break_Price': 9.29, 'Neckline': 9.49, 'Volume_Ratio': 2.67, 'Peak1_Date': Timestamp('2025-04-23 00:00:00'), 'Peak1_Price': 10.48, 'Peak2_Date': Timestamp('2025-05-02 00:00:00'), 'Peak2_Price': 10.7, 'Peak3_Date': Timestamp('2025-05-15 00:00:00'), 'Peak3_Price': 10.62}"
2026-02-06,三重顶,"{'Signal_Date': Timestamp('2026-02-06 00:00:00'), 'Break_Price': 9.99, 'Neckline': 10.16, 'Volume_Ratio': 2.2596, 'Peak1_Date': Timestamp('2025-05-02 00:00:00'), 'Peak1_Price': 10.7, 'Peak2_Date': Timestamp('2025-05-15 00:00:00'), 'Peak2_Price': 10.62, 'Peak3_Date': Timestamp('2025-05-29 00:00:00'), 'Peak3_Price': 10.48}"
2025-11-21,三重顶,"{'Signal_Date': Timestamp('2025-11-21 00:00:00'), 'Break_Price': 10.37, 'Neckline': 10.41, 'Volume_Ratio': 1.5207, 'Peak1_Date': Timestamp('2025-10-02 00:00:00'), 'Peak1_Price': 10.61, 'Peak2_Date': Timestamp('2025-10-21 00:00:00'), 'Peak2_Price': 10.9, 'Peak3_Date': Timestamp('2025-11-11 00:00:00'), 'Peak3_Price': 11.0}"
2025-11-13,MACD顶背离 + 均线死叉,"{'Signal_Date': Timestamp('2025-11-13 00:00:00'), 'close': 10.6, 'ema5': 10.6367, 'ema20': 10.6012, 'macd_dif': 0.0338, 'macd_histogram': 0.005, 'volume_ratio5': 0.3634}"
2025-11-14,MACD顶背离 + 均线死叉,"{'Signal_Date': Timestamp('2025-11-14 00:00:00'), 'close': 10.51, 'ema5': 10.5945, 'ema20': 10.5925, 'macd_dif': 0.0223, 'macd_histogram': -0.0143, 'volume_ratio5': 0.3782}"
2025-11-17,MACD顶背离 + 均线死叉,"{'Signal_Date': Timestamp('2025-11-17 00:00:00'), 'close': 10.48, 'ema5': 10.5563, 'ema20': 10.5818, 'macd_dif': 0.0107, 'macd_histogram': -0.0301, 'volume_ratio5': 0.5188}"
2025-04-15,MACD顶背离 + 成交量萎缩,"{'Signal_Date': Timestamp('2025-04-15 00:00:00'), 'close': 9.88, 'macd_dif': 0.2032, 'macd_histogram': 0.0852, 'volume': 1148000.0, 'volume_ratio5': 0.2096}"
2025-04-16,MACD顶背离 + 成交量萎缩,"{'Signal_Date': Timestamp('2025-04-16 00:00:00'), 'close': 9.85, 'macd_dif': 0.2226, 'macd_histogram': 0.0993, 'volume': 2130000.0, 'volume_ratio5': 0.4499}"
2025-04-23,MACD顶背离 + 成交量萎缩,"{'Signal_Date': Timestamp('2025-04-23 00:00:00'), 'close': 10.28, 'macd_dif': 0.3061, 'macd_histogram': 0.1645, 'volume': 1766000.0, 'volume_ratio5': 0.555}"
2025-04-24,MACD顶背离 + 成交量萎缩,"{'Signal_Date': Timestamp('2025-04-24 00:00:00'), 'close': 10.3, 'macd_dif': 0.3273, 'macd_histogram': 0.1655, 'volume': 1258200.0, 'volume_ratio5': 0.5206}"
2025-04-25,MACD顶背离 + 成交量萎缩,"{'Signal_Date': Timestamp('2025-04-25 00:00:00'), 'close': 9.97, 'macd_dif': 0.3139, 'macd_histogram': 0.1109, 'volume': 1001000.0, 'volume_ratio5': 0.4104}"
2025-04-30,MACD顶背离 + 成交量萎缩,"{'Signal_Date': Timestamp('2025-04-30 00:00:00'), 'close': 9.6, 'macd_dif': 0.2319, 'macd_histogram': -0.0597, 'volume': 1447000.0, 'volume_ratio5': 0.6492}"
2025-05-07,MACD顶背离 + 成交量萎缩,"{'Signal_Date': Timestamp('2025-05-07 00:00:00'), 'close': 10.28, 'macd_dif': 0.2712, 'macd_histogram': 0.0156, 'volume': 2684000.0, 'volume_ratio5': 0.5266}"
2025-05-08,MACD顶背离 + 成交量萎缩,"{'Signal_Date': Timestamp('2025-05-08 00:00:00'), 'close': 10.28, 'macd_dif': 0.2728, 'macd_histogram': 0.015, 'volume': 2021000.0, 'volume_ratio5': 0.4081}"
2025-05-09,MACD顶背离 + 成交量萎缩,"{'Signal_Date': Timestamp('2025-05-09 00:00:00'), 'close': 10.26, 'macd_dif': 0.2693, 'macd_histogram': 0.0065, 'volume': 2506000.0, 'volume_ratio5': 0.5431}"
2025-05-14,MACD顶背离 + 成交量萎缩,"{'Signal_Date': Timestamp('2025-05-14 00:00:00'), 'close': 10.42, 'macd_dif': 0.2754, 'macd_histogram': 0.0115, 'volume': 2070000.0, 'volume_ratio5': 0.7794}"
2025-05-16,MACD顶背离 + 成交量萎缩,"{'Signal_Date': Timestamp('2025-05-16 00:00:00'), 'close': 10.44, 'macd_dif': 0.2747, 'macd_histogram': 0.0045, 'volume': 2396000.0, 'volume_ratio5': 0.7166}"
2025-05-19,MACD顶背离 + 成交量萎缩,"{'Signal_Date': Timestamp('2025-05-19 00:00:00'), 'close': 10.44, 'macd_dif': 0.2665, 'macd_histogram': -0.0096, 'volume': 1164638.0, 'volume_ratio5': 0.3507}"
2025-05-20,MACD顶背离 + 成交量萎缩,"{'Signal_Date': Timestamp('2025-05-20 00:00:00'), 'close': 10.46, 'macd_dif': 0.2586, 'macd_histogram': -0.0204, 'volume': 1290000.0, 'volume_ratio5': 0.4296}"
2025-05-22,MACD顶背离 + 成交量萎缩,"{'Signal_Date': Timestamp('2025-05-22 00:00:00'), 'close': 10.26, 'macd_dif': 0.2148, 'macd_histogram': -0.0765, 'volume': 1755000.0, 'volume_ratio5': 0.6358}"
2025-05-23,MACD顶背离 + 成交量萎缩,"{'Signal_Date': Timestamp('2025-05-23 00:00:00'), 'close': 10.34, 'macd_dif': 0.2004, 'macd_histogram': -0.0843, 'volume': 1226000.0, 'volume_ratio5': 0.6464}"
2025-05-26,MACD顶背离 + 成交量萎缩,"{'Signal_Date': Timestamp('2025-05-26 00:00:00'), 'close': 10.28, 'macd_dif': 0.1821, 'macd_histogram': -0.0968, 'volume': 1485000.0, 'volume_ratio5': 0.8931}"
2025-05-27,MACD顶背离 + 成交量萎缩,"{'Signal_Date': Timestamp('2025-05-27 00:00:00'), 'close': 10.3, 'macd_dif': 0.1672, 'macd_histogram': -0.1012, 'volume': 931000.0, 'volume_ratio5': 0.5391}"
2025-05-28,MACD顶背离 + 成交量萎缩,"{'Signal_Date': Timestamp('2025-05-28 00:00:00'), 'close': 10.44, 'macd_dif': 0.1648, 'macd_histogram': -0.0848, 'volume': 752000.0, 'volume_ratio5': 0.4544}"
2025-05-29,MACD顶背离 + 成交量萎缩,"{'Signal_Date': Timestamp('2025-05-29 00:00:00'), 'close': 10.44, 'macd_dif': 0.1611, 'macd_histogram': -0.0738, 'volume': 1069000.0, 'volume_ratio5': 0.8692}"
2025-07-03,MACD顶背离 + 成交量萎缩,"{'Signal_Date': Timestamp('2025-07-03 00:00:00'), 'close': 10.78, 'macd_dif': 0.1203, 'macd_histogram': 0.0294, 'volume': 588000.0, 'volume_ratio5': 0.3964}"
2025-07-08,MACD顶背离 + 成交量萎缩,"{'Signal_Date': Timestamp('2025-07-08 00:00:00'), 'close': 11.36, 'macd_dif': 0.2312, 'macd_histogram': 0.1568, 'volume': 779000.0, 'volume_ratio5': 0.4608}"
2025-07-10,MACD顶背离 + 成交量萎缩,"{'Signal_Date': Timestamp('2025-07-10 00:00:00'), 'close': 11.06, 'macd_dif': 0.2233, 'macd_histogram': 0.0878, 'volume': 1080000.0, 'volume_ratio5': 0.8024}"
2025-08-05,MACD顶背离 + 成交量萎缩,"{'Signal_Date': Timestamp('2025-08-05 00:00:00'), 'close': 10.57, 'macd_dif': -0.0195, 'macd_histogram': -0.162, 'volume': 1083000.0, 'volume_ratio5': 0.3963}"
2025-08-06,MACD顶背离 + 成交量萎缩,"{'Signal_Date': Timestamp('2025-08-06 00:00:00'), 'close': 10.54, 'macd_dif': -0.0392, 'macd_histogram': -0.1611, 'volume': 2591000.0, 'volume_ratio5': 1.0066}"
2025-08-07,MACD顶背离 + 成交量萎缩,"{'Signal_Date': Timestamp('2025-08-07 00:00:00'), 'close': 10.67, 'macd_dif': -0.0438, 'macd_histogram': -0.1363, 'volume': 1547000.0, 'volume_ratio5': 0.584}"
2025-08-08,MACD顶背离 + 成交量萎缩,"{'Signal_Date': Timestamp('2025-08-08 00:00:00'), 'close': 10.53, 'macd_dif': -0.0581, 'macd_histogram': -0.1319, 'volume': 725000.0, 'volume_ratio5': 0.327}"
2025-08-11,MACD顶背离 + 成交量萎缩,"{'Signal_Date': Timestamp('2025-08-11 00:00:00'), 'close': 10.55, 'macd_dif': -0.0671, 'macd_histogram': -0.1198, 'volume': 826000.0, 'volume_ratio5': 0.4835}"
2025-08-13,MACD顶背离 + 成交量萎缩,"{'Signal_Date': Timestamp('2025-08-13 00:00:00'), 'close': 10.6, 'macd_dif': -0.0623, 'macd_histogram': -0.0717, 'volume': 1709000.0, 'volume_ratio5': 1.0012}"
2025-08-14,MACD顶背离 + 成交量萎缩,"{'Signal_Date': Timestamp('2025-08-14 00:00:00'), 'close': 10.6, 'macd_dif': -0.0642, 'macd_histogram': -0.0604, 'volume': 1350000.0, 'volume_ratio5': 0.882}"
2025-08-15,MACD顶背离 + 成交量萎缩,"{'Signal_Date': Timestamp('2025-08-15 00:00:00'), 'close': 10.6, 'macd_dif': -0.0649, 'macd_histogram': -0.0495, 'volume': 1416000.0, 'volume_ratio5': 0.9496}"
2025-08-18,MACD顶背离 + 成交量萎缩,"{'Signal_Date': Timestamp('2025-08-18 00:00:00'), 'close': 10.73, 'macd_dif': -0.0544, 'macd_histogram': -0.0228, 'volume': 870000.0, 'volume_ratio5': 0.5339}"
2025-11-12,MACD顶背离 + 成交量萎缩,"{'Signal_Date': Timestamp('2025-11-12 00:00:00'), 'close': 10.57, 'macd_dif': 0.0387, 'macd_histogram': 0.0161, 'volume': 1267000.0, 'volume_ratio5': 0.3784}"
2025-11-13,MACD顶背离 + 成交量萎缩,"{'Signal_Date': Timestamp('2025-11-13 00:00:00'), 'close': 10.6, 'macd_dif': 0.0338, 'macd_histogram': 0.005, 'volume': 1125000.0, 'volume_ratio5': 0.3634}"
2025-11-14,MACD顶背离 + 成交量萎缩,"{'Signal_Date': Timestamp('2025-11-14 00:00:00'), 'close': 10.51, 'macd_dif': 0.0223, 'macd_histogram': -0.0143, 'volume': 990000.0, 'volume_ratio5': 0.3782}"
2025-11-17,MACD顶背离 + 成交量萎缩,"{'Signal_Date': Timestamp('2025-11-17 00:00:00'), 'close': 10.48, 'macd_dif': 0.0107, 'macd_histogram': -0.0301, 'volume': 1322100.0, 'volume_ratio5': 0.5188}"
2025-11-21,MACD顶背离 + 均线死叉 + 成交量放大破位,"{'Signal_Date': Timestamp('2025-11-21 00:00:00'), 'close': 10.37, 'ema5': 10.4579, 'ema20': 10.5377, 'macd_dif': -0.0245, 'macd_histogram': -0.0556, 'volume_ratio5': 1.5207}"
2025-04-25,RSI顶背离 + 成交量萎缩,"{'Signal_Date': Timestamp('2025-04-25 00:00:00'), 'close': 9.97, 'rsi14': 56.0465, 'volume': 1001000.0, 'volume_ratio5': 0.4104}"
2025-04-30,RSI顶背离 + 成交量萎缩,"{'Signal_Date': Timestamp('2025-04-30 00:00:00'), 'close': 9.6, 'rsi14': 59.727, 'volume': 1447000.0, 'volume_ratio5': 0.6492}"
2025-05-07,RSI顶背离 + 成交量萎缩,"{'Signal_Date': Timestamp('2025-05-07 00:00:00'), 'close': 10.28, 'rsi14': 62.4506, 'volume': 2684000.0, 'volume_ratio5': 0.5266}"
2025-05-08,RSI顶背离 + 成交量萎缩,"{'Signal_Date': Timestamp('2025-05-08 00:00:00'), 'close': 10.28, 'rsi14': 58.6957, 'volume': 2021000.0, 'volume_ratio5': 0.4081}"
2025-05-09,RSI顶背离 + 成交量萎缩,"{'Signal_Date': Timestamp('2025-05-09 00:00:00'), 'close': 10.26, 'rsi14': 58.1897, 'volume': 2506000.0, 'volume_ratio5': 0.5431}"
2025-05-12,RSI顶背离 + 成交量萎缩,"{'Signal_Date': Timestamp('2025-05-12 00:00:00'), 'close': 10.3, 'rsi14': 59.6567, 'volume': 2757774.0, 'volume_ratio5': 0.5715}"
2025-05-14,RSI顶背离 + 成交量萎缩,"{'Signal_Date': Timestamp('2025-05-14 00:00:00'), 'close': 10.42, 'rsi14': 52.9126, 'volume': 2070000.0, 'volume_ratio5': 0.7794}"
2025-08-11,RSI顶背离 + 成交量萎缩,"{'Signal_Date': Timestamp('2025-08-11 00:00:00'), 'close': 10.55, 'rsi14': 29.8413, 'volume': 826000.0, 'volume_ratio5': 0.4835}"
2025-08-13,RSI顶背离 + 成交量萎缩,"{'Signal_Date': Timestamp('2025-08-13 00:00:00'), 'close': 10.6, 'rsi14': 25.3012, 'volume': 1709000.0, 'volume_ratio5': 1.0012}"
2025-08-14,RSI顶背离 + 成交量萎缩,"{'Signal_Date': Timestamp('2025-08-14 00:00:00'), 'close': 10.6, 'rsi14': 30.0, 'volume': 1350000.0, 'volume_ratio5': 0.882}"
2025-08-15,RSI顶背离 + 成交量萎缩,"{'Signal_Date': Timestamp('2025-08-15 00:00:00'), 'close': 10.6, 'rsi14': 34.4262, 'volume': 1416000.0, 'volume_ratio5': 0.9496}"
2025-08-18,RSI顶背离 + 成交量萎缩,"{'Signal_Date': Timestamp('2025-08-18 00:00:00'), 'close': 10.73, 'rsi14': 47.0085, 'volume': 870000.0, 'volume_ratio5': 0.5339}"
2025-08-19,RSI顶背离 + 成交量萎缩,"{'Signal_Date': Timestamp('2025-08-19 00:00:00'), 'close': 10.62, 'rsi14': 40.1639, 'volume': 1004000.0, 'volume_ratio5': 0.6129}"
2025-08-20,RSI顶背离 + 成交量萎缩,"{'Signal_Date': Timestamp('2025-08-20 00:00:00'), 'close': 10.63, 'rsi14': 42.735, 'volume': 1171000.0, 'volume_ratio5': 0.9222}"
2025-08-22,RSI顶背离 + 成交量萎缩,"{'Signal_Date': Timestamp('2025-08-22 00:00:00'), 'close': 10.53, 'rsi14': 47.9592, 'volume': 1828000.0, 'volume_ratio5': 0.7597}"
2025-08-25,RSI顶背离 + 成交量萎缩,"{'Signal_Date': Timestamp('2025-08-25 00:00:00'), 'close': 10.46, 'rsi14': 44.7619, 'volume': 2267000.0, 'volume_ratio5': 0.911}"
2025-01-07,均线死叉,"{'Signal_Date': Timestamp('2025-01-07 00:00:00'), 'close': 8.96, 'ema5': 9.076, 'ema20': 9.1032, 'volume_ratio5': 1.1291}"
2025-02-25,均线死叉,"{'Signal_Date': Timestamp('2025-02-25 00:00:00'), 'close': 7.93, 'ema5': 8.2575, 'ema20': 8.2796, 'volume_ratio5': 1.264}"
2025-03-04,均线死叉,"{'Signal_Date': Timestamp('2025-03-04 00:00:00'), 'close': 8.15, 'ema5': 8.296, 'ema20': 8.3138, 'volume_ratio5': 0.3666}"
2025-04-07,均线死叉,"{'Signal_Date': Timestamp('2025-04-07 00:00:00'), 'close': 8.28, 'ema5': 8.9767, 'ema20': 9.0767, 'volume_ratio5': 5.265}"
2025-07-16,均线死叉,"{'Signal_Date': Timestamp('2025-07-16 00:00:00'), 'close': 10.6, 'ema5': 10.746, 'ema20': 10.7743, 'volume_ratio5': 2.0206}"
2025-07-31,均线死叉,"{'Signal_Date': Timestamp('2025-07-31 00:00:00'), 'close': 10.8, 'ema5': 10.9067, 'ema20': 10.9342, 'volume_ratio5': 0.8606}"
2025-10-27,均线死叉,"{'Signal_Date': Timestamp('2025-10-27 00:00:00'), 'close': 10.51, 'ema5': 10.5488, 'ema20': 10.5497, 'volume_ratio5': 0.2019}"
2025-11-04,均线死叉,"{'Signal_Date': Timestamp('2025-11-04 00:00:00'), 'close': 10.5, 'ema5': 10.5324, 'ema20': 10.5438, 'volume_ratio5': 0.5086}"
2025-11-17,均线死叉,"{'Signal_Date': Timestamp('2025-11-17 00:00:00'), 'close': 10.48, 'ema5': 10.5563, 'ema20': 10.5818, 'volume_ratio5': 0.5188}"
2025-12-09,均线死叉,"{'Signal_Date': Timestamp('2025-12-09 00:00:00'), 'close': 10.44, 'ema5': 10.4527, 'ema20': 10.4556, 'volume_ratio5': 0.6787}"
2026-01-08,均线死叉,"{'Signal_Date': Timestamp('2026-01-08 00:00:00'), 'close': 10.62, 'ema5': 10.657, 'ema20': 10.6593, 'volume_ratio5': 3.4698}"
2025-01-20,空头排列,"{'Signal_Date': Timestamp('2025-01-20 00:00:00'), 'close': 8.21, 'ema5': 8.2948, 'ema10': 8.4236, 'ema20': 8.6234, 'ema60': 8.6482, 'volume_ratio5': 1.1317}"
2025-01-21,空头排列,"{'Signal_Date': Timestamp('2025-01-21 00:00:00'), 'close': 8.2, 'ema5': 8.2632, 'ema10': 8.3829, 'ema20': 8.5831, 'ema60': 8.6335, 'volume_ratio5': 2.2388}"
2025-01-22,空头排列,"{'Signal_Date': Timestamp('2025-01-22 00:00:00'), 'close': 8.0, 'ema5': 8.1754, 'ema10': 8.3133, 'ema20': 8.5275, 'ema60': 8.6127, 'volume_ratio5': 0.8089}"
2025-01-23,空头排列,"{'Signal_Date': Timestamp('2025-01-23 00:00:00'), 'close': 7.9, 'ema5': 8.0836, 'ema10': 8.2382, 'ema20': 8.4678, 'ema60': 8.5893, 'volume_ratio5': 1.1985}"
2025-01-24,空头排列,"{'Signal_Date': Timestamp('2025-01-24 00:00:00'), 'close': 7.86, 'ema5': 8.0091, 'ema10': 8.1694, 'ema20': 8.4099, 'ema60': 8.5654, 'volume_ratio5': 0.7288}"
2025-01-27,空头排列,"{'Signal_Date': Timestamp('2025-01-27 00:00:00'), 'close': 7.98, 'ema5': 7.9994, 'ema10': 8.135, 'ema20': 8.3689, 'ema60': 8.5462, 'volume_ratio5': 0.7908}"
2025-01-28,空头排列,"{'Signal_Date': Timestamp('2025-01-28 00:00:00'), 'close': 7.9, 'ema5': 7.9663, 'ema10': 8.0922, 'ema20': 8.3243, 'ema60': 8.525, 'volume_ratio5': 0.326}"
2025-02-03,空头排列,"{'Signal_Date': Timestamp('2025-02-03 00:00:00'), 'close': 7.97, 'ema5': 7.9675, 'ema10': 8.07, 'ema20': 8.2905, 'ema60': 8.5068, 'volume_ratio5': 0.9122}"
2025-02-04,空头排列,"{'Signal_Date': Timestamp('2025-02-04 00:00:00'), 'close': 8.15, 'ema5': 8.0283, 'ema10': 8.0846, 'ema20': 8.2772, 'ema60': 8.4951, 'volume_ratio5': 1.308}"
2025-02-13,空头排列,"{'Signal_Date': Timestamp('2025-02-13 00:00:00'), 'close': 7.77, 'ema5': 8.0262, 'ema10': 8.0796, 'ema20': 8.1895, 'ema60': 8.4168, 'volume_ratio5': 0.9616}"
2025-02-14,空头排列,"{'Signal_Date': Timestamp('2025-02-14 00:00:00'), 'close': 7.97, 'ema5': 8.0075, 'ema10': 8.0597, 'ema20': 8.1686, 'ema60': 8.4021, 'volume_ratio5': 0.6314}"
2025-02-26,空头排列,"{'Signal_Date': Timestamp('2025-02-26 00:00:00'), 'close': 8.15, 'ema5': 8.2216, 'ema10': 8.2574, 'ema20': 8.2673, 'ema60': 8.3953, 'volume_ratio5': 1.1875}"
2025-09-01,空头排列,"{'Signal_Date': Timestamp('2025-09-01 00:00:00'), 'close': 10.38, 'ema5': 10.4189, 'ema10': 10.47, 'ema20': 10.5525, 'ema60': 10.5579, 'volume_ratio5': 1.0441}"
2025-09-02,空头排列,"{'Signal_Date': Timestamp('2025-09-02 00:00:00'), 'close': 10.39, 'ema5': 10.4093, 'ema10': 10.4554, 'ema20': 10.537, 'ema60': 10.5524, 'volume_ratio5': 0.9345}"
2025-09-03,空头排列,"{'Signal_Date': Timestamp('2025-09-03 00:00:00'), 'close': 10.32, 'ema5': 10.3795, 'ema10': 10.4308, 'ema20': 10.5164, 'ema60': 10.5448, 'volume_ratio5': 0.9087}"
2025-09-04,空头排列,"{'Signal_Date': Timestamp('2025-09-04 00:00:00'), 'close': 10.29, 'ema5': 10.3497, 'ema10': 10.4052, 'ema20': 10.4948, 'ema60': 10.5364, 'volume_ratio5': 1.432}"
2025-09-05,空头排列,"{'Signal_Date': Timestamp('2025-09-05 00:00:00'), 'close': 10.25, 'ema5': 10.3165, 'ema10': 10.377, 'ema20': 10.4715, 'ema60': 10.527, 'volume_ratio5': 1.2143}"
2025-09-08,空头排列,"{'Signal_Date': Timestamp('2025-09-08 00:00:00'), 'close': 10.38, 'ema5': 10.3376, 'ema10': 10.3775, 'ema20': 10.4628, 'ema60': 10.5222, 'volume_ratio5': 0.8606}"
2025-09-09,空头排列,"{'Signal_Date': Timestamp('2025-09-09 00:00:00'), 'close': 10.37, 'ema5': 10.3484, 'ema10': 10.3762, 'ema20': 10.4539, 'ema60': 10.5172, 'volume_ratio5': 0.7183}"
2025-09-10,空头排列,"{'Signal_Date': Timestamp('2025-09-10 00:00:00'), 'close': 10.35, 'ema5': 10.3489, 'ema10': 10.3714, 'ema20': 10.444, 'ema60': 10.5117, 'volume_ratio5': 0.5285}"
2025-09-19,空头排列,"{'Signal_Date': Timestamp('2025-09-19 00:00:00'), 'close': 10.29, 'ema5': 10.3453, 'ema10': 10.3657, 'ema20': 10.4088, 'ema60': 10.4845, 'volume_ratio5': 0.8819}"
2025-09-22,空头排列,"{'Signal_Date': Timestamp('2025-09-22 00:00:00'), 'close': 10.36, 'ema5': 10.3502, 'ema10': 10.3647, 'ema20': 10.4042, 'ema60': 10.4804, 'volume_ratio5': 1.6601}"
2025-09-23,空头排列,"{'Signal_Date': Timestamp('2025-09-23 00:00:00'), 'close': 10.38, 'ema5': 10.3601, 'ema10': 10.3675, 'ema20': 10.4019, 'ema60': 10.4771, 'volume_ratio5': 0.4273}"
2025-09-24,空头排列,"{'Signal_Date': Timestamp('2025-09-24 00:00:00'), 'close': 10.38, 'ema5': 10.3668, 'ema10': 10.3698, 'ema20': 10.3998, 'ema60': 10.4739, 'volume_ratio5': 0.7024}"
2025-11-24,空头排列,"{'Signal_Date': Timestamp('2025-11-24 00:00:00'), 'close': 10.4, 'ema5': 10.4386, 'ema10': 10.4869, 'ema20': 10.5246, 'ema60': 10.53, 'volume_ratio5': 0.7367}"
2025-11-25,空头排列,"{'Signal_Date': Timestamp('2025-11-25 00:00:00'), 'close': 10.32, 'ema5': 10.3991, 'ema10': 10.4566, 'ema20': 10.5051, 'ema60': 10.5231, 'volume_ratio5': 0.8377}"
2025-11-26,空头排列,"{'Signal_Date': Timestamp('2025-11-26 00:00:00'), 'close': 10.32, 'ema5': 10.3727, 'ema10': 10.4317, 'ema20': 10.4875, 'ema60': 10.5165, 'volume_ratio5': 0.527}"
2025-11-27,空头排列,"{'Signal_Date': Timestamp('2025-11-27 00:00:00'), 'close': 10.33, 'ema5': 10.3585, 'ema10': 10.4132, 'ema20': 10.4725, 'ema60': 10.5104, 'volume_ratio5': 0.5852}"
2025-11-28,空头排列,"{'Signal_Date': Timestamp('2025-11-28 00:00:00'), 'close': 10.34, 'ema5': 10.3523, 'ema10': 10.3999, 'ema20': 10.4599, 'ema60': 10.5048, 'volume_ratio5': 0.3319}"
2025-12-01,空头排列,"{'Signal_Date': Timestamp('2025-12-01 00:00:00'), 'close': 10.4, 'ema5': 10.3682, 'ema10': 10.3999, 'ema20': 10.4542, 'ema60': 10.5014, 'volume_ratio5': 0.6728}"
2025-12-02,空头排列,"{'Signal_Date': Timestamp('2025-12-02 00:00:00'), 'close': 10.43, 'ema5': 10.3888, 'ema10': 10.4054, 'ema20': 10.4519, 'ema60': 10.499, 'volume_ratio5': 0.5051}"
2026-01-29,空头排列,"{'Signal_Date': Timestamp('2026-01-29 00:00:00'), 'close': 10.33, 'ema5': 10.47, 'ema10': 10.5325, 'ema20': 10.5782, 'ema60': 10.5841, 'volume_ratio5': 1.2108}"
2026-01-30,空头排列,"{'Signal_Date': Timestamp('2026-01-30 00:00:00'), 'close': 10.37, 'ema5': 10.4367, 'ema10': 10.503, 'ema20': 10.5584, 'ema60': 10.5771, 'volume_ratio5': 0.3882}"
2026-02-02,空头排列,"{'Signal_Date': Timestamp('2026-02-02 00:00:00'), 'close': 9.76, 'ema5': 10.2111, 'ema10': 10.3679, 'ema20': 10.4823, 'ema60': 10.5503, 'volume_ratio5': 0.4704}"
2026-02-03,空头排列,"{'Signal_Date': Timestamp('2026-02-03 00:00:00'), 'close': 9.99, 'ema5': 10.1374, 'ema10': 10.2992, 'ema20': 10.4354, 'ema60': 10.532, 'volume_ratio5': 0.5863}"
2026-02-04,空头排列,"{'Signal_Date': Timestamp('2026-02-04 00:00:00'), 'close': 10.2, 'ema5': 10.1583, 'ema10': 10.2811, 'ema20': 10.413, 'ema60': 10.5211, 'volume_ratio5': 0.5828}"
2026-02-05,空头排列,"{'Signal_Date': Timestamp('2026-02-05 00:00:00'), 'close': 10.08, 'ema5': 10.1322, 'ema10': 10.2446, 'ema20': 10.3813, 'ema60': 10.5066, 'volume_ratio5': 0.7782}"
2026-02-06,空头排列,"{'Signal_Date': Timestamp('2026-02-06 00:00:00'), 'close': 9.99, 'ema5': 10.0848, 'ema10': 10.1983, 'ema20': 10.344, 'ema60': 10.4897, 'volume_ratio5': 2.2596}"
2026-02-09,空头排列,"{'Signal_Date': Timestamp('2026-02-09 00:00:00'), 'close': 10.03, 'ema5': 10.0665, 'ema10': 10.1677, 'ema20': 10.3141, 'ema60': 10.4746, 'volume_ratio5': 0.3575}"
2026-02-10,空头排列,"{'Signal_Date': Timestamp('2026-02-10 00:00:00'), 'close': 10.1, 'ema5': 10.0777, 'ema10': 10.1554, 'ema20': 10.2937, 'ema60': 10.4623, 'volume_ratio5': 0.5043}"
2026-02-11,空头排列,"{'Signal_Date': Timestamp('2026-02-11 00:00:00'), 'close': 10.1, 'ema5': 10.0851, 'ema10': 10.1453, 'ema20': 10.2753, 'ema60': 10.4504, 'volume_ratio5': 0.5705}"
2026-02-12,空头排列,"{'Signal_Date': Timestamp('2026-02-12 00:00:00'), 'close': 9.9, 'ema5': 10.0234, 'ema10': 10.1007, 'ema20': 10.2395, 'ema60': 10.4324, 'volume_ratio5': 1.2248}"
2026-02-13,空头排列,"{'Signal_Date': Timestamp('2026-02-13 00:00:00'), 'close': 9.29, 'ema5': 9.7789, 'ema10': 9.9533, 'ema20': 10.1491, 'ema60': 10.3949, 'volume_ratio5': 2.67}"
2026-02-16,空头排列,"{'Signal_Date': Timestamp('2026-02-16 00:00:00'), 'close': 9.35, 'ema5': 9.636, 'ema10': 9.8436, 'ema20': 10.073, 'ema60': 10.3607, 'volume_ratio5': 0.9068}"
2026-02-20,空头排列,"{'Signal_Date': Timestamp('2026-02-20 00:00:00'), 'close': 9.02, 'ema5': 9.4306, 'ema10': 9.6939, 'ema20': 9.9727, 'ema60': 10.3167, 'volume_ratio5': 0.3853}"
2026-02-23,空头排列,"{'Signal_Date': Timestamp('2026-02-23 00:00:00'), 'close': 9.07, 'ema5': 9.3104, 'ema10': 9.5804, 'ema20': 9.8867, 'ema60': 10.2758, 'volume_ratio5': 0.6633}"
2026-02-24,空头排列,"{'Signal_Date': Timestamp('2026-02-24 00:00:00'), 'close': 8.92, 'ema5': 9.1803, 'ema10': 9.4604, 'ema20': 9.7947, 'ema60': 10.2314, 'volume_ratio5': 0.5734}"
2026-02-25,空头排列,"{'Signal_Date': Timestamp('2026-02-25 00:00:00'), 'close': 9.07, 'ema5': 9.1435, 'ema10': 9.3894, 'ema20': 9.7257, 'ema60': 10.1933, 'volume_ratio5': 0.4949}"
2026-02-26,空头排列,"{'Signal_Date': Timestamp('2026-02-26 00:00:00'), 'close': 8.8, 'ema5': 9.029, 'ema10': 9.2822, 'ema20': 9.6375, 'ema60': 10.1476, 'volume_ratio5': 1.0857}"
2026-02-27,空头排列,"{'Signal_Date': Timestamp('2026-02-27 00:00:00'), 'close': 8.7, 'ema5': 8.9193, 'ema10': 9.1764, 'ema20': 9.5482, 'ema60': 10.1002, 'volume_ratio5': 2.8558}"
2026-03-02,空头排列,"{'Signal_Date': Timestamp('2026-03-02 00:00:00'), 'close': 8.05, 'ema5': 8.6296, 'ema10': 8.9716, 'ema20': 9.4055, 'ema60': 10.0329, 'volume_ratio5': 1.4085}"
2026-03-03,空头排列,"{'Signal_Date': Timestamp('2026-03-03 00:00:00'), 'close': 7.77, 'ema5': 8.343, 'ema10': 8.7531, 'ema20': 9.2498, 'ema60': 9.9588, 'volume_ratio5': 1.3032}"
2026-03-04,空头排列,"{'Signal_Date': Timestamp('2026-03-04 00:00:00'), 'close': 7.69, 'ema5': 8.1254, 'ema10': 8.5598, 'ema20': 9.1012, 'ema60': 9.8844, 'volume_ratio5': 1.277}"
2026-03-05,空头排列,"{'Signal_Date': Timestamp('2026-03-05 00:00:00'), 'close': 7.8, 'ema5': 8.0169, 'ema10': 8.4217, 'ema20': 8.9773, 'ema60': 9.816, 'volume_ratio5': 0.6357}"
2026-03-06,空头排列,"{'Signal_Date': Timestamp('2026-03-06 00:00:00'), 'close': 8.0, 'ema5': 8.0113, 'ema10': 8.345, 'ema20': 8.8842, 'ema60': 9.7565, 'volume_ratio5': 0.9502}"
2026-03-09,空头排列,"{'Signal_Date': Timestamp('2026-03-09 00:00:00'), 'close': 7.73, 'ema5': 7.9175, 'ema10': 8.2332, 'ema20': 8.7743, 'ema60': 9.69, 'volume_ratio5': 0.6359}"
2026-03-10,空头排列,"{'Signal_Date': Timestamp('2026-03-10 00:00:00'), 'close': 7.92, 'ema5': 7.9183, 'ema10': 8.1762, 'ema20': 8.6929, 'ema60': 9.632, 'volume_ratio5': 0.8369}"
2026-03-11,空头排列,"{'Signal_Date': Timestamp('2026-03-11 00:00:00'), 'close': 8.03, 'ema5': 7.9556, 'ema10': 8.1496, 'ema20': 8.6298, 'ema60': 9.5795, 'volume_ratio5': 0.6268}"
2026-03-12,空头排列,"{'Signal_Date': Timestamp('2026-03-12 00:00:00'), 'close': 7.91, 'ema5': 7.9404, 'ema10': 8.1061, 'ema20': 8.5612, 'ema60': 9.5247, 'volume_ratio5': 1.0467}"
2026-03-13,空头排列,"{'Signal_Date': Timestamp('2026-03-13 00:00:00'), 'close': 7.99, 'ema5': 7.9569, 'ema10': 8.085, 'ema20': 8.5068, 'ema60': 9.4744, 'volume_ratio5': 0.3747}"
2026-03-16,空头排列,"{'Signal_Date': Timestamp('2026-03-16 00:00:00'), 'close': 7.8, 'ema5': 7.9046, 'ema10': 8.0332, 'ema20': 8.4395, 'ema60': 9.4195, 'volume_ratio5': 0.7112}"
2026-03-17,空头排列,"{'Signal_Date': Timestamp('2026-03-17 00:00:00'), 'close': 7.59, 'ema5': 7.7997, 'ema10': 7.9526, 'ema20': 8.3586, 'ema60': 9.3595, 'volume_ratio5': 1.2629}"
2026-03-18,空头排列,"{'Signal_Date': Timestamp('2026-03-18 00:00:00'), 'close': 7.59, 'ema5': 7.7298, 'ema10': 7.8867, 'ema20': 8.2854, 'ema60': 9.3015, 'volume_ratio5': 0.6599}"
2026-03-19,空头排列,"{'Signal_Date': Timestamp('2026-03-19 00:00:00'), 'close': 7.25, 'ema5': 7.5699, 'ema10': 7.7709, 'ema20': 8.1868, 'ema60': 9.2343, 'volume_ratio5': 1.2227}"
2026-03-20,空头排列,"{'Signal_Date': Timestamp('2026-03-20 00:00:00'), 'close': 7.15, 'ema5': 7.4299, 'ema10': 7.658, 'ema20': 8.0881, 'ema60': 9.1659, 'volume_ratio5': 1.882}"
2026-03-23,空头排列,"{'Signal_Date': Timestamp('2026-03-23 00:00:00'), 'close': 6.99, 'ema5': 7.2833, 'ema10': 7.5366, 'ema20': 7.9835, 'ema60': 9.0946, 'volume_ratio5': 1.807}"
2026-03-24,空头排列,"{'Signal_Date': Timestamp('2026-03-24 00:00:00'), 'close': 6.92, 'ema5': 7.1622, 'ema10': 7.4245, 'ema20': 7.8822, 'ema60': 9.0233, 'volume_ratio5': 0.7848}"
2026-03-25,空头排列,"{'Signal_Date': Timestamp('2026-03-25 00:00:00'), 'close': 7.22, 'ema5': 7.1815, 'ema10': 7.3873, 'ema20': 7.8191, 'ema60': 8.9642, 'volume_ratio5': 0.6069}"
2026-03-26,空头排列,"{'Signal_Date': Timestamp('2026-03-26 00:00:00'), 'close': 6.81, 'ema5': 7.0576, 'ema10': 7.2823, 'ema20': 7.723, 'ema60': 8.8935, 'volume_ratio5': 0.8559}"
2026-03-27,空头排列,"{'Signal_Date': Timestamp('2026-03-27 00:00:00'), 'close': 6.72, 'ema5': 6.9451, 'ema10': 7.1801, 'ema20': 7.6275, 'ema60': 8.8223, 'volume_ratio5': 0.8961}"
2026-03-30,空头排列,"{'Signal_Date': Timestamp('2026-03-30 00:00:00'), 'close': 6.2, 'ema5': 6.6967, 'ema10': 7.0019, 'ema20': 7.4915, 'ema60': 8.7363, 'volume_ratio5': 2.0273}"
2026-03-31,空头排列,"{'Signal_Date': Timestamp('2026-03-31 00:00:00'), 'close': 6.3, 'ema5': 6.5645, 'ema10': 6.8743, 'ema20': 7.3781, 'ema60': 8.6564, 'volume_ratio5': 0.8057}"
2026-04-01,空头排列,"{'Signal_Date': Timestamp('2026-04-01 00:00:00'), 'close': 6.53, 'ema5': 6.553, 'ema10': 6.8117, 'ema20': 7.2973, 'ema60': 8.5867, 'volume_ratio5': 0.887}"
2026-04-02,空头排列,"{'Signal_Date': Timestamp('2026-04-02 00:00:00'), 'close': 6.32, 'ema5': 6.4753, 'ema10': 6.7223, 'ema20': 7.2042, 'ema60': 8.5124, 'volume_ratio5': 0.8349}"
2026-04-08,空头排列,"{'Signal_Date': Timestamp('2026-04-08 00:00:00'), 'close': 6.31, 'ema5': 6.4202, 'ema10': 6.6473, 'ema20': 7.1191, 'ema60': 8.4402, 'volume_ratio5': 1.3326}"
2026-04-09,空头排列,"{'Signal_Date': Timestamp('2026-04-09 00:00:00'), 'close': 6.42, 'ema5': 6.4201, 'ema10': 6.606, 'ema20': 7.0525, 'ema60': 8.3739, 'volume_ratio5': 0.503}"
2026-04-10,空头排列,"{'Signal_Date': Timestamp('2026-04-10 00:00:00'), 'close': 6.58, 'ema5': 6.4734, 'ema10': 6.6013, 'ema20': 7.0075, 'ema60': 8.3151, 'volume_ratio5': 0.7387}"
2026-04-13,空头排列,"{'Signal_Date': Timestamp('2026-04-13 00:00:00'), 'close': 6.5, 'ema5': 6.4823, 'ema10': 6.5829, 'ema20': 6.9592, 'ema60': 8.2556, 'volume_ratio5': 0.7013}"
2026-04-16,空头排列,"{'Signal_Date': Timestamp('2026-04-16 00:00:00'), 'close': 6.28, 'ema5': 6.3948, 'ema10': 6.4875, 'ema20': 6.8088, 'ema60': 8.0775, 'volume_ratio5': 0.9893}"
2026-04-17,空头排列,"{'Signal_Date': Timestamp('2026-04-17 00:00:00'), 'close': 6.27, 'ema5': 6.3532, 'ema10': 6.448, 'ema20': 6.7575, 'ema60': 8.0182, 'volume_ratio5': 1.4421}"
2026-04-20,空头排列,"{'Signal_Date': Timestamp('2026-04-20 00:00:00'), 'close': 6.17, 'ema5': 6.2921, 'ema10': 6.3974, 'ema20': 6.7015, 'ema60': 7.9576, 'volume_ratio5': 0.3947}"
2026-04-22,空头排列,"{'Signal_Date': Timestamp('2026-04-22 00:00:00'), 'close': 5.96, 'ema5': 6.1743, 'ema10': 6.2975, 'ema20': 6.5928, 'ema60': 7.8383, 'volume_ratio5': 1.535}"
2026-04-23,空头排列,"{'Signal_Date': Timestamp('2026-04-23 00:00:00'), 'close': 6.07, 'ema5': 6.1395, 'ema10': 6.2561, 'ema20': 6.5431, 'ema60': 7.7803, 'volume_ratio5': 0.8871}"
2026-04-24,空头排列,"{'Signal_Date': Timestamp('2026-04-24 00:00:00'), 'close': 6.06, 'ema5': 6.113, 'ema10': 6.2204, 'ema20': 6.497, 'ema60': 7.7239, 'volume_ratio5': 0.4918}"
2026-04-27,空头排列,"{'Signal_Date': Timestamp('2026-04-27 00:00:00'), 'close': 6.09, 'ema5': 6.1053, 'ema10': 6.1967, 'ema20': 6.4583, 'ema60': 7.6704, 'volume_ratio5': 0.3707}"
2026-04-28,空头排列,"{'Signal_Date': Timestamp('2026-04-28 00:00:00'), 'close': 6.22, 'ema5': 6.1436, 'ema10': 6.201, 'ema20': 6.4356, 'ema60': 7.6228, 'volume_ratio5': 1.11}"
2026-05-06,空头排列,"{'Signal_Date': Timestamp('2026-05-06 00:00:00'), 'close': 5.99, 'ema5': 6.14, 'ema10': 6.1773, 'ema20': 6.333, 'ema60': 7.4017, 'volume_ratio5': 1.1966}"
2026-05-07,空头排列,"{'Signal_Date': Timestamp('2026-05-07 00:00:00'), 'close': 6.14, 'ema5': 6.14, 'ema10': 6.1705, 'ema20': 6.3146, 'ema60': 7.3603, 'volume_ratio5': 0.8649}"
2026-05-08,空头排列,"{'Signal_Date': Timestamp('2026-05-08 00:00:00'), 'close': 6.03, 'ema5': 6.1033, 'ema10': 6.145, 'ema20': 6.2875, 'ema60': 7.3167, 'volume_ratio5': 1.7512}"
2026-05-11,空头排列,"{'Signal_Date': Timestamp('2026-05-11 00:00:00'), 'close': 5.98, 'ema5': 6.0622, 'ema10': 6.115, 'ema20': 6.2582, 'ema60': 7.2729, 'volume_ratio5': 0.7116}"
2026-05-12,空头排列,"{'Signal_Date': Timestamp('2026-05-12 00:00:00'), 'close': 5.88, 'ema5': 6.0015, 'ema10': 6.0722, 'ema20': 6.2222, 'ema60': 7.2272, 'volume_ratio5': 0.3872}"
2026-05-13,空头排列,"{'Signal_Date': Timestamp('2026-05-13 00:00:00'), 'close': 5.8, 'ema5': 5.9343, 'ema10': 6.0227, 'ema20': 6.182, 'ema60': 7.1804, 'volume_ratio5': 1.154}"
2026-05-14,空头排列,"{'Signal_Date': Timestamp('2026-05-14 00:00:00'), 'close': 5.7, 'ema5': 5.8562, 'ema10': 5.9641, 'ema20': 6.1361, 'ema60': 7.1319, 'volume_ratio5': 1.4773}"
2026-05-15,空头排列,"{'Signal_Date': Timestamp('2026-05-15 00:00:00'), 'close': 5.8, 'ema5': 5.8375, 'ema10': 5.9342, 'ema20': 6.1041, 'ema60': 7.0882, 'volume_ratio5': 0.5274}"
2026-05-18,空头排列,"{'Signal_Date': Timestamp('2026-05-18 00:00:00'), 'close': 5.76, 'ema5': 5.8117, 'ema10': 5.9026, 'ema20': 6.0713, 'ema60': 7.0446, 'volume_ratio5': 0.154}"
2026-05-19,空头排列,"{'Signal_Date': Timestamp('2026-05-19 00:00:00'), 'close': 5.56, 'ema5': 5.7278, 'ema10': 5.8403, 'ema20': 6.0226, 'ema60': 6.996, 'volume_ratio5': 1.4146}"
2026-05-20,空头排列,"{'Signal_Date': Timestamp('2026-05-20 00:00:00'), 'close': 5.67, 'ema5': 5.7085, 'ema10': 5.8093, 'ema20': 5.989, 'ema60': 6.9525, 'volume_ratio5': 2.0648}"
2026-05-21,空头排列,"{'Signal_Date': Timestamp('2026-05-21 00:00:00'), 'close': 5.57, 'ema5': 5.6623, 'ema10': 5.7658, 'ema20': 5.9491, 'ema60': 6.9072, 'volume_ratio5': 0.4386}"
2026-05-22,空头排列,"{'Signal_Date': Timestamp('2026-05-22 00:00:00'), 'close': 5.47, 'ema5': 5.5982, 'ema10': 5.712, 'ema20': 5.9035, 'ema60': 6.86, 'volume_ratio5': 0.8976}"
2026-05-26,空头排列,"{'Signal_Date': Timestamp('2026-05-26 00:00:00'), 'close': 5.0, 'ema5': 5.3988, 'ema10': 5.5826, 'ema20': 5.8175, 'ema60': 6.7991, 'volume_ratio5': 4.8466}"
2026-05-27,空头排列,"{'Signal_Date': Timestamp('2026-05-27 00:00:00'), 'close': 5.04, 'ema5': 5.2792, 'ema10': 5.4839, 'ema20': 5.7434, 'ema60': 6.7414, 'volume_ratio5': 1.6628}"
2026-05-28,空头排列,"{'Signal_Date': Timestamp('2026-05-28 00:00:00'), 'close': 4.84, 'ema5': 5.1328, 'ema10': 5.3668, 'ema20': 5.6574, 'ema60': 6.679, 'volume_ratio5': 0.7104}"
2026-05-29,空头排列,"{'Signal_Date': Timestamp('2026-05-29 00:00:00'), 'close': 4.71, 'ema5': 4.9919, 'ema10': 5.2474, 'ema20': 5.5671, 'ema60': 6.6145, 'volume_ratio5': 3.9105}"
2026-06-01,空头排列,"{'Signal_Date': Timestamp('2026-06-01 00:00:00'), 'close': 4.96, 'ema5': 4.9812, 'ema10': 5.1952, 'ema20': 5.5093, 'ema60': 6.5602, 'volume_ratio5': 0.272}"
2026-06-02,空头排列,"{'Signal_Date': Timestamp('2026-06-02 00:00:00'), 'close': 4.9, 'ema5': 4.9542, 'ema10': 5.1415, 'ema20': 5.4513, 'ema60': 6.5058, 'volume_ratio5': 0.2283}"
2026-06-03,空头排列,"{'Signal_Date': Timestamp('2026-06-03 00:00:00'), 'close': 4.75, 'ema5': 4.8861, 'ema10': 5.0703, 'ema20': 5.3845, 'ema60': 6.4482, 'volume_ratio5': 1.1375}"
2026-06-04,空头排列,"{'Signal_Date': Timestamp('2026-06-04 00:00:00'), 'close': 4.59, 'ema5': 4.7874, 'ema10': 4.983, 'ema20': 5.3088, 'ema60': 6.3873, 'volume_ratio5': 0.5199}"
2026-06-05,空头排列,"{'Signal_Date': Timestamp('2026-06-05 00:00:00'), 'close': 4.71, 'ema5': 4.7616, 'ema10': 4.9333, 'ema20': 5.2518, 'ema60': 6.3323, 'volume_ratio5': 0.3197}"
2026-06-08,空头排列,"{'Signal_Date': Timestamp('2026-06-08 00:00:00'), 'close': 4.69, 'ema5': 4.7377, 'ema10': 4.8891, 'ema20': 5.1983, 'ema60': 6.2785, 'volume_ratio5': 0.5972}"
2026-06-09,空头排列,"{'Signal_Date': Timestamp('2026-06-09 00:00:00'), 'close': 4.44, 'ema5': 4.6385, 'ema10': 4.8074, 'ema20': 5.1261, 'ema60': 6.2182, 'volume_ratio5': 1.3584}"
2026-06-10,空头排列,"{'Signal_Date': Timestamp('2026-06-10 00:00:00'), 'close': 4.53, 'ema5': 4.6023, 'ema10': 4.757, 'ema20': 5.0693, 'ema60': 6.1628, 'volume_ratio5': 1.0508}"
2026-06-11,空头排列,"{'Signal_Date': Timestamp('2026-06-11 00:00:00'), 'close': 4.4, 'ema5': 4.5349, 'ema10': 4.6921, 'ema20': 5.0056, 'ema60': 6.105, 'volume_ratio5': 1.1638}"
2026-06-12,空头排列,"{'Signal_Date': Timestamp('2026-06-12 00:00:00'), 'close': 4.58, 'ema5': 4.5499, 'ema10': 4.6717, 'ema20': 4.965, 'ema60': 6.055, 'volume_ratio5': 2.2126}"
2026-06-15,空头排列,"{'Signal_Date': Timestamp('2026-06-15 00:00:00'), 'close': 4.84, 'ema5': 4.6466, 'ema10': 4.7023, 'ema20': 4.9531, 'ema60': 6.0152, 'volume_ratio5': 1.1094}"
2026-06-23,空头排列,"{'Signal_Date': Timestamp('2026-06-23 00:00:00'), 'close': 4.46, 'ema5': 4.547, 'ema10': 4.6144, 'ema20': 4.8067, 'ema60': 5.797, 'volume_ratio5': 1.9536}"
2026-06-24,空头排列,"{'Signal_Date': Timestamp('2026-06-24 00:00:00'), 'close': 4.33, 'ema5': 4.4746, 'ema10': 4.5627, 'ema20': 4.7613, 'ema60': 5.7489, 'volume_ratio5': 0.6712}"
2026-06-25,空头排列,"{'Signal_Date': Timestamp('2026-06-25 00:00:00'), 'close': 4.36, 'ema5': 4.4364, 'ema10': 4.5258, 'ema20': 4.7231, 'ema60': 5.7033, 'volume_ratio5': 1.2085}"
2026-06-26,空头排列,"{'Signal_Date': Timestamp('2026-06-26 00:00:00'), 'close': 4.1, 'ema5': 4.3243, 'ema10': 4.4484, 'ema20': 4.6638, 'ema60': 5.6508, 'volume_ratio5': 1.5558}"
2026-06-29,空头排列,"{'Signal_Date': Timestamp('2026-06-29 00:00:00'), 'close': 4.15, 'ema5': 4.2662, 'ema10': 4.3942, 'ema20': 4.6148, 'ema60': 5.6016, 'volume_ratio5': 0.931}"
2026-06-30,空头排列,"{'Signal_Date': Timestamp('2026-06-30 00:00:00'), 'close': 4.0, 'ema5': 4.1775, 'ema10': 4.3225, 'ema20': 4.5563, 'ema60': 5.549, 'volume_ratio5': 0.7734}"
2026-07-02,空头排列,"{'Signal_Date': Timestamp('2026-07-02 00:00:00'), 'close': 4.14, 'ema5': 4.165, 'ema10': 4.2893, 'ema20': 4.5166, 'ema60': 5.5028, 'volume_ratio5': 0.8734}"
2026-07-03,空头排列,"{'Signal_Date': Timestamp('2026-07-03 00:00:00'), 'close': 4.38, 'ema5': 4.2366, 'ema10': 4.3058, 'ema20': 4.5036, 'ema60': 5.466, 'volume_ratio5': 0.6391}"
2026-07-06,空头排列,"{'Signal_Date': Timestamp('2026-07-06 00:00:00'), 'close': 4.44, 'ema5': 4.3044, 'ema10': 4.3302, 'ema20': 4.4976, 'ema60': 5.4324, 'volume_ratio5': 0.7501}"
2026-07-10,空头排列,"{'Signal_Date': Timestamp('2026-07-10 00:00:00'), 'close': 4.16, 'ema5': 4.2093, 'ema10': 4.2548, 'ema20': 4.3987, 'ema60': 5.2787, 'volume_ratio5': 0.6261}"
2026-07-13,空头排列,"{'Signal_Date': Timestamp('2026-07-13 00:00:00'), 'close': 4.18, 'ema5': 4.1995, 'ema10': 4.2412, 'ema20': 4.3779, 'ema60': 5.2426, 'volume_ratio5': 4.618}"
2021-06-08,趋势线跌破,"{'Signal_Date': Timestamp('2021-06-08 00:00:00'), 'Break_Price': 31.6, 'Trendline_Value': 32.29, 'Volume_Ratio': 2.16, 'Point1_Date': '2021-03-25', 'Point1_Price': 29.1, 'Point2_Date': '2021-05-11', 'Point2_Price': 31.1}"
2021-07-06,趋势线跌破,"{'Signal_Date': Timestamp('2021-07-06 00:00:00'), 'Break_Price': 28.6, 'Trendline_Value': 29.23, 'Volume_Ratio': 1.16, 'Point1_Date': '2021-05-11', 'Point1_Price': 31.1, 'Point2_Date': '2021-05-26', 'Point2_Price': 30.6}"
2021-10-11,趋势线跌破,"{'Signal_Date': Timestamp('2021-10-11 00:00:00'), 'Break_Price': 31.75, 'Trendline_Value': 31.99, 'Volume_Ratio': 0.97, 'Point1_Date': '2021-08-20', 'Point1_Price': 21.65, 'Point2_Date': '2021-10-06', 'Point2_Price': 31.0}"
2021-11-04,趋势线跌破,"{'Signal_Date': Timestamp('2021-11-04 00:00:00'), 'Break_Price': 27.65, 'Trendline_Value': 28.46, 'Volume_Ratio': 2.09, 'Point1_Date': '2021-10-06', 'Point1_Price': 31.0, 'Point2_Date': '2021-10-22', 'Point2_Price': 29.6}"
2021-11-29,趋势线跌破,"{'Signal_Date': Timestamp('2021-11-29 00:00:00'), 'Break_Price': 24.7, 'Trendline_Value': 24.79, 'Volume_Ratio': 2.6, 'Point1_Date': '2021-11-05', 'Point1_Price': 25.15, 'Point2_Date': '2021-11-15', 'Point2_Price': 25.0}"
2022-03-15,趋势线跌破,"{'Signal_Date': Timestamp('2022-03-15 00:00:00'), 'Break_Price': 14.7, 'Trendline_Value': 15.62, 'Volume_Ratio': 1.76, 'Point1_Date': '2021-12-06', 'Point1_Price': 23.05, 'Point2_Date': '2021-12-20', 'Point2_Price': 22.0}"
2022-03-14,趋势线跌破,"{'Signal_Date': Timestamp('2022-03-14 00:00:00'), 'Break_Price': 16.0, 'Trendline_Value': 17.7, 'Volume_Ratio': 2.41, 'Point1_Date': '2022-01-17', 'Point1_Price': 19.94, 'Point2_Date': '2022-01-28', 'Point2_Price': 19.5}"
2022-04-01,趋势线跌破,"{'Signal_Date': Timestamp('2022-04-01 00:00:00'), 'Break_Price': 17.74, 'Trendline_Value': 18.06, 'Volume_Ratio': 1.31, 'Point1_Date': '2022-03-15', 'Point1_Price': 14.52, 'Point2_Date': '2022-03-25', 'Point2_Price': 16.6}"
2022-04-26,趋势线跌破,"{'Signal_Date': Timestamp('2022-04-26 00:00:00'), 'Break_Price': 13.96, 'Trendline_Value': 14.3, 'Volume_Ratio': 1.68, 'Point1_Date': '2022-03-25', 'Point1_Price': 16.6, 'Point2_Date': '2022-04-11', 'Point2_Price': 15.38}"
2022-07-21,趋势线跌破,"{'Signal_Date': Timestamp('2022-07-21 00:00:00'), 'Break_Price': 20.55, 'Trendline_Value': 20.73, 'Volume_Ratio': 0.48, 'Point1_Date': '2022-05-10', 'Point1_Price': 12.5, 'Point2_Date': '2022-07-12', 'Point2_Price': 19.7}"
2022-10-13,趋势线跌破,"{'Signal_Date': Timestamp('2022-10-13 00:00:00'), 'Break_Price': 14.62, 'Trendline_Value': 14.74, 'Volume_Ratio': 0.84, 'Point1_Date': '2022-07-12', 'Point1_Price': 19.7, 'Point2_Date': '2022-08-02', 'Point2_Price': 18.58}"
2022-10-12,趋势线跌破,"{'Signal_Date': Timestamp('2022-10-12 00:00:00'), 'Break_Price': 15.26, 'Trendline_Value': 15.53, 'Volume_Ratio': 2.51, 'Point1_Date': '2022-08-02', 'Point1_Price': 18.58, 'Point2_Date': '2022-09-05', 'Point2_Price': 17.12}"
2022-10-11,趋势线跌破,"{'Signal_Date': Timestamp('2022-10-11 00:00:00'), 'Break_Price': 16.18, 'Trendline_Value': 16.27, 'Volume_Ratio': 1.27, 'Point1_Date': '2022-09-05', 'Point1_Price': 17.12, 'Point2_Date': '2022-09-27', 'Point2_Price': 16.6}"
2023-01-06,趋势线跌破,"{'Signal_Date': Timestamp('2023-01-06 00:00:00'), 'Break_Price': 22.85, 'Trendline_Value': 23.57, 'Volume_Ratio': 3.03, 'Point1_Date': '2022-11-01', 'Point1_Price': 11.98, 'Point2_Date': '2022-11-10', 'Point2_Price': 13.56}"
2022-11-28,趋势线跌破,"{'Signal_Date': Timestamp('2022-11-28 00:00:00'), 'Break_Price': 17.94, 'Trendline_Value': 18.03, 'Volume_Ratio': 0.91, 'Point1_Date': '2022-11-10', 'Point1_Price': 13.56, 'Point2_Date': '2022-11-22', 'Point2_Price': 16.54}"
2023-02-02,趋势线跌破,"{'Signal_Date': Timestamp('2023-02-02 00:00:00'), 'Break_Price': 21.5, 'Trendline_Value': 21.7, 'Volume_Ratio': 1.3, 'Point1_Date': '2022-12-20', 'Point1_Price': 21.3, 'Point2_Date': '2023-01-11', 'Point2_Price': 21.5}"
2023-02-28,趋势线跌破,"{'Signal_Date': Timestamp('2023-02-28 00:00:00'), 'Break_Price': 19.32, 'Trendline_Value': 19.56, 'Volume_Ratio': 0.76, 'Point1_Date': '2023-01-11', 'Point1_Price': 21.5, 'Point2_Date': '2023-02-06', 'Point2_Price': 20.45}"
2023-03-20,趋势线跌破,"{'Signal_Date': Timestamp('2023-03-20 00:00:00'), 'Break_Price': 17.4, 'Trendline_Value': 18.2, 'Volume_Ratio': 1.41, 'Point1_Date': '2023-02-06', 'Point1_Price': 20.45, 'Point2_Date': '2023-03-01', 'Point2_Price': 19.22}"
2023-05-17,趋势线跌破,"{'Signal_Date': Timestamp('2023-05-17 00:00:00'), 'Break_Price': 14.2, 'Trendline_Value': 14.24, 'Volume_Ratio': 1.65, 'Point1_Date': '2023-03-20', 'Point1_Price': 17.18, 'Point2_Date': '2023-05-04', 'Point2_Price': 14.9}"
2023-06-23,趋势线跌破,"{'Signal_Date': Timestamp('2023-06-23 00:00:00'), 'Break_Price': 10.34, 'Trendline_Value': 10.86, 'Volume_Ratio': 1.51, 'Point1_Date': '2023-05-04', 'Point1_Price': 14.9, 'Point2_Date': '2023-05-31', 'Point2_Price': 12.72}"
2023-06-21,趋势线跌破,"{'Signal_Date': Timestamp('2023-06-21 00:00:00'), 'Break_Price': 11.34, 'Trendline_Value': 11.57, 'Volume_Ratio': 1.82, 'Point1_Date': '2023-05-31', 'Point1_Price': 12.72, 'Point2_Date': '2023-06-12', 'Point2_Price': 12.06}"
2023-07-24,趋势线跌破,"{'Signal_Date': Timestamp('2023-07-24 00:00:00'), 'Break_Price': 10.04, 'Trendline_Value': 10.15, 'Volume_Ratio': 0.96, 'Point1_Date': '2023-06-29', 'Point1_Price': 9.41, 'Point2_Date': '2023-07-19', 'Point2_Price': 10.0}"
2023-12-01,趋势线跌破,"{'Signal_Date': Timestamp('2023-12-01 00:00:00'), 'Break_Price': 6.95, 'Trendline_Value': 7.09, 'Volume_Ratio': 1.12, 'Point1_Date': '2023-10-26', 'Point1_Price': 5.9, 'Point2_Date': '2023-11-17', 'Point2_Price': 6.63}"
2024-01-09,趋势线跌破,"{'Signal_Date': Timestamp('2024-01-09 00:00:00'), 'Break_Price': 6.0, 'Trendline_Value': 6.03, 'Volume_Ratio': 1.76, 'Point1_Date': '2023-12-11', 'Point1_Price': 6.03, 'Point2_Date': '2023-12-20', 'Point2_Price': 6.03}"
2024-01-19,趋势线跌破,"{'Signal_Date': Timestamp('2024-01-19 00:00:00'), 'Break_Price': 5.63, 'Trendline_Value': 5.64, 'Volume_Ratio': 0.96, 'Point1_Date': '2023-12-20', 'Point1_Price': 6.03, 'Point2_Date': '2024-01-10', 'Point2_Price': 5.76}"
2024-03-27,趋势线跌破,"{'Signal_Date': Timestamp('2024-03-27 00:00:00'), 'Break_Price': 6.85, 'Trendline_Value': 7.13, 'Volume_Ratio': 1.65, 'Point1_Date': '2024-01-23', 'Point1_Price': 5.21, 'Point2_Date': '2024-02-06', 'Point2_Price': 5.63}"
2024-03-22,趋势线跌破,"{'Signal_Date': Timestamp('2024-03-22 00:00:00'), 'Break_Price': 7.14, 'Trendline_Value': 7.27, 'Volume_Ratio': 1.31, 'Point1_Date': '2024-02-06', 'Point1_Price': 5.63, 'Point2_Date': '2024-03-08', 'Point2_Price': 6.76}"
2024-06-18,趋势线跌破,"{'Signal_Date': Timestamp('2024-06-18 00:00:00'), 'Break_Price': 8.29, 'Trendline_Value': 8.3, 'Volume_Ratio': 0.85, 'Point1_Date': '2024-04-05', 'Point1_Price': 6.0, 'Point2_Date': '2024-06-12', 'Point2_Price': 8.11}"
2024-09-11,趋势线跌破,"{'Signal_Date': Timestamp('2024-09-11 00:00:00'), 'Break_Price': 6.29, 'Trendline_Value': 6.35, 'Volume_Ratio': 0.94, 'Point1_Date': '2024-06-27', 'Point1_Price': 7.31, 'Point2_Date': '2024-08-15', 'Point2_Price': 6.69}"
2024-11-14,趋势线跌破,"{'Signal_Date': Timestamp('2024-11-14 00:00:00'), 'Break_Price': 8.02, 'Trendline_Value': 8.42, 'Volume_Ratio': 0.88, 'Point1_Date': '2024-09-11', 'Point1_Price': 6.04, 'Point2_Date': '2024-10-17', 'Point2_Price': 7.38}"
2026-05-26,趋势线跌破,"{'Signal_Date': Timestamp('2026-05-26 00:00:00'), 'Break_Price': 5.0, 'Trendline_Value': 5.38, 'Volume_Ratio': 4.85, 'Point1_Date': '2024-10-17', 'Point1_Price': 7.38, 'Point2_Date': '2024-11-27', 'Point2_Price': 7.24}"
2024-12-23,趋势线跌破,"{'Signal_Date': Timestamp('2024-12-23 00:00:00'), 'Break_Price': 9.17, 'Trendline_Value': 9.21, 'Volume_Ratio': 0.73, 'Point1_Date': '2024-11-27', 'Point1_Price': 7.24, 'Point2_Date': '2024-12-19', 'Point2_Price': 8.91}"
2026-02-26,趋势线跌破,"{'Signal_Date': Timestamp('2026-02-26 00:00:00'), 'Break_Price': 8.8, 'Trendline_Value': 8.84, 'Volume_Ratio': 1.09, 'Point1_Date': '2025-02-03', 'Point1_Price': 7.68, 'Point2_Date': '2025-02-13', 'Point2_Price': 7.71}"
2025-04-07,趋势线跌破,"{'Signal_Date': Timestamp('2025-04-07 00:00:00'), 'Break_Price': 8.28, 'Trendline_Value': 8.64, 'Volume_Ratio': 5.26, 'Point1_Date': '2025-02-13', 'Point1_Price': 7.71, 'Point2_Date': '2025-02-25', 'Point2_Price': 7.92}"
2026-01-28,趋势线跌破,"{'Signal_Date': Timestamp('2026-01-28 00:00:00'), 'Break_Price': 10.4, 'Trendline_Value': 10.47, 'Volume_Ratio': 4.28, 'Point1_Date': '2025-02-25', 'Point1_Price': 7.92, 'Point2_Date': '2025-04-07', 'Point2_Price': 8.23}"
2025-05-19,趋势线跌破,"{'Signal_Date': Timestamp('2025-05-19 00:00:00'), 'Break_Price': 10.44, 'Trendline_Value': 10.53, 'Volume_Ratio': 0.35, 'Point1_Date': '2025-04-07', 'Point1_Price': 8.23, 'Point2_Date': '2025-04-30', 'Point2_Price': 9.49}"
2025-05-26,趋势线跌破,"{'Signal_Date': Timestamp('2025-05-26 00:00:00'), 'Break_Price': 10.28, 'Trendline_Value': 10.37, 'Volume_Ratio': 0.89, 'Point1_Date': '2025-04-30', 'Point1_Price': 9.49, 'Point2_Date': '2025-05-21', 'Point2_Price': 10.2}"
2026-02-13,趋势线跌破,"{'Signal_Date': Timestamp('2026-02-13 00:00:00'), 'Break_Price': 9.29, 'Trendline_Value': 9.62, 'Volume_Ratio': 2.67, 'Point1_Date': '2025-05-27', 'Point1_Price': 10.2, 'Point2_Date': '2025-06-05', 'Point2_Price': 10.18}"
2025-08-01,趋势线跌破,"{'Signal_Date': Timestamp('2025-08-01 00:00:00'), 'Break_Price': 10.54, 'Trendline_Value': 10.64, 'Volume_Ratio': 1.25, 'Point1_Date': '2025-06-05', 'Point1_Price': 10.18, 'Point2_Date': '2025-06-20', 'Point2_Price': 10.3}"
2025-08-26,趋势线跌破,"{'Signal_Date': Timestamp('2025-08-26 00:00:00'), 'Break_Price': 10.45, 'Trendline_Value': 10.46, 'Volume_Ratio': 0.47, 'Point1_Date': '2025-07-17', 'Point1_Price': 10.48, 'Point2_Date': '2025-08-04', 'Point2_Price': 10.47}"
2026-03-02,趋势线跌破,"{'Signal_Date': Timestamp('2026-03-02 00:00:00'), 'Break_Price': 8.05, 'Trendline_Value': 8.12, 'Volume_Ratio': 1.41, 'Point1_Date': '2025-08-04', 'Point1_Price': 10.47, 'Point2_Date': '2025-08-21', 'Point2_Price': 10.28}"
2025-11-21,趋势线跌破,"{'Signal_Date': Timestamp('2025-11-21 00:00:00'), 'Break_Price': 10.37, 'Trendline_Value': 10.38, 'Volume_Ratio': 1.52, 'Point1_Date': '2025-09-05', 'Point1_Price': 10.22, 'Point2_Date': '2025-09-19', 'Point2_Price': 10.25}"
2025-10-31,趋势线跌破,"{'Signal_Date': Timestamp('2025-10-31 00:00:00'), 'Break_Price': 10.5, 'Trendline_Value': 10.53, 'Volume_Ratio': 1.91, 'Point1_Date': '2025-09-19', 'Point1_Price': 10.25, 'Point2_Date': '2025-10-13', 'Point2_Price': 10.41}"
2026-01-02,趋势线跌破,"{'Signal_Date': Timestamp('2026-01-02 00:00:00'), 'Break_Price': 10.65, 'Trendline_Value': 10.67, 'Volume_Ratio': 0.44, 'Point1_Date': '2025-12-01', 'Point1_Price': 10.3, 'Point2_Date': '2025-12-29', 'Point2_Price': 10.62}"
2026-05-13,趋势线跌破,"{'Signal_Date': Timestamp('2026-05-13 00:00:00'), 'Break_Price': 5.8, 'Trendline_Value': 5.82, 'Volume_Ratio': 1.15, 'Point1_Date': '2026-03-31', 'Point1_Price': 6.05, 'Point2_Date': '2026-04-22', 'Point2_Price': 5.93}"
