stock_code,week_end,action_signal,mtf_regime,market_regime,structural_regime,position,turnover,cost,weekly_return,pnl
01093,2021-01-01,REDUCE,BULLISH_WARNING,risk_on,STRUCTURAL_DIVERGENCE,0.5,0.0,0.0,0.05246422893481717,0.026232114467408585
01093,2021-01-08,REDUCE,BULLISH_WARNING,risk_on,STRUCTURAL_DIVERGENCE,0.5,0.0,0.0,0.0332326283987916,0.0166163141993958
01093,2021-01-15,REDUCE,BULLISH_WARNING,risk_on,STRUCTURAL_DIVERGENCE,0.5,0.0,0.0,-0.023391812865497075,-0.011695906432748537
01093,2021-01-22,REDUCE,BULLISH_WARNING,risk_on,STRUCTURAL_DIVERGENCE,0.5,0.0,0.0,0.09131736526946121,0.04565868263473061
01093,2021-01-29,REDUCE,BULLISH_WARNING,risk_off,STRUCTURAL_DIVERGENCE,0.5,0.0,0.0,-0.09327846364883396,-0.04663923182441698
01093,2021-02-05,REDUCE,BULLISH_WARNING,risk_on,STRUCTURAL_DIVERGENCE,0.2,0.3,0.0014310000000000002,0.033282904689863724,0.005225580937972745
01093,2021-02-12,REDUCE,BULLISH_WARNING,risk_on,STRUCTURAL_DIVERGENCE,0.5,0.3,0.00105,0.01171303074670571,0.0048065153733528555
01093,2021-02-19,EXIT,BEARISH_CONFIRMED,risk_on,STRUCTURAL_DECLINE,0.5,0.0,0.0,0.06078147612156304,0.03039073806078152
01093,2021-02-26,EXIT,BEARISH_CONFIRMED,risk_off,STRUCTURAL_DECLINE,0.0,0.5,0.0023850000000000004,-0.07366984993178716,-0.0023850000000000004
01093,2021-03-05,EXIT,BEARISH_CONFIRMED,risk_on,STRUCTURAL_DECLINE,0.0,0.0,0.0,0.026509572901325384,0.0
01093,2021-03-12,EXIT,BEARISH_CONFIRMED,risk_on,STRUCTURAL_DECLINE,0.0,0.0,0.0,0.17647058823529416,0.0
01093,2021-03-19,EXIT,BEARISH_CONFIRMED,risk_on,STRUCTURAL_DECLINE,0.0,0.0,0.0,0.017073170731707332,0.0
01093,2021-03-26,EXIT,BEARISH_CONFIRMED,risk_on,STRUCTURAL_DECLINE,0.0,0.0,0.0,-0.06594724220623505,-0.0
01093,2021-04-02,EXIT,BEARISH_CONFIRMED,risk_on,STRUCTURAL_DECLINE,0.0,0.0,0.0,0.037227214377406836,0.0
01093,2021-04-09,EXIT,BEARISH_CONFIRMED,risk_on,STRUCTURAL_DECLINE,0.0,0.0,0.0,0.012376237623762387,0.0
01093,2021-04-16,EXIT,BEARISH_CONFIRMED,neutral,STRUCTURAL_DECLINE,0.0,0.0,0.0,0.012224938875305513,0.0
01093,2021-04-23,EXIT,BEARISH_CONFIRMED,neutral,STRUCTURAL_DECLINE,0.0,0.0,0.0,0.03985507246376807,0.0
01093,2021-04-30,EXIT,BEARISH_CONFIRMED,neutral,STRUCTURAL_DECLINE,0.0,0.0,0.0,-0.03484320557491272,-0.0
01093,2021-05-07,EXIT,BEARISH_CONFIRMED,risk_off,STRUCTURAL_DECLINE,0.0,0.0,0.0,-0.014440433212996484,-0.0
01093,2021-05-14,EXIT,BEARISH_CONFIRMED,risk_off,STRUCTURAL_DECLINE,0.0,0.0,0.0,0.170940170940171,0.0
01093,2021-05-21,EXIT,BEARISH_CONFIRMED,risk_off,STRUCTURAL_DECLINE,0.0,0.0,0.0,0.027111574556829998,0.0
01093,2021-05-28,EXIT,BEARISH_CONFIRMED,neutral,STRUCTURAL_DECLINE,0.0,0.0,0.0,0.0598984771573603,0.0
01093,2021-06-04,EXIT,BEARISH_CONFIRMED,neutral,STRUCTURAL_DECLINE,0.0,0.0,0.0,0.034482758620689724,0.0
01093,2021-06-11,EXIT,BEARISH_CONFIRMED,neutral,STRUCTURAL_DECLINE,0.0,0.0,0.0,0.040740740740740744,0.0
01093,2021-06-18,EXIT,BEARISH_CONFIRMED,neutral,STRUCTURAL_DECLINE,0.0,0.0,0.0,-0.07473309608540923,-0.0
01093,2021-06-25,EXIT,BEARISH_CONFIRMED,risk_on,STRUCTURAL_DECLINE,0.0,0.0,0.0,-0.007692307692307665,-0.0
01093,2021-07-02,EXIT,BEARISH_CONFIRMED,risk_off,STRUCTURAL_DECLINE,0.0,0.0,0.0,-0.04844961240310075,-0.0
01093,2021-07-09,EXIT,BEARISH_CONFIRMED,risk_off,STRUCTURAL_DECLINE,0.0,0.0,0.0,-0.08961303462321801,-0.0
01093,2021-07-16,EXIT,BEARISH_CONFIRMED,risk_off,STRUCTURAL_DECLINE,0.0,0.0,0.0,0.08277404921700215,0.0
01093,2021-07-23,EXIT,BEARISH_CONFIRMED,risk_off,STRUCTURAL_DECLINE,0.0,0.0,0.0,-0.012396694214875992,-0.0
01093,2021-07-30,EXIT,BEARISH_CONFIRMED,risk_off,STRUCTURAL_DECLINE,0.0,0.0,0.0,-0.03138075313807542,-0.0
01093,2021-08-06,EXIT,BEARISH_CONFIRMED,risk_off,STRUCTURAL_DECLINE,0.0,0.0,0.0,0.012958963282937441,0.0
01093,2021-08-13,EXIT,BEARISH_CONFIRMED,risk_off,STRUCTURAL_DECLINE,0.0,0.0,0.0,0.03198294243070343,0.0
01093,2021-08-20,EXIT,BEARISH_CONFIRMED,risk_off,STRUCTURAL_DECLINE,0.0,0.0,0.0,-0.07851239669421484,-0.0
01093,2021-08-27,EXIT,BEARISH_CONFIRMED,risk_off,STRUCTURAL_DECLINE,0.0,0.0,0.0,-0.05717488789237668,-0.0
01093,2021-09-03,EXIT,BEARISH_CONFIRMED,risk_off,STRUCTURAL_DECLINE,0.0,0.0,0.0,0.05588585017835923,0.0
01093,2021-09-10,EXIT,BEARISH_CONFIRMED,risk_off,STRUCTURAL_DECLINE,0.0,0.0,0.0,-0.025900900900900914,-0.0
01093,2021-09-17,EXIT,BEARISH_CONFIRMED,risk_off,STRUCTURAL_DECLINE,0.0,0.0,0.0,-0.017341040462427793,-0.0
01093,2021-09-24,EXIT,BEARISH_CONFIRMED,risk_off,STRUCTURAL_DECLINE,0.0,0.0,0.0,-0.040000000000000036,-0.0
01093,2021-10-01,EXIT,BEARISH_CONFIRMED,risk_off,STRUCTURAL_DECLINE,0.0,0.0,0.0,0.004901960784313708,0.0
01093,2021-10-08,EXIT,BEARISH_CONFIRMED,risk_off,STRUCTURAL_DECLINE,0.0,0.0,0.0,-0.02073170731707319,-0.0
01093,2021-10-15,EXIT,BEARISH_CONFIRMED,risk_off,STRUCTURAL_DECLINE,0.0,0.0,0.0,-0.06475716064757153,-0.0
01093,2021-10-22,EXIT,BEARISH_CONFIRMED,neutral,STRUCTURAL_DECLINE,0.0,0.0,0.0,0.009320905459387463,0.0
01093,2021-10-29,EXIT,BEARISH_CONFIRMED,risk_off,STRUCTURAL_DECLINE,0.0,0.0,0.0,-0.07651715039577833,-0.0
01093,2021-11-05,EXIT,BEARISH_CONFIRMED,risk_off,STRUCTURAL_DECLINE,0.0,0.0,0.0,-0.0357142857142857,-0.0
01093,2021-11-12,EXIT,BEARISH_CONFIRMED,risk_off,STRUCTURAL_DECLINE,0.0,0.0,0.0,0.04740740740740734,0.0
01093,2021-11-19,EXIT,BEARISH_CONFIRMED,neutral,STRUCTURAL_DECLINE,0.0,0.0,0.0,0.012729844413012614,0.0
01093,2021-11-26,EXIT,BEARISH_CONFIRMED,risk_off,STRUCTURAL_DECLINE,0.0,0.0,0.0,0.0,0.0
01093,2021-12-03,EXIT,BEARISH_CONFIRMED,risk_off,STRUCTURAL_DECLINE,0.0,0.0,0.0,0.013966480446927276,0.0
01093,2021-12-10,EXIT,BEARISH_CONFIRMED,risk_off,STRUCTURAL_DECLINE,0.0,0.0,0.0,0.02754820936639124,0.0
01093,2021-12-17,EXIT,BEARISH_CONFIRMED,risk_off,STRUCTURAL_DECLINE,0.0,0.0,0.0,-0.06300268096514738,-0.0
01093,2021-12-24,EXIT,BEARISH_CONFIRMED,risk_off,STRUCTURAL_DECLINE,0.0,0.0,0.0,0.008583690987124415,0.0
01093,2021-12-31,EXIT,BEARISH_CONFIRMED,risk_off,STRUCTURAL_DECLINE,0.0,0.0,0.0,0.039716312056737646,0.0
01093,2022-01-07,EXIT,BEARISH_CONFIRMED,risk_off,STRUCTURAL_DECLINE,0.0,0.0,0.0,0.04229195088676674,0.0
01093,2022-01-14,EXIT,BEARISH_CONFIRMED,risk_off,STRUCTURAL_DECLINE,0.0,0.0,0.0,0.10732984293193737,0.0
01093,2022-01-21,EXIT,BEARISH_CONFIRMED,risk_off,STRUCTURAL_DECLINE,0.0,0.0,0.0,0.03191489361702127,0.0
01093,2022-01-28,EXIT,BEARISH_CONFIRMED,risk_off,STRUCTURAL_DECLINE,0.0,0.0,0.0,-0.08820160366552121,-0.0
01093,2022-02-04,EXIT,BEARISH_CONFIRMED,neutral,STRUCTURAL_DECLINE,0.0,0.0,0.0,0.05904522613065333,0.0
01093,2022-02-11,EXIT,BEARISH_CONFIRMED,neutral,STRUCTURAL_DECLINE,0.0,0.0,0.0,-0.028469750889679735,-0.0
01093,2022-02-18,EXIT,BEARISH_CONFIRMED,risk_off,STRUCTURAL_DECLINE,0.0,0.0,0.0,0.046398046398046455,0.0
01093,2022-02-25,EXIT,BEARISH_CONFIRMED,risk_off,STRUCTURAL_DECLINE,0.0,0.0,0.0,-0.05484247374562434,-0.0
01093,2022-03-04,EXIT,BEARISH_CONFIRMED,risk_off,STRUCTURAL_DECLINE,0.0,0.0,0.0,-0.051851851851851816,-0.0
01093,2022-03-11,EXIT,BEARISH_CONFIRMED,risk_off,STRUCTURAL_DECLINE,0.0,0.0,0.0,-0.04557291666666663,-0.0
01093,2022-03-18,EXIT,BEARISH_CONFIRMED,risk_off,STRUCTURAL_DECLINE,0.0,0.0,0.0,0.04229195088676674,0.0
01093,2022-03-25,EXIT,BEARISH_CONFIRMED,risk_off,STRUCTURAL_DECLINE,0.0,0.0,0.0,0.043193717277487,0.0
01093,2022-04-01,EXIT,BEARISH_CONFIRMED,risk_off,STRUCTURAL_DECLINE,0.0,0.0,0.0,-0.03387703889585947,-0.0
01093,2022-04-08,EXIT,BEARISH_CONFIRMED,risk_off,STRUCTURAL_DECLINE,0.0,0.0,0.0,-0.010389610389610393,-0.0
01093,2022-04-15,EXIT,BEARISH_CONFIRMED,risk_off,STRUCTURAL_DECLINE,0.0,0.0,0.0,-0.03280839895013121,-0.0
01093,2022-04-22,EXIT,BEARISH_CONFIRMED,risk_off,STRUCTURAL_DECLINE,0.0,0.0,0.0,-0.037991858887381325,-0.0
01093,2022-04-29,EXIT,BEARISH_CONFIRMED,risk_off,STRUCTURAL_DECLINE,0.0,0.0,0.0,-0.01833568406205921,-0.0
01093,2022-05-06,EXIT,BEARISH_CONFIRMED,risk_off,STRUCTURAL_DECLINE,0.0,0.0,0.0,-0.05603448275862066,-0.0
01093,2022-05-13,EXIT,BEARISH_CONFIRMED,risk_off,STRUCTURAL_DECLINE,0.0,0.0,0.0,0.010654490106544845,0.0
01093,2022-05-20,EXIT,BEARISH_CONFIRMED,risk_off,STRUCTURAL_DECLINE,0.0,0.0,0.0,0.01807228915662651,0.0
01093,2022-05-27,EXIT,BEARISH_CONFIRMED,risk_off,STRUCTURAL_DECLINE,0.0,0.0,0.0,-0.03698224852071008,-0.0
01093,2022-06-03,EXIT,BEARISH_CONFIRMED,risk_off,STRUCTURAL_DECLINE,0.0,0.0,0.0,-0.01075268817204289,-0.0
01093,2022-06-10,EXIT,BEARISH_CONFIRMED,risk_off,STRUCTURAL_DECLINE,0.0,0.0,0.0,-0.010869565217391353,-0.0
01093,2022-06-17,EXIT,BEARISH_CONFIRMED,risk_off,STRUCTURAL_DECLINE,0.0,0.0,0.0,-0.039246467817896424,-0.0
01093,2022-06-24,EXIT,BEARISH_CONFIRMED,risk_off,STRUCTURAL_DECLINE,0.0,0.0,0.0,0.10620915032679723,0.0
01093,2022-07-01,EXIT,BEARISH_CONFIRMED,risk_off,STRUCTURAL_DECLINE,0.0,0.0,0.0,-0.002954209748892156,-0.0
01093,2022-07-08,EXIT,BEARISH_CONFIRMED,risk_off,STRUCTURAL_DECLINE,0.0,0.0,0.0,0.1007407407407408,0.0
01093,2022-07-15,EXIT,BEARISH_CONFIRMED,risk_off,STRUCTURAL_DECLINE,0.0,0.0,0.0,-0.037685060565275874,-0.0
01093,2022-07-22,EXIT,BEARISH_CONFIRMED,risk_off,STRUCTURAL_DECLINE,0.0,0.0,0.0,0.027972027972027913,0.0
01093,2022-07-29,EXIT,BEARISH_CONFIRMED,risk_off,STRUCTURAL_DECLINE,0.0,0.0,0.0,0.027210884353741527,0.0
01093,2022-08-05,EXIT,BEARISH_CONFIRMED,neutral,STRUCTURAL_DECLINE,0.0,0.0,0.0,-0.009271523178807861,-0.0
01093,2022-08-12,EXIT,BEARISH_CONFIRMED,risk_off,STRUCTURAL_DECLINE,0.0,0.0,0.0,-0.009358288770053513,-0.0
01093,2022-08-19,EXIT,BEARISH_CONFIRMED,neutral,STRUCTURAL_DECLINE,0.0,0.0,0.0,-0.06612685560053988,-0.0
01093,2022-08-26,EXIT,BEARISH_CONFIRMED,risk_off,STRUCTURAL_DECLINE,0.0,0.0,0.0,0.011560693641618602,0.0
01093,2022-09-02,EXIT,BEARISH_CONFIRMED,risk_off,STRUCTURAL_DECLINE,0.0,0.0,0.0,-0.019999999999999907,-0.0
01093,2022-09-09,EXIT,BEARISH_CONFIRMED,risk_off,STRUCTURAL_DECLINE,0.0,0.0,0.0,0.026239067055393583,0.0
01093,2022-09-16,EXIT,BEARISH_CONFIRMED,risk_off,STRUCTURAL_DECLINE,0.0,0.0,0.0,-0.05255681818181823,-0.0
01093,2022-09-23,EXIT,BEARISH_CONFIRMED,risk_off,STRUCTURAL_DECLINE,0.0,0.0,0.0,-0.09145427286356822,-0.0
01093,2022-09-30,EXIT,BEARISH_CONFIRMED,risk_off,STRUCTURAL_DECLINE,0.0,0.0,0.0,0.12871287128712883,0.0
01093,2022-10-07,EXIT,BEARISH_CONFIRMED,risk_off,STRUCTURAL_DECLINE,0.0,0.0,0.0,-0.01754385964912286,-0.0
01093,2022-10-14,EXIT,BEARISH_CONFIRMED,risk_off,STRUCTURAL_DECLINE,0.0,0.0,0.0,0.0535714285714286,0.0
01093,2022-10-21,EXIT,BEARISH_CONFIRMED,risk_off,STRUCTURAL_DECLINE,0.0,0.0,0.0,0.07203389830508478,0.0
01093,2022-10-28,EXIT,BEARISH_CONFIRMED,risk_off,STRUCTURAL_DECLINE,0.0,0.0,0.0,-0.04216073781291174,-0.0
01093,2022-11-04,EXIT,BEARISH_CONFIRMED,risk_off,STRUCTURAL_DECLINE,0.0,0.0,0.0,0.17331499312242094,0.0
01093,2022-11-11,EXIT,BEARISH_CONFIRMED,risk_off,STRUCTURAL_DECLINE,0.0,0.0,0.0,0.0023446658851116187,0.0
01093,2022-11-18,EXIT,BEARISH_CONFIRMED,risk_off,STRUCTURAL_DECLINE,0.0,0.0,0.0,0.06666666666666643,0.0
01093,2022-11-25,EXIT,BEARISH_CONFIRMED,risk_off,STRUCTURAL_DECLINE,0.0,0.0,0.0,-0.04824561403508765,-0.0
01093,2022-12-02,EXIT,BEARISH_CONFIRMED,risk_off,STRUCTURAL_DECLINE,0.0,0.0,0.0,-0.06105990783410131,-0.0
01093,2022-12-09,EXIT,BEARISH_CONFIRMED,risk_off,STRUCTURAL_DECLINE,0.0,0.0,0.0,-0.09447852760736197,-0.0
01093,2022-12-16,EXIT,BEARISH_CONFIRMED,risk_off,STRUCTURAL_DECLINE,0.0,0.0,0.0,0.03794037940379402,0.0
01093,2022-12-23,EXIT,BEARISH_CONFIRMED,risk_off,STRUCTURAL_DECLINE,0.0,0.0,0.0,-0.03263707571801566,-0.0
01093,2022-12-30,EXIT,BEARISH_CONFIRMED,risk_off,STRUCTURAL_DECLINE,0.0,0.0,0.0,-0.020242914979757165,-0.0
01093,2023-01-06,EXIT,BEARISH_CONFIRMED,risk_off,STRUCTURAL_DECLINE,0.0,0.0,0.0,0.07162534435261714,0.0
01093,2023-01-13,EXIT,BEARISH_CONFIRMED,risk_on,STRUCTURAL_DECLINE,0.0,0.0,0.0,0.05784061696658105,0.0
01093,2023-01-20,EXIT,BEARISH_CONFIRMED,risk_on,STRUCTURAL_DECLINE,0.0,0.0,0.0,0.021871202916160293,0.0
01093,2023-01-27,EXIT,BEARISH_CONFIRMED,risk_on,STRUCTURAL_DECLINE,0.0,0.0,0.0,0.007134363852556502,0.0
01093,2023-02-03,EXIT,BEARISH_CONFIRMED,risk_on,STRUCTURAL_DECLINE,0.0,0.0,0.0,-0.030696576151121535,-0.0
01093,2023-02-10,EXIT,BEARISH_CONFIRMED,risk_on,STRUCTURAL_DECLINE,0.0,0.0,0.0,-0.040194884287454435,-0.0
01093,2023-02-17,EXIT,BEARISH_CONFIRMED,risk_on,STRUCTURAL_DECLINE,0.0,0.0,0.0,-0.008883248730964466,-0.0
01093,2023-02-24,EXIT,BEARISH_CONFIRMED,risk_off,STRUCTURAL_DECLINE,0.0,0.0,0.0,0.010243277848911658,0.0
01093,2023-03-03,EXIT,BEARISH_CONFIRMED,risk_off,STRUCTURAL_DECLINE,0.0,0.0,0.0,-0.008871989860582907,-0.0
01093,2023-03-10,EXIT,BEARISH_CONFIRMED,risk_off,STRUCTURAL_DECLINE,0.0,0.0,0.0,-0.11764705882352944,-0.0
01093,2023-03-17,EXIT,BEARISH_CONFIRMED,risk_off,STRUCTURAL_DECLINE,0.0,0.0,0.0,0.020289855072463725,0.0
01093,2023-03-24,EXIT,BEARISH_CONFIRMED,risk_off,STRUCTURAL_DECLINE,0.0,0.0,0.0,-0.048295454545454475,-0.0
01093,2023-03-31,EXIT,BEARISH_CONFIRMED,risk_off,STRUCTURAL_DECLINE,0.0,0.0,0.0,0.011940298507462588,0.0
01093,2023-04-07,EXIT,BEARISH_CONFIRMED,risk_off,STRUCTURAL_DECLINE,0.0,0.0,0.0,-0.001474926253687392,-0.0
01093,2023-04-14,EXIT,BEARISH_CONFIRMED,risk_off,STRUCTURAL_DECLINE,0.0,0.0,0.0,0.06499261447562787,0.0
01093,2023-04-21,EXIT,BEARISH_CONFIRMED,risk_off,STRUCTURAL_DECLINE,0.0,0.0,0.0,-0.03328710124826628,-0.0
01093,2023-04-28,EXIT,BEARISH_CONFIRMED,risk_off,STRUCTURAL_DECLINE,0.0,0.0,0.0,0.010043041606886627,0.0
01093,2023-05-05,EXIT,BEARISH_CONFIRMED,risk_off,STRUCTURAL_DECLINE,0.0,0.0,0.0,0.012784090909090828,0.0
01093,2023-05-12,EXIT,BEARISH_CONFIRMED,risk_off,STRUCTURAL_DECLINE,0.0,0.0,0.0,-0.05469845722300137,-0.0
01093,2023-05-19,EXIT,BEARISH_CONFIRMED,risk_off,STRUCTURAL_DECLINE,0.0,0.0,0.0,-0.03264094955489627,-0.0
01093,2023-05-26,EXIT,BEARISH_CONFIRMED,risk_off,STRUCTURAL_DECLINE,0.0,0.0,0.0,-0.03527607361963181,-0.0
01093,2023-06-02,EXIT,BEARISH_CONFIRMED,risk_off,STRUCTURAL_DECLINE,0.0,0.0,0.0,-0.06677265500794916,-0.0
01093,2023-06-09,EXIT,BEARISH_CONFIRMED,neutral,STRUCTURAL_DECLINE,0.0,0.0,0.0,0.006814310051107331,0.0
01093,2023-06-16,EXIT,BEARISH_CONFIRMED,risk_on,STRUCTURAL_DECLINE,0.0,0.0,0.0,0.040609137055837685,0.0
01093,2023-06-23,EXIT,BEARISH_CONFIRMED,risk_off,STRUCTURAL_DECLINE,0.0,0.0,0.0,-0.0536585365853659,-0.0
01093,2023-06-30,EXIT,BEARISH_CONFIRMED,risk_off,STRUCTURAL_DECLINE,0.0,0.0,0.0,0.027491408934708028,0.0
01093,2023-07-07,EXIT,BEARISH_CONFIRMED,risk_off,STRUCTURAL_DECLINE,0.0,0.0,0.0,-0.05183946488294322,-0.0
01093,2023-07-14,EXIT,BEARISH_CONFIRMED,risk_off,STRUCTURAL_DECLINE,0.0,0.0,0.0,-0.017636684303350858,-0.0
01093,2023-07-21,EXIT,BEARISH_CONFIRMED,risk_off,STRUCTURAL_DECLINE,0.0,0.0,0.0,-0.012567324955116699,-0.0
01093,2023-07-28,EXIT,BEARISH_CONFIRMED,risk_off,STRUCTURAL_DECLINE,0.0,0.0,0.0,0.040000000000000036,0.0
01093,2023-08-04,EXIT,BEARISH_CONFIRMED,risk_off,STRUCTURAL_DECLINE,0.0,0.0,0.0,-0.06468531468531469,-0.0
01093,2023-08-11,EXIT,BEARISH_CONFIRMED,risk_off,STRUCTURAL_DECLINE,0.0,0.0,0.0,-0.07663551401869151,-0.0
01093,2023-08-18,EXIT,BEARISH_CONFIRMED,risk_off,STRUCTURAL_DECLINE,0.0,0.0,0.0,-0.02429149797570851,-0.0
01093,2023-08-25,EXIT,BEARISH_CONFIRMED,risk_off,STRUCTURAL_DECLINE,0.0,0.0,0.0,0.03112033195020736,0.0
01093,2023-09-01,EXIT,BEARISH_CONFIRMED,risk_off,STRUCTURAL_DECLINE,0.0,0.0,0.0,0.02012072434607659,0.0
01093,2023-09-08,EXIT,BEARISH_CONFIRMED,risk_off,STRUCTURAL_DECLINE,0.0,0.0,0.0,-0.017751479289940808,-0.0
01093,2023-09-15,EXIT,BEARISH_CONFIRMED,risk_off,STRUCTURAL_DECLINE,0.0,0.0,0.0,0.04417670682730912,0.0
01093,2023-09-22,EXIT,BEARISH_CONFIRMED,risk_off,STRUCTURAL_DECLINE,0.0,0.0,0.0,-0.02115384615384619,-0.0
01093,2023-09-29,EXIT,BEARISH_CONFIRMED,risk_off,STRUCTURAL_DECLINE,0.0,0.0,0.0,-0.007858546168958758,-0.0
01093,2023-10-06,EXIT,BEARISH_CONFIRMED,risk_off,STRUCTURAL_DECLINE,0.0,0.0,0.0,-0.0653465346534654,-0.0
01093,2023-10-13,EXIT,BEARISH_CONFIRMED,risk_off,STRUCTURAL_DECLINE,0.0,0.0,0.0,0.06144067796610164,0.0
01093,2023-10-20,EXIT,BEARISH_CONFIRMED,risk_off,STRUCTURAL_DECLINE,0.0,0.0,0.0,-0.02395209580838331,-0.0
01093,2023-10-27,EXIT,BEARISH_CONFIRMED,risk_off,STRUCTURAL_DECLINE,0.0,0.0,0.0,0.22085889570552153,0.0
01093,2023-11-03,EXIT,BEARISH_CONFIRMED,risk_off,STRUCTURAL_DECLINE,0.0,0.0,0.0,0.045226130653266416,0.0
01093,2023-11-10,EXIT,BEARISH_CONFIRMED,risk_off,STRUCTURAL_DECLINE,0.0,0.0,0.0,-0.01602564102564108,-0.0
01093,2023-11-17,EXIT,BEARISH_CONFIRMED,neutral,STRUCTURAL_DECLINE,0.0,0.0,0.0,0.0032573289902280145,0.0
01093,2023-11-24,EXIT,BEARISH_CONFIRMED,risk_off,STRUCTURAL_DECLINE,0.0,0.0,0.0,0.016233766233766156,0.0
01093,2023-12-01,EXIT,BEARISH_CONFIRMED,risk_off,STRUCTURAL_DECLINE,0.0,0.0,0.0,0.033546325878594185,0.0
01093,2023-12-08,EXIT,BEARISH_CONFIRMED,risk_off,STRUCTURAL_DECLINE,0.0,0.0,0.0,-0.08191653786707875,-0.0
01093,2023-12-15,EXIT,BEARISH_CONFIRMED,risk_off,STRUCTURAL_DECLINE,0.0,0.0,0.0,0.07070707070707072,0.0
01093,2023-12-22,EXIT,BEARISH_CONFIRMED,risk_off,STRUCTURAL_DECLINE,0.0,0.0,0.0,-0.028301886792452935,-0.0
01093,2023-12-29,EXIT,BEARISH_CONFIRMED,neutral,STRUCTURAL_DECLINE,0.0,0.0,0.0,0.06310679611650505,0.0
01093,2024-01-05,EXIT,BEARISH_CONFIRMED,risk_off,STRUCTURAL_DECLINE,0.0,0.0,0.0,-0.013698630136986245,-0.0
01093,2024-01-12,EXIT,BEARISH_CONFIRMED,risk_off,STRUCTURAL_DECLINE,0.0,0.0,0.0,-0.09722222222222232,-0.0
01093,2024-01-19,EXIT,BEARISH_CONFIRMED,risk_off,STRUCTURAL_DECLINE,0.0,0.0,0.0,-0.10769230769230764,-0.0
01093,2024-01-26,EXIT,BEARISH_CONFIRMED,risk_off,STRUCTURAL_DECLINE,0.0,0.0,0.0,0.015325670498084198,0.0
01093,2024-02-02,EXIT,BEARISH_CONFIRMED,risk_off,STRUCTURAL_DECLINE,0.0,0.0,0.0,-0.030188679245283012,-0.0
01093,2024-02-09,EXIT,BEARISH_CONFIRMED,risk_off,STRUCTURAL_DECLINE,0.0,0.0,0.0,0.005836575875486361,0.0
01093,2024-02-16,EXIT,BEARISH_CONFIRMED,risk_off,STRUCTURAL_DECLINE,0.0,0.0,0.0,0.06769825918762074,0.0
01093,2024-02-23,EXIT,BEARISH_CONFIRMED,risk_off,STRUCTURAL_DECLINE,0.0,0.0,0.0,0.019927536231884035,0.0
01093,2024-03-01,EXIT,BEARISH_CONFIRMED,neutral,STRUCTURAL_DECLINE,0.0,0.0,0.0,-0.039076376554174064,-0.0
01093,2024-03-08,EXIT,BEARISH_CONFIRMED,neutral,STRUCTURAL_DECLINE,0.0,0.0,0.0,-0.027726432532347522,-0.0
01093,2024-03-15,EXIT,BEARISH_CONFIRMED,neutral,STRUCTURAL_DECLINE,0.0,0.0,0.0,0.14258555133079853,0.0
01093,2024-03-22,EXIT,BEARISH_CONFIRMED,neutral,STRUCTURAL_DECLINE,0.0,0.0,0.0,-0.04492512479201327,-0.0
01093,2024-03-29,EXIT,BEARISH_CONFIRMED,neutral,STRUCTURAL_DECLINE,0.0,0.0,0.0,-0.04878048780487809,-0.0
01093,2024-04-05,EXIT,BEARISH_CONFIRMED,neutral,STRUCTURAL_DECLINE,0.0,0.0,0.0,0.0,0.0
01093,2024-04-12,EXIT,BEARISH_CONFIRMED,risk_on,STRUCTURAL_DECLINE,0.0,0.0,0.0,-0.038461538461538436,-0.0
01093,2024-04-19,EXIT,BEARISH_CONFIRMED,risk_on,STRUCTURAL_DECLINE,0.0,0.0,0.0,-0.0323809523809524,-0.0
01093,2024-04-26,EXIT,BEARISH_CONFIRMED,risk_on,STRUCTURAL_DECLINE,0.0,0.0,0.0,0.16338582677165348,0.0
01093,2024-05-03,EXIT,BEARISH_CONFIRMED,risk_on,STRUCTURAL_DECLINE,0.0,0.0,0.0,0.027072758037224975,0.0
01093,2024-05-10,EXIT,BEARISH_CONFIRMED,risk_on,STRUCTURAL_DECLINE,0.0,0.0,0.0,0.016474464579901094,0.0
01093,2024-05-17,EXIT,BEARISH_CONFIRMED,risk_on,STRUCTURAL_DECLINE,0.0,0.0,0.0,-0.03889789303079416,-0.0
01093,2024-05-24,EXIT,BEARISH_CONFIRMED,risk_on,STRUCTURAL_DECLINE,0.0,0.0,0.0,-0.038785834738617075,-0.0
01093,2024-05-31,EXIT,BEARISH_CONFIRMED,risk_on,STRUCTURAL_DECLINE,0.0,0.0,0.0,0.06666666666666665,0.0
01093,2024-06-07,EXIT,BEARISH_CONFIRMED,risk_on,STRUCTURAL_DECLINE,0.0,0.0,0.0,0.06414473684210531,0.0
01093,2024-06-14,EXIT,BEARISH_CONFIRMED,risk_on,STRUCTURAL_DECLINE,0.0,0.0,0.0,-0.03091190108191655,-0.0
01093,2024-06-21,EXIT,BEARISH_CONFIRMED,risk_on,STRUCTURAL_DECLINE,0.0,0.0,0.0,-0.07655502392344493,-0.0
01093,2024-06-28,EXIT,BEARISH_CONFIRMED,risk_on,STRUCTURAL_DECLINE,0.0,0.0,0.0,-0.020725388601036343,-0.0
01093,2024-07-05,EXIT,BEARISH_CONFIRMED,risk_on,STRUCTURAL_DECLINE,0.0,0.0,0.0,0.003527336860670305,0.0
01093,2024-07-12,EXIT,BEARISH_CONFIRMED,risk_on,STRUCTURAL_DECLINE,0.0,0.0,0.0,-0.010544815465729385,-0.0
01093,2024-07-19,EXIT,BEARISH_CONFIRMED,risk_on,STRUCTURAL_DECLINE,0.0,0.0,0.0,-0.028419182948490218,-0.0
01093,2024-07-26,EXIT,BEARISH_CONFIRMED,risk_off,STRUCTURAL_DECLINE,0.0,0.0,0.0,-0.03656307129798908,-0.0
01093,2024-08-02,EXIT,BEARISH_CONFIRMED,risk_off,STRUCTURAL_DECLINE,0.0,0.0,0.0,-0.013282732447817747,-0.0
01093,2024-08-09,EXIT,BEARISH_CONFIRMED,risk_off,STRUCTURAL_DECLINE,0.0,0.0,0.0,0.023076923076922995,0.0
01093,2024-08-16,REDUCE,BULLISH_WARNING,risk_off,STRUCTURAL_DIVERGENCE,0.0,0.0,0.0,0.043233082706766846,0.0
01093,2024-08-23,REDUCE,BULLISH_WARNING,risk_off,STRUCTURAL_DIVERGENCE,0.5,0.5,0.00175,-0.24864864864864866,-0.12607432432432433
01093,2024-08-30,REDUCE,BULLISH_WARNING,risk_off,STRUCTURAL_DIVERGENCE,0.5,0.0,0.0,0.023980815347721673,0.011990407673860837
01093,2024-09-06,REDUCE,BULLISH_WARNING,risk_off,STRUCTURAL_DIVERGENCE,0.5,0.0,0.0,-0.011709601873536313,-0.005854800936768156
01093,2024-09-13,REDUCE,BULLISH_WARNING,risk_off,STRUCTURAL_DIVERGENCE,0.5,0.0,0.0,-0.04739336492891,-0.023696682464455
01093,2024-09-20,REDUCE,BULLISH_WARNING,neutral,STRUCTURAL_DIVERGENCE,0.5,0.0,0.0,0.10447761194029881,0.052238805970149405
01093,2024-09-27,REDUCE,BULLISH_WARNING,risk_off,STRUCTURAL_DIVERGENCE,0.5,0.0,0.0,0.14864864864864846,0.07432432432432423
01093,2024-10-04,REDUCE,BULLISH_WARNING,risk_off,STRUCTURAL_DIVERGENCE,0.5,0.0,0.0,0.22745098039215694,0.11372549019607847
01093,2024-10-11,REDUCE,BULLISH_WARNING,risk_off,STRUCTURAL_DIVERGENCE,0.5,0.0,0.0,0.028753993610223683,0.014376996805111841
01093,2024-10-18,REDUCE,BULLISH_WARNING,risk_off,STRUCTURAL_DIVERGENCE,0.5,0.0,0.0,-0.0652173913043479,-0.03260869565217395
01093,2024-10-25,REDUCE,BULLISH_WARNING,risk_off,STRUCTURAL_DIVERGENCE,0.5,0.0,0.0,-0.056478405315614544,-0.028239202657807272
01093,2024-11-01,REDUCE,BULLISH_WARNING,risk_off,STRUCTURAL_DIVERGENCE,0.5,0.0,0.0,-0.14084507042253513,-0.07042253521126757
01093,2024-11-08,REDUCE,BULLISH_WARNING,risk_off,STRUCTURAL_DIVERGENCE,0.2,0.3,0.0014310000000000002,0.016393442622950838,0.0018476885245901676
01093,2024-11-15,REDUCE,BULLISH_WARNING,risk_off,STRUCTURAL_BOTTOM_CANDIDATE,0.2,0.0,0.0,-0.04435483870967738,-0.008870967741935477
01093,2024-11-22,REDUCE,BULLISH_WARNING,risk_on,STRUCTURAL_BOTTOM_CANDIDATE,0.2,0.0,0.0,-0.008438818565400852,-0.0016877637130801705
01093,2024-11-29,REDUCE,BULLISH_WARNING,risk_on,STRUCTURAL_BOTTOM_CANDIDATE,0.5,0.3,0.00105,-0.004255319148936287,-0.0031776595744681434
01093,2024-12-06,REDUCE,BULLISH_WARNING,risk_on,STRUCTURAL_BOTTOM_CANDIDATE,0.5,0.0,0.0,-0.014957264957264793,-0.0074786324786323966
01093,2024-12-13,REDUCE,BULLISH_WARNING,risk_on,STRUCTURAL_BOTTOM_CANDIDATE,0.5,0.0,0.0,-0.04338394793926248,-0.02169197396963124
01093,2024-12-20,REDUCE,BULLISH_WARNING,risk_on,STRUCTURAL_BOTTOM_CANDIDATE,0.5,0.0,0.0,0.0022675736961450532,0.0011337868480725266
01093,2024-12-27,REDUCE,BULLISH_WARNING,risk_off,STRUCTURAL_BOTTOM_CANDIDATE,0.5,0.0,0.0,-0.006787330316742168,-0.003393665158371084
01093,2025-01-03,REDUCE,BULLISH_WARNING,risk_off,STRUCTURAL_BOTTOM_CANDIDATE,0.2,0.3,0.0014310000000000002,-0.04328018223234609,-0.010087036446469218
01093,2025-01-10,REDUCE,BULLISH_WARNING,risk_off,STRUCTURAL_BOTTOM_CANDIDATE,0.2,0.0,0.0,-0.05238095238095242,-0.010476190476190484
01093,2025-01-17,REDUCE,BULLISH_WARNING,risk_off,STRUCTURAL_BOTTOM_CANDIDATE,0.2,0.0,0.0,0.007537688442210921,0.0015075376884421843
01093,2025-01-24,REDUCE,BULLISH_WARNING,risk_off,STRUCTURAL_BOTTOM_CANDIDATE,0.2,0.0,0.0,0.004987531172069959,0.000997506234413992
01093,2025-01-31,REDUCE,BULLISH_WARNING,neutral,STRUCTURAL_BOTTOM_CANDIDATE,0.2,0.0,0.0,0.00992555831265518,0.001985111662531036
01093,2025-02-07,REDUCE,BULLISH_WARNING,risk_off,STRUCTURAL_BOTTOM_CANDIDATE,0.5,0.3,0.00105,0.02211302211302213,0.010006511056511064
01093,2025-02-14,REDUCE,BULLISH_WARNING,risk_off,STRUCTURAL_BOTTOM_CANDIDATE,0.2,0.3,0.0014310000000000002,0.060096153846153744,0.010588230769230749
01093,2025-02-21,REDUCE,BULLISH_WARNING,risk_off,STRUCTURAL_BOTTOM_CANDIDATE,0.2,0.0,0.0,0.04761904761904767,0.009523809523809535
01093,2025-02-28,REDUCE,BULLISH_WARNING,risk_off,STRUCTURAL_BOTTOM_CANDIDATE,0.2,0.0,0.0,-0.06493506493506485,-0.01298701298701297
01093,2025-03-07,REDUCE,BULLISH_WARNING,risk_off,STRUCTURAL_BOTTOM_CANDIDATE,0.2,0.0,0.0,0.03240740740740744,0.006481481481481488
01093,2025-03-14,REDUCE,BULLISH_WARNING,risk_off,STRUCTURAL_BOTTOM_CANDIDATE,0.2,0.0,0.0,-0.004484304932735328,-0.0008968609865470656
01093,2025-03-21,REDUCE,BULLISH_WARNING,risk_on,STRUCTURAL_BOTTOM_CANDIDATE,0.2,0.0,0.0,0.0045045045045044585,0.0009009009009008917
01093,2025-03-28,REDUCE,BULLISH_WARNING,risk_on,STRUCTURAL_BOTTOM_CANDIDATE,0.5,0.3,0.00105,0.047085201793722,0.022492600896861
01093,2025-04-04,REDUCE,BULLISH_WARNING,risk_on,STRUCTURAL_BOTTOM_CANDIDATE,0.5,0.0,0.0,0.10064239828693777,0.05032119914346889
01093,2025-04-11,REDUCE,BULLISH_WARNING,risk_off,STRUCTURAL_BOTTOM_CANDIDATE,0.5,0.0,0.0,-0.05058365758754857,-0.025291828793774285
01093,2025-04-18,REDUCE,BULLISH_WARNING,risk_off,STRUCTURAL_BOTTOM_CANDIDATE,0.2,0.3,0.0014310000000000002,0.05942622950819665,0.01045424590163933
01093,2025-04-25,REDUCE,BULLISH_WARNING,risk_off,STRUCTURAL_BOTTOM_CANDIDATE,0.2,0.0,0.0,0.1063829787234043,0.02127659574468086
01093,2025-05-02,REDUCE,BULLISH_WARNING,risk_off,STRUCTURAL_BOTTOM_CANDIDATE,0.2,0.0,0.0,0.0174825174825175,0.0034965034965035004
01093,2025-05-09,REDUCE,BULLISH_WARNING,risk_off,STRUCTURAL_BOTTOM_CANDIDATE,0.2,0.0,0.0,-0.08075601374570462,-0.016151202749140926
01093,2025-05-16,REDUCE,BULLISH_WARNING,risk_on,STRUCTURAL_BOTTOM_CANDIDATE,0.2,0.0,0.0,0.028037383177570208,0.005607476635514042
01093,2025-05-23,REDUCE,BULLISH_WARNING,neutral,STRUCTURAL_BOTTOM_CANDIDATE,0.5,0.3,0.00105,0.1327272727272728,0.06531363636363641
01093,2025-05-30,REDUCE,BULLISH_WARNING,neutral,STRUCTURAL_BOTTOM_CANDIDATE,0.5,0.0,0.0,0.2375601926163724,0.1187800963081862
01093,2025-06-06,REDUCE,BULLISH_WARNING,neutral,STRUCTURAL_BOTTOM_CANDIDATE,0.5,0.0,0.0,0.11154345006485089,0.055771725032425445
01093,2025-06-13,REDUCE,BULLISH_WARNING,neutral,STRUCTURAL_BOTTOM_CANDIDATE,0.5,0.0,0.0,-0.002333722287047757,-0.0011668611435238785
01093,2025-06-20,REDUCE,BULLISH_WARNING,neutral,STRUCTURAL_BOTTOM_CANDIDATE,0.5,0.0,0.0,-0.1426900584795322,-0.0713450292397661
01093,2025-06-27,REDUCE,BULLISH_WARNING,risk_on,STRUCTURAL_BOTTOM_CANDIDATE,0.5,0.0,0.0,0.01500682128240105,0.007503410641200525
01093,2025-07-04,REDUCE,BULLISH_WARNING,risk_on,STRUCTURAL_BOTTOM_CANDIDATE,0.5,0.0,0.0,0.056451612903225756,0.028225806451612878
01093,2025-07-11,REDUCE,BULLISH_WARNING,risk_on,STRUCTURAL_BOTTOM_CANDIDATE,0.5,0.0,0.0,-0.026717557251908386,-0.013358778625954193
01093,2025-07-18,REDUCE,BULLISH_WARNING,risk_on,STRUCTURAL_BOTTOM_CANDIDATE,0.5,0.0,0.0,0.1633986928104576,0.0816993464052288
01093,2025-07-25,REDUCE,BULLISH_WARNING,risk_on,STRUCTURAL_BOTTOM_CANDIDATE,0.5,0.0,0.0,-0.06292134831460683,-0.031460674157303414
01093,2025-08-01,REDUCE,BULLISH_WARNING,risk_on,STRUCTURAL_BOTTOM_CANDIDATE,0.5,0.0,0.0,0.15107913669064743,0.07553956834532372
01093,2025-08-08,REDUCE,BULLISH_WARNING,risk_on,STRUCTURAL_BOTTOM_CANDIDATE,0.5,0.0,0.0,0.038541666666666696,0.019270833333333348
01093,2025-08-15,HOLD,BULLISH_STABLE,risk_on,STRUCTURAL_BULLISH,0.5,0.0,0.0,0.07021063189568699,0.035105315947843496
01093,2025-08-22,HOLD,BULLISH_STABLE,risk_on,STRUCTURAL_BULLISH,0.75,0.25,0.000875,-0.04217432052483594,-0.032505740393626956
01093,2025-08-29,HOLD,BULLISH_STABLE,risk_on,STRUCTURAL_BULLISH,0.75,0.0,0.0,-0.04305283757338563,-0.03228962818003922
01093,2025-09-05,HOLD,BULLISH_STABLE,risk_on,STRUCTURAL_BULLISH,0.75,0.0,0.0,0.11451942740286314,0.08588957055214735
01093,2025-09-12,HOLD,BULLISH_STABLE,risk_on,STRUCTURAL_BULLISH,0.75,0.0,0.0,-0.07706422018348624,-0.05779816513761468
01093,2025-09-19,HOLD,BULLISH_STABLE,risk_on,STRUCTURAL_BULLISH,0.75,0.0,0.0,-0.040755467196819106,-0.03056660039761433
01093,2025-09-26,HOLD,BULLISH_STABLE,risk_on,STRUCTURAL_BULLISH,0.75,0.0,0.0,-0.08808290155440412,-0.0660621761658031
01093,2025-10-03,HOLD,BULLISH_STABLE,risk_on,STRUCTURAL_BULLISH,0.75,0.0,0.0,0.06931818181818183,0.051988636363636376
01093,2025-10-10,HOLD,BULLISH_STABLE,risk_on,STRUCTURAL_BULLISH,0.75,0.0,0.0,-0.018065887353878818,-0.013549415515409113
01093,2025-10-17,HOLD,BULLISH_STABLE,risk_off,STRUCTURAL_BULLISH,0.75,0.0,0.0,-0.06818181818181823,-0.051136363636363674
01093,2025-10-24,HOLD,BULLISH_STABLE,risk_off,STRUCTURAL_BULLISH,0.75,0.0,0.0,-0.10104529616724733,-0.0757839721254355
01093,2025-10-31,HOLD,BULLISH_STABLE,risk_on,STRUCTURAL_BULLISH,0.75,0.0,0.0,-0.03100775193798455,-0.023255813953488413
01093,2025-11-07,HOLD,BULLISH_STABLE,risk_on,STRUCTURAL_BULLISH,0.75,0.0,0.0,-0.03599999999999992,-0.02699999999999994
01093,2025-11-14,HOLD,BULLISH_STABLE,risk_on,STRUCTURAL_BULLISH,0.75,0.0,0.0,0.0774550484094052,0.0580912863070539
01093,2025-11-21,HOLD,BULLISH_STABLE,neutral,STRUCTURAL_BULLISH,0.75,0.0,0.0,-0.07188703465982027,-0.0539152759948652
01093,2025-11-28,HOLD,BULLISH_STABLE,neutral,STRUCTURAL_BULLISH,0.75,0.0,0.0,0.07330567081604422,0.054979253112033166
01093,2025-12-05,HOLD,BULLISH_STABLE,neutral,STRUCTURAL_BULLISH,0.75,0.0,0.0,-0.02577319587628868,-0.01932989690721651
01093,2025-12-12,HOLD,BULLISH_STABLE,neutral,STRUCTURAL_BULLISH,0.75,0.0,0.0,-0.006613756613756627,-0.0049603174603174705
01093,2025-12-19,HOLD,BULLISH_STABLE,neutral,STRUCTURAL_BULLISH,0.75,0.0,0.0,0.07190412782956068,0.05392809587217051
01093,2025-12-26,HOLD,BULLISH_STABLE,neutral,STRUCTURAL_BULLISH,0.75,0.0,0.0,0.07080745341614891,0.053105590062111685
01093,2026-01-02,HOLD,BULLISH_STABLE,risk_off,STRUCTURAL_BULLISH,0.75,0.0,0.0,-0.033642691415313175,-0.02523201856148488
01093,2026-01-09,HOLD,BULLISH_STABLE,neutral,STRUCTURAL_BULLISH,0.5,0.25,0.0011925000000000002,0.08403361344537807,0.04082430672268904
01093,2026-01-16,HOLD,BULLISH_STABLE,risk_on,STRUCTURAL_BULLISH,0.75,0.25,0.000875,0.07198228128460693,0.0531117109634552
01093,2026-01-23,HOLD,BULLISH_STABLE,neutral,STRUCTURAL_BULLISH,0.75,0.0,0.0,-0.0020661157024792765,-0.0015495867768594573
01093,2026-01-30,HOLD,BULLISH_STABLE,risk_on,STRUCTURAL_BULLISH,0.75,0.0,0.0,-0.021739130434782705,-0.01630434782608703
01093,2026-02-06,HOLD,BULLISH_STABLE,neutral,STRUCTURAL_BULLISH,0.75,0.0,0.0,0.006349206349206327,0.004761904761904745
01093,2026-02-13,HOLD,BULLISH_STABLE,risk_on,STRUCTURAL_BULLISH,0.75,0.0,0.0,0.04731861198738185,0.03548895899053639
01093,2026-02-20,HOLD,BULLISH_STABLE,risk_on,STRUCTURAL_BULLISH,0.75,0.0,0.0,0.041164658634538,0.0308734939759035
01093,2026-02-27,HOLD,BULLISH_STABLE,risk_on,STRUCTURAL_BULLISH,0.75,0.0,0.0,-0.05978784956605587,-0.044840887174541905
01093,2026-03-06,HOLD,BULLISH_STABLE,risk_off,STRUCTURAL_BULLISH,0.75,0.0,0.0,-0.0543589743589743,-0.040769230769230724
01093,2026-03-13,HOLD,BULLISH_STABLE,risk_off,STRUCTURAL_BULLISH,0.75,0.0,0.0,-0.08459869848156198,-0.06344902386117149
01093,2026-03-20,HOLD,BULLISH_STABLE,neutral,STRUCTURAL_BULLISH,0.75,0.0,0.0,0.0248815165876779,0.018661137440758424
01093,2026-03-27,HOLD,BULLISH_STABLE,risk_off,STRUCTURAL_BULLISH,0.75,0.0,0.0,0.05664739884393066,0.042485549132948
01093,2026-04-03,HOLD,BULLISH_STABLE,risk_off,STRUCTURAL_BULLISH,0.75,0.0,0.0,0.045951859956236296,0.03446389496717722
01093,2026-04-10,HOLD,BULLISH_STABLE,neutral,STRUCTURAL_BULLISH,0.75,0.0,0.0,-0.047071129707113135,-0.03530334728033485
01093,2026-04-17,HOLD,BULLISH_STABLE,risk_off,STRUCTURAL_BULLISH,0.75,0.0,0.0,-0.032930845225027316,-0.024698133918770487
01093,2026-04-24,HOLD,BULLISH_STABLE,risk_off,STRUCTURAL_BULLISH,0.75,0.0,0.0,0.002270147559591429,0.0017026106696935717
01093,2026-05-01,HOLD,BULLISH_STABLE,risk_off,STRUCTURAL_BULLISH,0.75,0.0,0.0,-0.0645526613816535,-0.04841449603624012
01093,2026-05-08,HOLD,BULLISH_STABLE,neutral,STRUCTURAL_BULLISH,0.75,0.0,0.0,-0.025423728813559254,-0.01906779661016944
01093,2026-05-15,REDUCE,BULLISH_WARNING,risk_off,STRUCTURAL_BULLISH,0.75,0.0,0.0,-0.052173913043478404,-0.0391304347826088
01093,2026-05-22,HOLD,BULLISH_STABLE,risk_off,STRUCTURAL_BULLISH,0.5,0.25,0.0011925000000000002,-0.011795543905635641,-0.007090271952817821
01093,2026-05-29,HOLD,BULLISH_STABLE,risk_off,STRUCTURAL_BULLISH,0.75,0.25,0.000875,-0.025198938992042508,-0.01977420424403188
01093,2026-06-05,HOLD,BULLISH_STABLE,risk_off,STRUCTURAL_BULLISH,0.75,0.0,0.0,-0.03537414965986396,-0.026530612244897972
01093,2026-06-12,HOLD,BULLISH_STABLE,risk_off,STRUCTURAL_BULLISH,0.75,0.0,0.0,0.0,0.0
01093,2026-06-19,HOLD,BULLISH_STABLE,risk_off,STRUCTURAL_BULLISH,0.75,0.0,0.0,-0.049365303244005565,-0.037023977433004174
01093,2026-06-26,HOLD,BULLISH_STABLE,risk_off,STRUCTURAL_BULLISH,0.75,0.0,0.0,-0.007418397626112738,-0.005563798219584554
01093,2026-07-03,HOLD,BULLISH_STABLE,risk_off,STRUCTURAL_BULLISH,0.75,0.0,0.0,0.19581464872944676,0.14686098654708507
01093,2026-07-10,HOLD,BULLISH_STABLE,risk_off,STRUCTURAL_BULLISH,0.75,0.0,0.0,0.013749999999999929,0.010312499999999947
01093,2026-07-17,HOLD,BULLISH_STABLE,risk_off,STRUCTURAL_BULLISH,0.75,0.0,0.0,-0.0012330456226880004,-0.0009247842170160003
01093,2026-07-24,HOLD,BULLISH_STABLE,risk_off,STRUCTURAL_BULLISH,0.75,0.0,0.0,0.05555555555555558,0.041666666666666685
01093,2026-07-31,HOLD,BULLISH_STABLE,neutral,STRUCTURAL_BULLISH,0.75,0.0,0.0,0.0035087719298245723,0.0026315789473684292
01093,2026-08-07,HOLD,BULLISH_STABLE,risk_off,STRUCTURAL_BULLISH,0.75,0.0,0.0,0.012820512820512775,0.009615384615384581
01093,2026-08-14,HOLD,BULLISH_STABLE,risk_off,STRUCTURAL_BULLISH,0.75,0.0,0.0,0.0,0.0
