stock_code,stock_name,decision_date,structural_regime,monthly_behavior_state,tactical_signal,chip_stability_confidence,mtf_regime,qcfp_score,structure_behavior_alignment,market_context,data_quality,catalyst_score,align_method,action_signal,base_action,base_target,risk_level,des_score,des_band,final_action,final_target,risk_override_active,alignment_override,risk_score,risk_reasons
01951,锦鑫生殖,2019-06-28,STATE_UNDETERMINED,,Consolidation,Low,DATA_INSUFFICIENT,,Unknown,neutral,,0.0,data_insufficient,WAIT,WAIT,0.0,Extreme,0,NORMAL,WAIT,0.0,0,0,5,基础:DATA_INSUFFICIENT(4)；置信度Low+1
01951,锦鑫生殖,2019-07-05,STATE_UNDETERMINED,,Consolidation,Low,DATA_INSUFFICIENT,,Unknown,risk_off,C,0.0,data_insufficient,WAIT,WAIT,0.0,Extreme,0,NORMAL,WAIT,0.0,0,0,7,基础:DATA_INSUFFICIENT(4)；市场risk_off+1；数据质量C+1；置信度Low+1
01951,锦鑫生殖,2019-07-12,STATE_UNDETERMINED,,Consolidation,Low,DATA_INSUFFICIENT,,Unknown,risk_off,C,0.0,data_insufficient,WAIT,WAIT,0.0,Extreme,0,NORMAL,WAIT,0.0,0,0,7,基础:DATA_INSUFFICIENT(4)；市场risk_off+1；数据质量C+1；置信度Low+1
01951,锦鑫生殖,2019-07-19,STATE_UNDETERMINED,,Consolidation,Low,DATA_INSUFFICIENT,,Unknown,risk_off,C,0.0,data_insufficient,WAIT,WAIT,0.0,Extreme,0,NORMAL,WAIT,0.0,0,0,7,基础:DATA_INSUFFICIENT(4)；市场risk_off+1；数据质量C+1；置信度Low+1
01951,锦鑫生殖,2019-07-26,STATE_UNDETERMINED,,Consolidation,Low,DATA_INSUFFICIENT,,Unknown,risk_off,C,0.0,data_insufficient,WAIT,WAIT,0.0,Extreme,0,NORMAL,WAIT,0.0,0,0,7,基础:DATA_INSUFFICIENT(4)；市场risk_off+1；数据质量C+1；置信度Low+1
01951,锦鑫生殖,2019-08-02,STATE_UNDETERMINED,,Consolidation,Low,DATA_INSUFFICIENT,,Unknown,risk_off,C,0.0,data_insufficient,WAIT,WAIT,0.0,Extreme,0,NORMAL,WAIT,0.0,0,0,7,基础:DATA_INSUFFICIENT(4)；市场risk_off+1；数据质量C+1；置信度Low+1
01951,锦鑫生殖,2019-08-09,STATE_UNDETERMINED,,Consolidation,Low,DATA_INSUFFICIENT,,Unknown,risk_off,C,0.0,data_insufficient,WAIT,WAIT,0.0,Extreme,0,NORMAL,WAIT,0.0,0,0,7,基础:DATA_INSUFFICIENT(4)；市场risk_off+1；数据质量C+1；置信度Low+1
01951,锦鑫生殖,2019-08-16,STATE_UNDETERMINED,,Pullback,Low,DATA_INSUFFICIENT,,Unknown,risk_off,C,0.0,data_insufficient,WAIT,WAIT,0.0,Extreme,1,NORMAL,WAIT,0.0,0,0,7,基础:DATA_INSUFFICIENT(4)；市场risk_off+1；数据质量C+1；置信度Low+1
01951,锦鑫生殖,2019-08-23,STATE_UNDETERMINED,,Consolidation,Low,DATA_INSUFFICIENT,,Unknown,risk_off,C,0.0,data_insufficient,WAIT,WAIT,0.0,Extreme,0,NORMAL,WAIT,0.0,0,0,7,基础:DATA_INSUFFICIENT(4)；市场risk_off+1；数据质量C+1；置信度Low+1
01951,锦鑫生殖,2019-08-30,STATE_UNDETERMINED,,Consolidation,Low,DATA_INSUFFICIENT,,Unknown,risk_off,C,0.0,data_insufficient,WAIT,WAIT,0.0,Extreme,0,NORMAL,WAIT,0.0,0,0,7,基础:DATA_INSUFFICIENT(4)；市场risk_off+1；数据质量C+1；置信度Low+1
01951,锦鑫生殖,2019-09-06,STATE_UNDETERMINED,Deteriorating,Consolidation,Low,DATA_INSUFFICIENT,,Unknown,risk_off,C,0.0,data_insufficient,WAIT,WAIT,0.0,Extreme,0,NORMAL,WAIT,0.0,0,0,7,基础:DATA_INSUFFICIENT(4)；市场risk_off+1；数据质量C+1；置信度Low+1
01951,锦鑫生殖,2019-09-13,STATE_UNDETERMINED,Deteriorating,Consolidation,Low,DATA_INSUFFICIENT,,Unknown,risk_off,C,0.0,data_insufficient,WAIT,WAIT,0.0,Extreme,0,NORMAL,WAIT,0.0,0,0,7,基础:DATA_INSUFFICIENT(4)；市场risk_off+1；数据质量C+1；置信度Low+1
01951,锦鑫生殖,2019-09-20,STATE_UNDETERMINED,Deteriorating,Consolidation,Low,DATA_INSUFFICIENT,,Unknown,risk_off,C,0.0,data_insufficient,WAIT,WAIT,0.0,Extreme,0,NORMAL,WAIT,0.0,0,0,7,基础:DATA_INSUFFICIENT(4)；市场risk_off+1；数据质量C+1；置信度Low+1
01951,锦鑫生殖,2019-09-27,STATE_UNDETERMINED,Deteriorating,Consolidation,Low,DATA_INSUFFICIENT,,Unknown,risk_off,C,0.0,data_insufficient,WAIT,WAIT,0.0,Extreme,0,NORMAL,WAIT,0.0,0,0,7,基础:DATA_INSUFFICIENT(4)；市场risk_off+1；数据质量C+1；置信度Low+1
01951,锦鑫生殖,2019-10-04,STATE_UNDETERMINED,Improving,Consolidation,Low,DATA_INSUFFICIENT,,Unknown,risk_off,C,0.0,data_insufficient,WAIT,WAIT,0.0,Extreme,0,NORMAL,WAIT,0.0,0,0,7,基础:DATA_INSUFFICIENT(4)；市场risk_off+1；数据质量C+1；置信度Low+1
01951,锦鑫生殖,2019-10-11,STATE_UNDETERMINED,Improving,Consolidation,Low,DATA_INSUFFICIENT,,Unknown,risk_off,C,0.0,data_insufficient,WAIT,WAIT,0.0,Extreme,0,NORMAL,WAIT,0.0,0,0,7,基础:DATA_INSUFFICIENT(4)；市场risk_off+1；数据质量C+1；置信度Low+1
01951,锦鑫生殖,2019-10-18,STATE_UNDETERMINED,Improving,Consolidation,Low,DATA_INSUFFICIENT,,Unknown,risk_off,C,0.0,data_insufficient,WAIT,WAIT,0.0,Extreme,0,NORMAL,WAIT,0.0,0,0,7,基础:DATA_INSUFFICIENT(4)；市场risk_off+1；数据质量C+1；置信度Low+1
01951,锦鑫生殖,2019-10-25,STATE_UNDETERMINED,Improving,Consolidation,Low,DATA_INSUFFICIENT,,Unknown,risk_off,C,0.0,data_insufficient,WAIT,WAIT,0.0,Extreme,0,NORMAL,WAIT,0.0,0,0,7,基础:DATA_INSUFFICIENT(4)；市场risk_off+1；数据质量C+1；置信度Low+1
01951,锦鑫生殖,2019-11-01,STATE_UNDETERMINED,Improving,Consolidation,Low,DATA_INSUFFICIENT,,Unknown,risk_on,C,0.0,data_insufficient,WAIT,WAIT,0.0,Extreme,0,NORMAL,WAIT,0.0,0,0,6,基础:DATA_INSUFFICIENT(4)；数据质量C+1；置信度Low+1
01951,锦鑫生殖,2019-11-08,STATE_UNDETERMINED,Improving,Consolidation,Low,DATA_INSUFFICIENT,,Unknown,risk_on,C,0.0,data_insufficient,WAIT,WAIT,0.0,Extreme,0,NORMAL,WAIT,0.0,0,0,6,基础:DATA_INSUFFICIENT(4)；数据质量C+1；置信度Low+1
01951,锦鑫生殖,2019-11-15,STRUCTURAL_ACCUMULATION,Improving,Pullback,Low,BULLISH_STABLE,75.0,Aligned,neutral,C,0.0,fallback,HOLD,HOLD,0.75,Medium,0,NORMAL,HOLD,0.75,0,0,3,基础:BULLISH_STABLE(1)；数据质量C+1；置信度Low+1
01951,锦鑫生殖,2019-11-22,STRUCTURAL_ACCUMULATION,Improving,Consolidation,Low,BULLISH_STABLE,75.0,Aligned,risk_on,C,0.0,matrix,HOLD,HOLD,0.75,Medium,0,NORMAL,HOLD,0.75,0,0,3,基础:BULLISH_STABLE(1)；数据质量C+1；置信度Low+1
01951,锦鑫生殖,2019-11-29,STRUCTURAL_ACCUMULATION,Improving,Consolidation,Low,BULLISH_STABLE,75.0,Aligned,neutral,C,0.0,matrix,HOLD,HOLD,0.75,Medium,3,WATCH,HOLD,0.75,0,0,3,基础:BULLISH_STABLE(1)；数据质量C+1；置信度Low+1
01951,锦鑫生殖,2019-12-06,STRUCTURAL_ACCUMULATION,Deteriorating,Consolidation,High,BULLISH_STABLE,75.0,Divergence,risk_off,C,1.0,fallback,HOLD,HOLD,0.5,High,4,WATCH,HOLD,0.5,0,0,4,基础:BULLISH_STABLE(1)；结构-行为背离+1；市场risk_off+1；数据质量C+1
01951,锦鑫生殖,2019-12-13,STRUCTURAL_ACCUMULATION,Deteriorating,Consolidation,High,BULLISH_STABLE,75.0,Divergence,risk_on,C,1.0,fallback,REDUCE,HOLD,0.75,Extreme,5,REDUCE,REDUCE,0.2,1,0,3,基础:BULLISH_STABLE(1)；结构-行为背离+1；数据质量C+1
01951,锦鑫生殖,2019-12-20,STRUCTURAL_ACCUMULATION,Deteriorating,Consolidation,High,BULLISH_STABLE,75.0,Divergence,risk_on,C,1.0,fallback,REDUCE,HOLD,0.75,Extreme,5,REDUCE,REDUCE,0.2,1,0,3,基础:BULLISH_STABLE(1)；结构-行为背离+1；数据质量C+1
01951,锦鑫生殖,2019-12-27,STRUCTURAL_ACCUMULATION,Deteriorating,Consolidation,High,BULLISH_STABLE,75.0,Divergence,risk_on,C,1.0,fallback,REDUCE,HOLD,0.75,Extreme,5,REDUCE,REDUCE,0.2,1,0,3,基础:BULLISH_STABLE(1)；结构-行为背离+1；数据质量C+1
01951,锦鑫生殖,2020-01-03,STRUCTURAL_ACCUMULATION,Deteriorating,Consolidation,High,BULLISH_STABLE,75.0,Divergence,risk_on,C,1.0,fallback,REDUCE,HOLD,0.75,Extreme,5,REDUCE,REDUCE,0.2,1,0,3,基础:BULLISH_STABLE(1)；结构-行为背离+1；数据质量C+1
01951,锦鑫生殖,2020-01-10,STRUCTURAL_ACCUMULATION,Deteriorating,Consolidation,High,BULLISH_STABLE,75.0,Divergence,risk_on,C,1.0,fallback,REDUCE,HOLD,0.75,Extreme,5,REDUCE,REDUCE,0.2,1,0,3,基础:BULLISH_STABLE(1)；结构-行为背离+1；数据质量C+1
01951,锦鑫生殖,2020-01-17,STRUCTURAL_ACCUMULATION,Deteriorating,Consolidation,High,BULLISH_STABLE,75.0,Divergence,risk_on,C,1.0,fallback,REDUCE,HOLD,0.75,Extreme,4,WATCH,REDUCE,0.2,1,0,3,基础:BULLISH_STABLE(1)；结构-行为背离+1；数据质量C+1
01951,锦鑫生殖,2020-01-24,STRUCTURAL_ACCUMULATION,Deteriorating,Consolidation,High,BULLISH_STABLE,75.0,Divergence,risk_on,C,1.0,fallback,REDUCE,HOLD,0.75,Extreme,4,WATCH,REDUCE,0.2,1,0,3,基础:BULLISH_STABLE(1)；结构-行为背离+1；数据质量C+1
01951,锦鑫生殖,2020-01-31,STRUCTURAL_ACCUMULATION,Stable,Consolidation,High,BULLISH_STABLE,75.0,Aligned,risk_off,C,1.0,fallback,REDUCE,HOLD,0.75,Extreme,5,REDUCE,REDUCE,0.2,1,0,3,基础:BULLISH_STABLE(1)；市场risk_off+1；数据质量C+1
01951,锦鑫生殖,2020-02-07,STRUCTURAL_ACCUMULATION,Stable,Consolidation,High,BULLISH_STABLE,75.0,Aligned,neutral,C,1.0,fallback,REDUCE,HOLD,0.75,Extreme,5,REDUCE,REDUCE,0.2,1,0,2,基础:BULLISH_STABLE(1)；数据质量C+1
01951,锦鑫生殖,2020-02-14,STRUCTURAL_ACCUMULATION,Stable,Consolidation,Medium,BULLISH_STABLE,75.0,Aligned,risk_on,C,2.0,fallback,REDUCE,HOLD,0.75,Extreme,5,REDUCE,REDUCE,0.2,1,0,2,基础:BULLISH_STABLE(1)；数据质量C+1
01951,锦鑫生殖,2020-02-21,STRUCTURAL_ACCUMULATION,Stable,Consolidation,Medium,BULLISH_STABLE,75.0,Aligned,risk_on,C,2.0,fallback,REDUCE,HOLD,0.75,Extreme,6,REDUCE,REDUCE,0.2,1,0,2,基础:BULLISH_STABLE(1)；数据质量C+1
01951,锦鑫生殖,2020-02-28,STRUCTURAL_ACCUMULATION,Stable,Breakdown,Medium,BULLISH_WARNING,55.0,Aligned,risk_off,C,2.0,fallback,EXIT,REDUCE,0.5,Extreme,8,DE-RISK,EXIT,0.0,1,0,4,基础:BULLISH_WARNING(2)；市场risk_off+1；数据质量C+1
01951,锦鑫生殖,2020-03-06,STRUCTURAL_ACCUMULATION,Stable,Consolidation,Medium,BULLISH_STABLE,75.0,Aligned,risk_off,C,2.0,fallback,REDUCE,HOLD,0.75,Extreme,4,WATCH,REDUCE,0.2,1,0,3,基础:BULLISH_STABLE(1)；市场risk_off+1；数据质量C+1
01951,锦鑫生殖,2020-03-13,STRUCTURAL_ACCUMULATION,Stable,Breakdown,Medium,BULLISH_WARNING,55.0,Aligned,risk_off,C,2.0,fallback,EXIT,REDUCE,0.5,Extreme,8,DE-RISK,EXIT,0.0,1,0,4,基础:BULLISH_WARNING(2)；市场risk_off+1；数据质量C+1
01951,锦鑫生殖,2020-03-20,STRUCTURAL_ACCUMULATION,Stable,Consolidation,Medium,BULLISH_STABLE,75.0,Aligned,risk_off,C,2.0,fallback,REDUCE,HOLD,0.75,Extreme,6,REDUCE,REDUCE,0.2,1,0,3,基础:BULLISH_STABLE(1)；市场risk_off+1；数据质量C+1
01951,锦鑫生殖,2020-03-27,STRUCTURAL_ACCUMULATION,Stable,Consolidation,Medium,BULLISH_STABLE,75.0,Aligned,risk_off,C,2.0,fallback,REDUCE,HOLD,0.75,Extreme,6,REDUCE,REDUCE,0.2,1,0,3,基础:BULLISH_STABLE(1)；市场risk_off+1；数据质量C+1
01951,锦鑫生殖,2020-04-03,STRUCTURAL_ACCUMULATION,Deteriorating,Consolidation,Medium,BULLISH_STABLE,75.0,Divergence,risk_off,C,2.0,fallback,REDUCE,HOLD,0.5,Extreme,6,REDUCE,REDUCE,0.2,1,0,4,基础:BULLISH_STABLE(1)；结构-行为背离+1；市场risk_off+1；数据质量C+1
01951,锦鑫生殖,2020-04-10,STRUCTURAL_ACCUMULATION,Deteriorating,Consolidation,Medium,BULLISH_STABLE,75.0,Divergence,risk_off,C,2.0,fallback,REDUCE,HOLD,0.5,Extreme,6,REDUCE,REDUCE,0.2,1,0,4,基础:BULLISH_STABLE(1)；结构-行为背离+1；市场risk_off+1；数据质量C+1
01951,锦鑫生殖,2020-04-17,STRUCTURAL_ACCUMULATION,Deteriorating,Consolidation,Medium,BULLISH_STABLE,75.0,Divergence,risk_off,C,2.0,fallback,REDUCE,HOLD,0.5,Extreme,5,REDUCE,REDUCE,0.2,1,0,4,基础:BULLISH_STABLE(1)；结构-行为背离+1；市场risk_off+1；数据质量C+1
01951,锦鑫生殖,2020-04-24,STRUCTURAL_ACCUMULATION,Deteriorating,Consolidation,Medium,BULLISH_STABLE,75.0,Divergence,risk_off,C,2.0,fallback,REDUCE,HOLD,0.5,Extreme,4,WATCH,REDUCE,0.2,1,0,4,基础:BULLISH_STABLE(1)；结构-行为背离+1；市场risk_off+1；数据质量C+1
01951,锦鑫生殖,2020-05-01,STRUCTURAL_ACCUMULATION,Improving,Consolidation,Medium,BULLISH_STABLE,75.0,Aligned,risk_off,C,2.0,matrix,REDUCE,HOLD,0.75,Extreme,2,NORMAL,REDUCE,0.2,1,0,3,基础:BULLISH_STABLE(1)；市场risk_off+1；数据质量C+1
01951,锦鑫生殖,2020-05-08,STRUCTURAL_ACCUMULATION,Improving,Consolidation,Medium,BULLISH_STABLE,75.0,Aligned,risk_off,C,2.0,matrix,REDUCE,HOLD,0.75,Extreme,2,NORMAL,REDUCE,0.2,1,0,3,基础:BULLISH_STABLE(1)；市场risk_off+1；数据质量C+1
01951,锦鑫生殖,2020-05-15,STRUCTURAL_ACCUMULATION,Improving,Consolidation,Medium,BULLISH_STABLE,75.0,Aligned,risk_off,C,2.0,matrix,REDUCE,HOLD,0.75,Extreme,2,NORMAL,REDUCE,0.2,1,0,3,基础:BULLISH_STABLE(1)；市场risk_off+1；数据质量C+1
01951,锦鑫生殖,2020-05-22,STRUCTURAL_ACCUMULATION,Improving,Consolidation,Medium,BULLISH_STABLE,75.0,Aligned,risk_off,C,2.0,matrix,REDUCE,HOLD,0.75,Extreme,2,NORMAL,REDUCE,0.2,1,0,3,基础:BULLISH_STABLE(1)；市场risk_off+1；数据质量C+1
01951,锦鑫生殖,2020-05-29,STRUCTURAL_ACCUMULATION,Improving,Consolidation,Medium,BULLISH_STABLE,75.0,Aligned,risk_off,C,2.0,matrix,REDUCE,HOLD,0.75,Extreme,1,NORMAL,REDUCE,0.2,1,0,3,基础:BULLISH_STABLE(1)；市场risk_off+1；数据质量C+1
01951,锦鑫生殖,2020-06-05,STRUCTURAL_ACCUMULATION,Improving,Consolidation,Medium,BULLISH_STABLE,75.0,Aligned,neutral,C,2.0,matrix,HOLD,HOLD,0.75,Low,1,NORMAL,HOLD,0.75,0,0,2,基础:BULLISH_STABLE(1)；数据质量C+1
01951,锦鑫生殖,2020-06-12,STRUCTURAL_ACCUMULATION,Improving,Pullback,Medium,BULLISH_STABLE,75.0,Aligned,risk_off,C,2.0,fallback,HOLD,HOLD,0.75,Medium,1,NORMAL,HOLD,0.75,0,0,3,基础:BULLISH_STABLE(1)；市场risk_off+1；数据质量C+1
01951,锦鑫生殖,2020-06-19,STRUCTURAL_ACCUMULATION,Improving,Consolidation,Medium,BULLISH_STABLE,75.0,Aligned,risk_off,C,2.0,matrix,HOLD,HOLD,0.75,Medium,1,NORMAL,HOLD,0.75,0,0,3,基础:BULLISH_STABLE(1)；市场risk_off+1；数据质量C+1
01951,锦鑫生殖,2020-06-26,STRUCTURAL_ACCUMULATION,Improving,Consolidation,Medium,BULLISH_STABLE,75.0,Aligned,risk_off,C,2.0,matrix,HOLD,HOLD,0.75,Medium,1,NORMAL,HOLD,0.75,0,0,3,基础:BULLISH_STABLE(1)；市场risk_off+1；数据质量C+1
01951,锦鑫生殖,2020-07-03,STRUCTURAL_ACCUMULATION,Stable,Breakout,Medium,BULLISH_STABLE,75.0,Aligned,risk_on,C,2.0,fallback,HOLD,HOLD,0.75,Low,0,NORMAL,HOLD,0.75,0,0,2,基础:BULLISH_STABLE(1)；数据质量C+1
01951,锦鑫生殖,2020-07-10,STRUCTURAL_ACCUMULATION,Stable,Consolidation,Medium,BULLISH_STABLE,75.0,Aligned,risk_off,C,2.0,fallback,HOLD,HOLD,0.75,Medium,1,NORMAL,HOLD,0.75,0,0,3,基础:BULLISH_STABLE(1)；市场risk_off+1；数据质量C+1
01951,锦鑫生殖,2020-07-17,STRUCTURAL_ACCUMULATION,Stable,Consolidation,Medium,BULLISH_STABLE,75.0,Aligned,risk_on,C,2.0,fallback,HOLD,HOLD,0.75,Low,1,NORMAL,HOLD,0.75,0,0,2,基础:BULLISH_STABLE(1)；数据质量C+1
01951,锦鑫生殖,2020-07-24,STRUCTURAL_ACCUMULATION,Stable,Pullback,Medium,BULLISH_STABLE,75.0,Aligned,risk_off,C,2.0,fallback,HOLD,HOLD,0.75,Medium,1,NORMAL,HOLD,0.75,0,0,3,基础:BULLISH_STABLE(1)；市场risk_off+1；数据质量C+1
01951,锦鑫生殖,2020-07-31,STRUCTURAL_ACCUMULATION,Deteriorating,Pullback,Medium,BULLISH_STABLE,75.0,Divergence,neutral,C,2.0,fallback,HOLD,HOLD,0.75,Medium,1,NORMAL,HOLD,0.75,0,0,3,基础:BULLISH_STABLE(1)；结构-行为背离+1；数据质量C+1
01951,锦鑫生殖,2020-08-07,STRUCTURAL_ACCUMULATION,Deteriorating,Consolidation,Medium,BULLISH_STABLE,75.0,Divergence,neutral,C,2.0,fallback,HOLD,HOLD,0.75,Medium,4,WATCH,HOLD,0.75,0,0,3,基础:BULLISH_STABLE(1)；结构-行为背离+1；数据质量C+1
01951,锦鑫生殖,2020-08-14,STRUCTURAL_ACCUMULATION,Deteriorating,Pullback,Medium,BULLISH_STABLE,75.0,Divergence,risk_on,C,2.0,fallback,HOLD,HOLD,0.75,Medium,3,WATCH,HOLD,0.75,0,0,3,基础:BULLISH_STABLE(1)；结构-行为背离+1；数据质量C+1
01951,锦鑫生殖,2020-08-21,STRUCTURAL_ACCUMULATION,Deteriorating,Consolidation,Medium,BULLISH_STABLE,75.0,Divergence,risk_on,C,2.0,fallback,HOLD,HOLD,0.75,Medium,4,WATCH,HOLD,0.75,0,0,3,基础:BULLISH_STABLE(1)；结构-行为背离+1；数据质量C+1
01951,锦鑫生殖,2020-08-28,STRUCTURAL_ACCUMULATION,Deteriorating,Consolidation,Medium,BULLISH_STABLE,75.0,Divergence,risk_on,C,2.0,fallback,HOLD,HOLD,0.75,Medium,3,WATCH,HOLD,0.75,0,0,3,基础:BULLISH_STABLE(1)；结构-行为背离+1；数据质量C+1
01951,锦鑫生殖,2020-09-04,STRUCTURAL_ACCUMULATION,Stable,Consolidation,Medium,BULLISH_STABLE,75.0,Aligned,risk_off,C,2.0,fallback,HOLD,HOLD,0.75,Medium,3,WATCH,HOLD,0.75,0,0,3,基础:BULLISH_STABLE(1)；市场risk_off+1；数据质量C+1
01951,锦鑫生殖,2020-09-11,STRUCTURAL_ACCUMULATION,Stable,Consolidation,Medium,BULLISH_STABLE,75.0,Aligned,neutral,C,2.0,fallback,HOLD,HOLD,0.75,Low,4,WATCH,HOLD,0.75,0,0,2,基础:BULLISH_STABLE(1)；数据质量C+1
01951,锦鑫生殖,2020-09-18,STRUCTURAL_ACCUMULATION,Stable,Consolidation,Medium,BULLISH_STABLE,75.0,Aligned,neutral,C,2.0,fallback,HOLD,HOLD,0.75,Low,4,WATCH,HOLD,0.75,0,0,2,基础:BULLISH_STABLE(1)；数据质量C+1
01951,锦鑫生殖,2020-09-25,STRUCTURAL_ACCUMULATION,Stable,Consolidation,Medium,BULLISH_STABLE,75.0,Aligned,risk_off,C,2.0,fallback,REDUCE,HOLD,0.75,Extreme,5,REDUCE,REDUCE,0.2,1,0,3,基础:BULLISH_STABLE(1)；市场risk_off+1；数据质量C+1
01951,锦鑫生殖,2020-10-02,STRUCTURAL_ACCUMULATION,Deteriorating,Consolidation,Medium,BULLISH_STABLE,75.0,Divergence,risk_off,C,2.0,fallback,REDUCE,HOLD,0.5,Extreme,6,REDUCE,REDUCE,0.2,1,0,4,基础:BULLISH_STABLE(1)；结构-行为背离+1；市场risk_off+1；数据质量C+1
01951,锦鑫生殖,2020-10-09,STRUCTURAL_ACCUMULATION,Deteriorating,Consolidation,Medium,BULLISH_STABLE,75.0,Divergence,risk_off,C,2.0,fallback,REDUCE,HOLD,0.5,Extreme,4,WATCH,REDUCE,0.2,1,0,4,基础:BULLISH_STABLE(1)；结构-行为背离+1；市场risk_off+1；数据质量C+1
01951,锦鑫生殖,2020-10-16,STRUCTURAL_ACCUMULATION,Deteriorating,Consolidation,Medium,BULLISH_STABLE,75.0,Divergence,risk_off,C,2.0,fallback,REDUCE,HOLD,0.5,Extreme,5,REDUCE,REDUCE,0.2,1,0,4,基础:BULLISH_STABLE(1)；结构-行为背离+1；市场risk_off+1；数据质量C+1
01951,锦鑫生殖,2020-10-23,STRUCTURAL_ACCUMULATION,Deteriorating,Breakdown,Medium,BULLISH_WARNING,55.0,Divergence,neutral,C,2.0,matrix,EXIT,REDUCE,0.5,Extreme,8,DE-RISK,EXIT,0.0,1,0,4,基础:BULLISH_WARNING(2)；结构-行为背离+1；数据质量C+1
01951,锦鑫生殖,2020-10-30,STRUCTURAL_ACCUMULATION,Deteriorating,Consolidation,Medium,BULLISH_STABLE,75.0,Divergence,risk_off,C,2.0,fallback,REDUCE,HOLD,0.5,Extreme,5,REDUCE,REDUCE,0.2,1,0,4,基础:BULLISH_STABLE(1)；结构-行为背离+1；市场risk_off+1；数据质量C+1
01951,锦鑫生殖,2020-11-06,STRUCTURAL_ACCUMULATION,Deteriorating,Consolidation,Medium,BULLISH_STABLE,75.0,Divergence,risk_on,C,2.0,fallback,REDUCE,HOLD,0.75,Extreme,4,WATCH,REDUCE,0.2,1,0,3,基础:BULLISH_STABLE(1)；结构-行为背离+1；数据质量C+1
01951,锦鑫生殖,2020-11-13,STRUCTURAL_ACCUMULATION,Deteriorating,Consolidation,Medium,BULLISH_STABLE,75.0,Divergence,risk_on,C,2.0,fallback,REDUCE,HOLD,0.75,Extreme,2,NORMAL,REDUCE,0.2,1,0,3,基础:BULLISH_STABLE(1)；结构-行为背离+1；数据质量C+1
01951,锦鑫生殖,2020-11-20,STRUCTURAL_DECLINE,Deteriorating,Breakout,Low,BEARISH_CONFIRMED,20.0,Aligned,risk_on,C,2.0,fallback,EXIT,EXIT,0.0,Extreme,0,NORMAL,EXIT,0.0,0,0,5,基础:BEARISH_CONFIRMED(3)；数据质量C+1；置信度Low+1
01951,锦鑫生殖,2020-11-27,STRUCTURAL_DECLINE,Deteriorating,Consolidation,Low,BEARISH_CONFIRMED,20.0,Aligned,risk_on,C,2.0,fallback,EXIT,EXIT,0.0,Extreme,0,NORMAL,EXIT,0.0,0,0,5,基础:BEARISH_CONFIRMED(3)；数据质量C+1；置信度Low+1
01951,锦鑫生殖,2020-12-04,STRUCTURAL_DECLINE,Deteriorating,Breakout,Low,BEARISH_CONFIRMED,20.0,Aligned,risk_on,C,2.0,fallback,EXIT,EXIT,0.0,Extreme,0,NORMAL,EXIT,0.0,0,0,5,基础:BEARISH_CONFIRMED(3)；数据质量C+1；置信度Low+1
01951,锦鑫生殖,2020-12-11,STRUCTURAL_DECLINE,Deteriorating,Consolidation,Low,BEARISH_CONFIRMED,20.0,Aligned,risk_on,C,2.0,fallback,EXIT,EXIT,0.0,Extreme,0,NORMAL,EXIT,0.0,0,0,5,基础:BEARISH_CONFIRMED(3)；数据质量C+1；置信度Low+1
01951,锦鑫生殖,2020-12-18,STRUCTURAL_DECLINE,Deteriorating,Consolidation,Low,BEARISH_CONFIRMED,20.0,Aligned,risk_on,C,2.0,fallback,EXIT,EXIT,0.0,Extreme,0,NORMAL,EXIT,0.0,0,0,5,基础:BEARISH_CONFIRMED(3)；数据质量C+1；置信度Low+1
01951,锦鑫生殖,2020-12-25,STRUCTURAL_DECLINE,Deteriorating,Consolidation,Low,BEARISH_CONFIRMED,20.0,Aligned,risk_on,C,2.0,fallback,EXIT,EXIT,0.0,Extreme,0,NORMAL,EXIT,0.0,0,0,5,基础:BEARISH_CONFIRMED(3)；数据质量C+1；置信度Low+1
01951,锦鑫生殖,2021-01-01,STRUCTURAL_DECLINE,Improving,Consolidation,Low,BEARISH_CONFIRMED,20.0,Divergence,risk_on,C,2.0,fallback,EXIT,EXIT,0.0,Extreme,0,NORMAL,EXIT,0.0,0,0,6,基础:BEARISH_CONFIRMED(3)；结构-行为背离+1；数据质量C+1；置信度Low+1
01951,锦鑫生殖,2021-01-08,STRUCTURAL_DECLINE,Improving,Consolidation,Low,BEARISH_CONFIRMED,20.0,Divergence,risk_on,C,2.0,fallback,EXIT,EXIT,0.0,Extreme,0,NORMAL,EXIT,0.0,0,0,6,基础:BEARISH_CONFIRMED(3)；结构-行为背离+1；数据质量C+1；置信度Low+1
01951,锦鑫生殖,2021-01-15,STRUCTURAL_DECLINE,Improving,Pullback,Low,BEARISH_CONFIRMED,20.0,Divergence,risk_on,C,2.0,fallback,EXIT,EXIT,0.0,Extreme,0,NORMAL,EXIT,0.0,0,0,6,基础:BEARISH_CONFIRMED(3)；结构-行为背离+1；数据质量C+1；置信度Low+1
01951,锦鑫生殖,2021-01-22,STRUCTURAL_DECLINE,Improving,Consolidation,Low,BEARISH_CONFIRMED,20.0,Divergence,risk_on,C,2.0,fallback,EXIT,EXIT,0.0,Extreme,0,NORMAL,EXIT,0.0,0,0,6,基础:BEARISH_CONFIRMED(3)；结构-行为背离+1；数据质量C+1；置信度Low+1
01951,锦鑫生殖,2021-01-29,STRUCTURAL_DECLINE,Improving,Consolidation,Low,BEARISH_CONFIRMED,20.0,Divergence,risk_off,C,2.0,fallback,EXIT,EXIT,0.0,Extreme,0,NORMAL,EXIT,0.0,0,0,7,基础:BEARISH_CONFIRMED(3)；结构-行为背离+1；市场risk_off+1；数据质量C+1；置信度Low+1
01951,锦鑫生殖,2021-02-05,STRUCTURAL_DECLINE,Stable,Breakout,Low,BEARISH_CONFIRMED,20.0,Aligned,risk_on,C,2.0,fallback,EXIT,EXIT,0.0,Extreme,0,NORMAL,EXIT,0.0,0,0,5,基础:BEARISH_CONFIRMED(3)；数据质量C+1；置信度Low+1
01951,锦鑫生殖,2021-02-12,STRUCTURAL_DECLINE,Stable,Consolidation,Low,BEARISH_CONFIRMED,20.0,Aligned,risk_on,C,2.0,fallback,EXIT,EXIT,0.0,Extreme,0,NORMAL,EXIT,0.0,0,0,5,基础:BEARISH_CONFIRMED(3)；数据质量C+1；置信度Low+1
01951,锦鑫生殖,2021-02-19,STRUCTURAL_ACCUMULATION,Stable,Consolidation,High,BULLISH_STABLE,75.0,Aligned,risk_on,C,1.0,fallback,HOLD,HOLD,0.75,Low,0,NORMAL,HOLD,0.75,0,0,2,基础:BULLISH_STABLE(1)；数据质量C+1
01951,锦鑫生殖,2021-02-26,STRUCTURAL_ACCUMULATION,Stable,Pullback,High,BULLISH_STABLE,75.0,Aligned,risk_off,C,1.0,fallback,HOLD,HOLD,0.75,Medium,1,NORMAL,HOLD,0.75,0,0,3,基础:BULLISH_STABLE(1)；市场risk_off+1；数据质量C+1
01951,锦鑫生殖,2021-03-05,STRUCTURAL_ACCUMULATION,Improving,Consolidation,High,BULLISH_STABLE,75.0,Aligned,risk_on,C,1.0,matrix,HOLD,HOLD,0.75,Low,1,NORMAL,HOLD,0.75,0,0,2,基础:BULLISH_STABLE(1)；数据质量C+1
01951,锦鑫生殖,2021-03-12,STRUCTURAL_ACCUMULATION,Improving,Consolidation,High,BULLISH_STABLE,75.0,Aligned,risk_on,C,1.0,matrix,HOLD,HOLD,0.75,Low,3,WATCH,HOLD,0.75,0,0,2,基础:BULLISH_STABLE(1)；数据质量C+1
01951,锦鑫生殖,2021-03-19,STRUCTURAL_ACCUMULATION,Improving,Pullback,High,BULLISH_STABLE,75.0,Aligned,risk_on,C,1.0,fallback,HOLD,HOLD,0.75,Low,3,WATCH,HOLD,0.75,0,0,2,基础:BULLISH_STABLE(1)；数据质量C+1
01951,锦鑫生殖,2021-03-26,STRUCTURAL_ACCUMULATION,Improving,Pullback,High,BULLISH_STABLE,75.0,Aligned,risk_on,C,1.0,fallback,HOLD,HOLD,0.75,Low,4,WATCH,HOLD,0.75,0,0,2,基础:BULLISH_STABLE(1)；数据质量C+1
01951,锦鑫生殖,2021-04-02,STRUCTURAL_ACCUMULATION,Stable,Consolidation,High,BULLISH_STABLE,75.0,Aligned,risk_on,C,1.0,fallback,HOLD,HOLD,0.75,Low,3,WATCH,HOLD,0.75,0,0,2,基础:BULLISH_STABLE(1)；数据质量C+1
01951,锦鑫生殖,2021-04-09,STRUCTURAL_ACCUMULATION,Stable,Consolidation,High,BULLISH_STABLE,75.0,Aligned,risk_on,C,1.0,fallback,HOLD,HOLD,0.75,Low,2,NORMAL,HOLD,0.75,0,0,2,基础:BULLISH_STABLE(1)；数据质量C+1
01951,锦鑫生殖,2021-04-16,STRUCTURAL_ACCUMULATION,Stable,Consolidation,High,BULLISH_STABLE,75.0,Aligned,neutral,C,1.0,fallback,HOLD,HOLD,0.75,Low,2,NORMAL,HOLD,0.75,0,0,2,基础:BULLISH_STABLE(1)；数据质量C+1
01951,锦鑫生殖,2021-04-23,STRUCTURAL_ACCUMULATION,Stable,Consolidation,High,BULLISH_STABLE,75.0,Aligned,neutral,C,1.0,fallback,HOLD,HOLD,0.75,Low,0,NORMAL,HOLD,0.75,0,0,2,基础:BULLISH_STABLE(1)；数据质量C+1
01951,锦鑫生殖,2021-04-30,STRUCTURAL_ACCUMULATION,Improving,Consolidation,High,BULLISH_STABLE,75.0,Aligned,neutral,C,0.0,matrix,HOLD,HOLD,0.75,Low,0,NORMAL,HOLD,0.75,0,0,2,基础:BULLISH_STABLE(1)；数据质量C+1
01951,锦鑫生殖,2021-05-07,STRUCTURAL_ACCUMULATION,Improving,Pullback,High,BULLISH_STABLE,75.0,Aligned,risk_off,C,0.0,fallback,HOLD,HOLD,0.75,Medium,4,WATCH,HOLD,0.75,0,0,3,基础:BULLISH_STABLE(1)；市场risk_off+1；数据质量C+1
01951,锦鑫生殖,2021-05-14,STRUCTURAL_ACCUMULATION,Improving,Consolidation,High,BULLISH_STABLE,75.0,Aligned,risk_off,C,0.0,matrix,HOLD,HOLD,0.75,Medium,0,NORMAL,HOLD,0.75,0,0,3,基础:BULLISH_STABLE(1)；市场risk_off+1；数据质量C+1
01951,锦鑫生殖,2021-05-21,STRUCTURAL_ACCUMULATION,Improving,Consolidation,Low,BULLISH_STABLE,75.0,Aligned,risk_off,C,1.0,matrix,HOLD,HOLD,0.5,High,1,NORMAL,HOLD,0.5,0,0,4,基础:BULLISH_STABLE(1)；市场risk_off+1；数据质量C+1；置信度Low+1
01951,锦鑫生殖,2021-05-28,STRUCTURAL_ACCUMULATION,Improving,Pullback,Low,BULLISH_STABLE,75.0,Aligned,neutral,C,1.0,fallback,REDUCE,HOLD,0.75,Extreme,5,REDUCE,REDUCE,0.2,1,0,3,基础:BULLISH_STABLE(1)；数据质量C+1；置信度Low+1
01951,锦鑫生殖,2021-06-04,STRUCTURAL_ACCUMULATION,Improving,Consolidation,Low,BULLISH_STABLE,75.0,Aligned,neutral,C,1.0,matrix,REDUCE,HOLD,0.75,Extreme,2,NORMAL,REDUCE,0.2,1,0,3,基础:BULLISH_STABLE(1)；数据质量C+1；置信度Low+1
01951,锦鑫生殖,2021-06-11,STRUCTURAL_ACCUMULATION,Improving,Pullback,Low,BULLISH_STABLE,75.0,Aligned,neutral,C,1.0,fallback,REDUCE,HOLD,0.75,Extreme,6,REDUCE,REDUCE,0.2,1,0,3,基础:BULLISH_STABLE(1)；数据质量C+1；置信度Low+1
01951,锦鑫生殖,2021-06-18,STRUCTURAL_ACCUMULATION,Improving,Pullback,Low,BULLISH_STABLE,75.0,Aligned,neutral,C,1.0,fallback,REDUCE,HOLD,0.75,Extreme,5,REDUCE,REDUCE,0.2,1,0,3,基础:BULLISH_STABLE(1)；数据质量C+1；置信度Low+1
01951,锦鑫生殖,2021-06-25,STRUCTURAL_ACCUMULATION,Improving,Consolidation,Low,BULLISH_STABLE,75.0,Aligned,risk_on,C,1.0,matrix,REDUCE,HOLD,0.75,Extreme,3,WATCH,REDUCE,0.2,1,0,3,基础:BULLISH_STABLE(1)；数据质量C+1；置信度Low+1
01951,锦鑫生殖,2021-07-02,STRUCTURAL_ACCUMULATION,Stable,Pullback,Low,BULLISH_STABLE,75.0,Aligned,risk_off,C,1.0,fallback,HOLD,HOLD,0.5,High,5,REDUCE,HOLD,0.5,1,0,4,基础:BULLISH_STABLE(1)；市场risk_off+1；数据质量C+1；置信度Low+1
01951,锦鑫生殖,2021-07-09,STRUCTURAL_ACCUMULATION,Stable,Consolidation,Low,BULLISH_STABLE,75.0,Aligned,risk_off,C,1.0,fallback,EXIT,HOLD,0.5,Extreme,8,DE-RISK,EXIT,0.0,1,0,4,基础:BULLISH_STABLE(1)；市场risk_off+1；数据质量C+1；置信度Low+1
01951,锦鑫生殖,2021-07-16,STRUCTURAL_ACCUMULATION,Stable,Consolidation,Low,BULLISH_STABLE,75.0,Aligned,risk_off,C,1.0,fallback,EXIT,HOLD,0.5,Extreme,9,DE-RISK,EXIT,0.0,1,0,4,基础:BULLISH_STABLE(1)；市场risk_off+1；数据质量C+1；置信度Low+1
01951,锦鑫生殖,2021-07-23,STRUCTURAL_ACCUMULATION,Stable,Consolidation,Low,BULLISH_STABLE,75.0,Aligned,risk_off,C,1.0,fallback,EXIT,HOLD,0.5,Extreme,9,DE-RISK,EXIT,0.0,1,0,4,基础:BULLISH_STABLE(1)；市场risk_off+1；数据质量C+1；置信度Low+1
01951,锦鑫生殖,2021-07-30,STRUCTURAL_ACCUMULATION,Stable,Consolidation,Low,BULLISH_STABLE,75.0,Aligned,risk_off,C,1.0,fallback,EXIT,HOLD,0.5,Extreme,9,DE-RISK,EXIT,0.0,1,0,4,基础:BULLISH_STABLE(1)；市场risk_off+1；数据质量C+1；置信度Low+1
01951,锦鑫生殖,2021-08-06,STRUCTURAL_ACCUMULATION,Deteriorating,Consolidation,Low,BULLISH_STABLE,75.0,Divergence,risk_off,C,2.0,fallback,REDUCE,HOLD,0.2,Extreme,6,REDUCE,REDUCE,0.2,1,0,5,基础:BULLISH_STABLE(1)；结构-行为背离+1；市场risk_off+1；数据质量C+1；置信度Low+1
01951,锦鑫生殖,2021-08-13,STRUCTURAL_ACCUMULATION,Deteriorating,Consolidation,Low,BULLISH_STABLE,75.0,Divergence,risk_off,C,2.0,fallback,REDUCE,HOLD,0.2,Extreme,6,REDUCE,REDUCE,0.2,1,0,5,基础:BULLISH_STABLE(1)；结构-行为背离+1；市场risk_off+1；数据质量C+1；置信度Low+1
01951,锦鑫生殖,2021-08-20,STRUCTURAL_ACCUMULATION,Deteriorating,Breakdown,Medium,BULLISH_WARNING,55.0,Divergence,risk_off,C,1.0,matrix,EXIT,REDUCE,0.2,Extreme,8,DE-RISK,EXIT,0.0,1,0,5,基础:BULLISH_WARNING(2)；结构-行为背离+1；市场risk_off+1；数据质量C+1
01951,锦鑫生殖,2021-08-27,STRUCTURAL_ACCUMULATION,Deteriorating,Consolidation,Medium,BULLISH_STABLE,75.0,Divergence,risk_off,C,1.0,fallback,REDUCE,HOLD,0.5,Extreme,6,REDUCE,REDUCE,0.2,1,0,4,基础:BULLISH_STABLE(1)；结构-行为背离+1；市场risk_off+1；数据质量C+1
01951,锦鑫生殖,2021-09-03,STRUCTURAL_ACCUMULATION,Stable,Consolidation,Medium,BULLISH_STABLE,75.0,Aligned,risk_off,C,1.0,fallback,EXIT,HOLD,0.75,Extreme,7,DE-RISK,EXIT,0.0,1,0,3,基础:BULLISH_STABLE(1)；市场risk_off+1；数据质量C+1
01951,锦鑫生殖,2021-09-10,STRUCTURAL_ACCUMULATION,Stable,Consolidation,Medium,BULLISH_STABLE,75.0,Aligned,risk_off,C,1.0,fallback,REDUCE,HOLD,0.75,Extreme,6,REDUCE,REDUCE,0.2,1,0,3,基础:BULLISH_STABLE(1)；市场risk_off+1；数据质量C+1
01951,锦鑫生殖,2021-09-17,STRUCTURAL_ACCUMULATION,Stable,Consolidation,Medium,BULLISH_STABLE,75.0,Aligned,risk_off,C,1.0,fallback,REDUCE,HOLD,0.75,Extreme,6,REDUCE,REDUCE,0.2,1,0,3,基础:BULLISH_STABLE(1)；市场risk_off+1；数据质量C+1
01951,锦鑫生殖,2021-09-24,STRUCTURAL_ACCUMULATION,Stable,Consolidation,Medium,BULLISH_STABLE,75.0,Aligned,risk_off,C,1.0,fallback,REDUCE,HOLD,0.75,Extreme,4,WATCH,REDUCE,0.2,1,0,3,基础:BULLISH_STABLE(1)；市场risk_off+1；数据质量C+1
01951,锦鑫生殖,2021-10-01,STRUCTURAL_ACCUMULATION,Deteriorating,Consolidation,High,BULLISH_STABLE,75.0,Divergence,risk_off,C,1.0,fallback,REDUCE,HOLD,0.5,Extreme,4,WATCH,REDUCE,0.2,1,0,4,基础:BULLISH_STABLE(1)；结构-行为背离+1；市场risk_off+1；数据质量C+1
01951,锦鑫生殖,2021-10-08,STRUCTURAL_ACCUMULATION,Deteriorating,Consolidation,High,BULLISH_STABLE,75.0,Divergence,risk_off,C,1.0,fallback,REDUCE,HOLD,0.5,Extreme,6,REDUCE,REDUCE,0.2,1,0,4,基础:BULLISH_STABLE(1)；结构-行为背离+1；市场risk_off+1；数据质量C+1
01951,锦鑫生殖,2021-10-15,STRUCTURAL_ACCUMULATION,Deteriorating,Consolidation,High,BULLISH_STABLE,75.0,Divergence,risk_off,C,1.0,fallback,REDUCE,HOLD,0.5,Extreme,6,REDUCE,REDUCE,0.2,1,0,4,基础:BULLISH_STABLE(1)；结构-行为背离+1；市场risk_off+1；数据质量C+1
01951,锦鑫生殖,2021-10-22,STRUCTURAL_ACCUMULATION,Deteriorating,Consolidation,High,BULLISH_STABLE,75.0,Divergence,neutral,C,1.0,fallback,REDUCE,HOLD,0.75,Extreme,6,REDUCE,REDUCE,0.2,1,0,3,基础:BULLISH_STABLE(1)；结构-行为背离+1；数据质量C+1
01951,锦鑫生殖,2021-10-29,STRUCTURAL_ACCUMULATION,Deteriorating,Breakdown,High,BULLISH_WARNING,55.0,Divergence,risk_off,C,1.0,matrix,EXIT,REDUCE,0.2,Extreme,12,DE-RISK,EXIT,0.0,1,0,5,基础:BULLISH_WARNING(2)；结构-行为背离+1；市场risk_off+1；数据质量C+1
01951,锦鑫生殖,2021-11-05,STRUCTURAL_ACCUMULATION,Deteriorating,Breakdown,High,BULLISH_WARNING,55.0,Divergence,risk_off,C,1.0,matrix,EXIT,REDUCE,0.2,Extreme,13,DE-RISK,EXIT,0.0,1,0,5,基础:BULLISH_WARNING(2)；结构-行为背离+1；市场risk_off+1；数据质量C+1
01951,锦鑫生殖,2021-11-12,STRUCTURAL_ACCUMULATION,Deteriorating,Consolidation,High,BULLISH_STABLE,75.0,Divergence,risk_off,C,1.0,fallback,EXIT,HOLD,0.5,Extreme,7,DE-RISK,EXIT,0.0,1,0,4,基础:BULLISH_STABLE(1)；结构-行为背离+1；市场risk_off+1；数据质量C+1
01951,锦鑫生殖,2021-11-19,STRUCTURAL_ACCUMULATION,Deteriorating,Consolidation,Low,BULLISH_STABLE,75.0,Divergence,neutral,C,2.0,fallback,REDUCE,HOLD,0.5,Extreme,5,REDUCE,REDUCE,0.2,1,0,4,基础:BULLISH_STABLE(1)；结构-行为背离+1；数据质量C+1；置信度Low+1
01951,锦鑫生殖,2021-11-26,STRUCTURAL_ACCUMULATION,Deteriorating,Consolidation,Low,BULLISH_STABLE,75.0,Divergence,risk_off,C,2.0,fallback,REDUCE,HOLD,0.2,Extreme,6,REDUCE,REDUCE,0.2,1,0,5,基础:BULLISH_STABLE(1)；结构-行为背离+1；市场risk_off+1；数据质量C+1；置信度Low+1
01951,锦鑫生殖,2021-12-03,STRUCTURAL_ACCUMULATION,Stable,Consolidation,Low,BULLISH_STABLE,75.0,Aligned,risk_off,C,2.0,fallback,EXIT,HOLD,0.5,Extreme,9,DE-RISK,EXIT,0.0,1,0,4,基础:BULLISH_STABLE(1)；市场risk_off+1；数据质量C+1；置信度Low+1
01951,锦鑫生殖,2021-12-10,STRUCTURAL_ACCUMULATION,Stable,Breakdown,Low,BULLISH_WARNING,55.0,Aligned,risk_off,C,2.0,fallback,EXIT,REDUCE,0.2,Extreme,11,DE-RISK,EXIT,0.0,1,0,5,基础:BULLISH_WARNING(2)；市场risk_off+1；数据质量C+1；置信度Low+1
01951,锦鑫生殖,2021-12-17,STRUCTURAL_ACCUMULATION,Stable,Breakdown,Low,BULLISH_WARNING,55.0,Aligned,risk_off,C,2.0,fallback,EXIT,REDUCE,0.2,Extreme,12,DE-RISK,EXIT,0.0,1,0,5,基础:BULLISH_WARNING(2)；市场risk_off+1；数据质量C+1；置信度Low+1
01951,锦鑫生殖,2021-12-24,STRUCTURAL_ACCUMULATION,Stable,Consolidation,Low,BULLISH_STABLE,75.0,Aligned,risk_off,C,2.0,fallback,EXIT,HOLD,0.5,Extreme,9,DE-RISK,EXIT,0.0,1,0,4,基础:BULLISH_STABLE(1)；市场risk_off+1；数据质量C+1；置信度Low+1
01951,锦鑫生殖,2021-12-31,STRUCTURAL_ACCUMULATION,Stable,Consolidation,Low,BULLISH_STABLE,75.0,Aligned,risk_off,C,2.0,fallback,REDUCE,HOLD,0.5,Extreme,6,REDUCE,REDUCE,0.2,1,0,4,基础:BULLISH_STABLE(1)；市场risk_off+1；数据质量C+1；置信度Low+1
01951,锦鑫生殖,2022-01-07,STRUCTURAL_ACCUMULATION,Stable,Consolidation,Low,BULLISH_STABLE,75.0,Aligned,risk_off,C,2.0,fallback,EXIT,HOLD,0.5,Extreme,9,DE-RISK,EXIT,0.0,1,0,4,基础:BULLISH_STABLE(1)；市场risk_off+1；数据质量C+1；置信度Low+1
01951,锦鑫生殖,2022-01-14,STRUCTURAL_ACCUMULATION,Stable,Consolidation,Low,BULLISH_STABLE,75.0,Aligned,risk_off,C,2.0,fallback,EXIT,HOLD,0.5,Extreme,7,DE-RISK,EXIT,0.0,1,0,4,基础:BULLISH_STABLE(1)；市场risk_off+1；数据质量C+1；置信度Low+1
01951,锦鑫生殖,2022-01-21,STRUCTURAL_ACCUMULATION,Stable,Consolidation,Low,BULLISH_STABLE,75.0,Aligned,risk_off,C,2.0,fallback,REDUCE,HOLD,0.5,Extreme,5,REDUCE,REDUCE,0.2,1,0,4,基础:BULLISH_STABLE(1)；市场risk_off+1；数据质量C+1；置信度Low+1
01951,锦鑫生殖,2022-01-28,STRUCTURAL_ACCUMULATION,Stable,Breakdown,Low,BULLISH_WARNING,55.0,Aligned,risk_off,C,2.0,fallback,EXIT,REDUCE,0.2,Extreme,11,DE-RISK,EXIT,0.0,1,0,5,基础:BULLISH_WARNING(2)；市场risk_off+1；数据质量C+1；置信度Low+1
01951,锦鑫生殖,2022-02-04,STRUCTURAL_ACCUMULATION,Deteriorating,Consolidation,Low,BULLISH_STABLE,75.0,Divergence,neutral,C,2.0,fallback,EXIT,HOLD,0.5,Extreme,9,DE-RISK,EXIT,0.0,1,0,4,基础:BULLISH_STABLE(1)；结构-行为背离+1；数据质量C+1；置信度Low+1
01951,锦鑫生殖,2022-02-11,STRUCTURAL_ACCUMULATION,Deteriorating,Consolidation,Low,BULLISH_STABLE,75.0,Divergence,neutral,C,2.0,fallback,REDUCE,HOLD,0.5,Extreme,6,REDUCE,REDUCE,0.2,1,0,4,基础:BULLISH_STABLE(1)；结构-行为背离+1；数据质量C+1；置信度Low+1
01951,锦鑫生殖,2022-02-18,STRUCTURAL_ACCUMULATION,Deteriorating,Consolidation,Low,BULLISH_STABLE,75.0,Divergence,risk_off,C,2.0,fallback,EXIT,HOLD,0.2,Extreme,7,DE-RISK,EXIT,0.0,1,0,5,基础:BULLISH_STABLE(1)；结构-行为背离+1；市场risk_off+1；数据质量C+1；置信度Low+1
01951,锦鑫生殖,2022-02-25,STRUCTURAL_ACCUMULATION,Deteriorating,Consolidation,Low,BULLISH_STABLE,75.0,Divergence,risk_off,C,2.0,fallback,REDUCE,HOLD,0.2,Extreme,5,REDUCE,REDUCE,0.2,1,0,5,基础:BULLISH_STABLE(1)；结构-行为背离+1；市场risk_off+1；数据质量C+1；置信度Low+1
01951,锦鑫生殖,2022-03-04,STRUCTURAL_ACCUMULATION,Improving,Consolidation,Low,BULLISH_STABLE,75.0,Aligned,risk_off,C,2.0,matrix,REDUCE,HOLD,0.5,Extreme,3,WATCH,REDUCE,0.2,1,0,4,基础:BULLISH_STABLE(1)；市场risk_off+1；数据质量C+1；置信度Low+1
01951,锦鑫生殖,2022-03-11,STRUCTURAL_ACCUMULATION,Improving,Consolidation,Low,BULLISH_STABLE,75.0,Aligned,risk_off,C,2.0,matrix,REDUCE,HOLD,0.5,Extreme,4,WATCH,REDUCE,0.2,1,0,4,基础:BULLISH_STABLE(1)；市场risk_off+1；数据质量C+1；置信度Low+1
01951,锦鑫生殖,2022-03-18,STRUCTURAL_ACCUMULATION,Improving,Consolidation,Low,BULLISH_STABLE,75.0,Aligned,risk_off,C,2.0,matrix,REDUCE,HOLD,0.5,Extreme,6,REDUCE,REDUCE,0.2,1,0,4,基础:BULLISH_STABLE(1)；市场risk_off+1；数据质量C+1；置信度Low+1
01951,锦鑫生殖,2022-03-25,STRUCTURAL_ACCUMULATION,Improving,Consolidation,Low,BULLISH_STABLE,75.0,Aligned,risk_off,C,2.0,matrix,EXIT,HOLD,0.5,Extreme,7,DE-RISK,EXIT,0.0,1,0,4,基础:BULLISH_STABLE(1)；市场risk_off+1；数据质量C+1；置信度Low+1
01951,锦鑫生殖,2022-04-01,STRUCTURAL_ACCUMULATION,Deteriorating,Consolidation,Low,BULLISH_STABLE,75.0,Divergence,risk_off,C,1.0,fallback,EXIT,HOLD,0.2,Extreme,9,DE-RISK,EXIT,0.0,1,0,5,基础:BULLISH_STABLE(1)；结构-行为背离+1；市场risk_off+1；数据质量C+1；置信度Low+1
01951,锦鑫生殖,2022-04-08,STRUCTURAL_ACCUMULATION,Deteriorating,Consolidation,Low,BULLISH_STABLE,75.0,Divergence,risk_off,C,1.0,fallback,EXIT,HOLD,0.2,Extreme,9,DE-RISK,EXIT,0.0,1,0,5,基础:BULLISH_STABLE(1)；结构-行为背离+1；市场risk_off+1；数据质量C+1；置信度Low+1
01951,锦鑫生殖,2022-04-15,STRUCTURAL_ACCUMULATION,Deteriorating,Consolidation,Low,BULLISH_STABLE,75.0,Divergence,risk_off,C,1.0,fallback,REDUCE,HOLD,0.2,Extreme,6,REDUCE,REDUCE,0.2,1,0,5,基础:BULLISH_STABLE(1)；结构-行为背离+1；市场risk_off+1；数据质量C+1；置信度Low+1
01951,锦鑫生殖,2022-04-22,STRUCTURAL_ACCUMULATION,Deteriorating,Consolidation,Low,BULLISH_STABLE,75.0,Divergence,risk_off,C,1.0,fallback,EXIT,HOLD,0.2,Extreme,9,DE-RISK,EXIT,0.0,1,0,5,基础:BULLISH_STABLE(1)；结构-行为背离+1；市场risk_off+1；数据质量C+1；置信度Low+1
01951,锦鑫生殖,2022-04-29,STRUCTURAL_ACCUMULATION,Deteriorating,Consolidation,Low,BULLISH_STABLE,75.0,Divergence,risk_off,C,1.0,fallback,REDUCE,HOLD,0.2,Extreme,6,REDUCE,REDUCE,0.2,1,0,5,基础:BULLISH_STABLE(1)；结构-行为背离+1；市场risk_off+1；数据质量C+1；置信度Low+1
01951,锦鑫生殖,2022-05-06,STRUCTURAL_ACCUMULATION,Stable,Consolidation,Low,BULLISH_STABLE,75.0,Aligned,risk_off,C,1.0,fallback,REDUCE,HOLD,0.5,Extreme,6,REDUCE,REDUCE,0.2,1,0,4,基础:BULLISH_STABLE(1)；市场risk_off+1；数据质量C+1；置信度Low+1
01951,锦鑫生殖,2022-05-13,STRUCTURAL_ACCUMULATION,Stable,Consolidation,Low,BULLISH_STABLE,75.0,Aligned,risk_off,C,1.0,fallback,REDUCE,HOLD,0.5,Extreme,6,REDUCE,REDUCE,0.2,1,0,4,基础:BULLISH_STABLE(1)；市场risk_off+1；数据质量C+1；置信度Low+1
01951,锦鑫生殖,2022-05-20,STRUCTURAL_ACCUMULATION,Stable,Consolidation,Low,BULLISH_STABLE,75.0,Aligned,risk_off,C,0.0,fallback,EXIT,HOLD,0.5,Extreme,7,DE-RISK,EXIT,0.0,1,0,4,基础:BULLISH_STABLE(1)；市场risk_off+1；数据质量C+1；置信度Low+1
01951,锦鑫生殖,2022-05-27,STRUCTURAL_ACCUMULATION,Stable,Consolidation,Low,BULLISH_STABLE,75.0,Aligned,risk_off,C,0.0,fallback,REDUCE,HOLD,0.5,Extreme,5,REDUCE,REDUCE,0.2,1,0,4,基础:BULLISH_STABLE(1)；市场risk_off+1；数据质量C+1；置信度Low+1
01951,锦鑫生殖,2022-06-03,STRUCTURAL_ACCUMULATION,Improving,Consolidation,Low,BULLISH_STABLE,75.0,Aligned,risk_off,C,0.0,matrix,REDUCE,HOLD,0.5,Extreme,5,REDUCE,REDUCE,0.2,1,0,4,基础:BULLISH_STABLE(1)；市场risk_off+1；数据质量C+1；置信度Low+1
01951,锦鑫生殖,2022-06-10,STRUCTURAL_ACCUMULATION,Improving,Consolidation,Low,BULLISH_STABLE,75.0,Aligned,risk_off,C,0.0,matrix,REDUCE,HOLD,0.5,Extreme,4,WATCH,REDUCE,0.2,1,0,4,基础:BULLISH_STABLE(1)；市场risk_off+1；数据质量C+1；置信度Low+1
01951,锦鑫生殖,2022-06-17,STRUCTURAL_ACCUMULATION,Improving,Consolidation,Low,BULLISH_STABLE,75.0,Aligned,risk_off,C,0.0,matrix,REDUCE,HOLD,0.5,Extreme,4,WATCH,REDUCE,0.2,1,0,4,基础:BULLISH_STABLE(1)；市场risk_off+1；数据质量C+1；置信度Low+1
01951,锦鑫生殖,2022-06-24,STRUCTURAL_ACCUMULATION,Improving,Consolidation,Low,BULLISH_STABLE,75.0,Aligned,risk_off,C,0.0,matrix,REDUCE,HOLD,0.5,Extreme,1,NORMAL,REDUCE,0.2,1,0,4,基础:BULLISH_STABLE(1)；市场risk_off+1；数据质量C+1；置信度Low+1
01951,锦鑫生殖,2022-07-01,STRUCTURAL_ACCUMULATION,Improving,Consolidation,Low,BULLISH_STABLE,75.0,Aligned,risk_off,C,0.0,matrix,HOLD,HOLD,0.5,High,2,NORMAL,HOLD,0.5,0,0,4,基础:BULLISH_STABLE(1)；市场risk_off+1；数据质量C+1；置信度Low+1
01951,锦鑫生殖,2022-07-08,STRUCTURAL_ACCUMULATION,Improving,Consolidation,Low,BULLISH_STABLE,75.0,Aligned,risk_off,C,0.0,matrix,HOLD,HOLD,0.5,High,1,NORMAL,HOLD,0.5,0,0,4,基础:BULLISH_STABLE(1)；市场risk_off+1；数据质量C+1；置信度Low+1
01951,锦鑫生殖,2022-07-15,STRUCTURAL_ACCUMULATION,Improving,Consolidation,Low,BULLISH_STABLE,75.0,Aligned,risk_off,C,0.0,matrix,REDUCE,HOLD,0.5,Extreme,5,REDUCE,REDUCE,0.2,1,0,4,基础:BULLISH_STABLE(1)；市场risk_off+1；数据质量C+1；置信度Low+1
01951,锦鑫生殖,2022-07-22,STRUCTURAL_ACCUMULATION,Improving,Consolidation,Low,BULLISH_STABLE,75.0,Aligned,risk_off,C,0.0,matrix,REDUCE,HOLD,0.5,Extreme,2,NORMAL,REDUCE,0.2,1,0,4,基础:BULLISH_STABLE(1)；市场risk_off+1；数据质量C+1；置信度Low+1
01951,锦鑫生殖,2022-07-29,STRUCTURAL_ACCUMULATION,Improving,Consolidation,Low,BULLISH_STABLE,75.0,Aligned,risk_off,C,0.0,matrix,HOLD,HOLD,0.5,High,7,DE-RISK,HOLD,0.5,1,0,4,基础:BULLISH_STABLE(1)；市场risk_off+1；数据质量C+1；置信度Low+1
01951,锦鑫生殖,2022-08-05,STRUCTURAL_ACCUMULATION,Deteriorating,Consolidation,Low,BULLISH_STABLE,75.0,Divergence,neutral,C,0.0,fallback,EXIT,HOLD,0.5,Extreme,8,DE-RISK,EXIT,0.0,1,0,4,基础:BULLISH_STABLE(1)；结构-行为背离+1；数据质量C+1；置信度Low+1
01951,锦鑫生殖,2022-08-12,STRUCTURAL_ACCUMULATION,Deteriorating,Consolidation,Low,BULLISH_STABLE,75.0,Divergence,risk_off,C,0.0,fallback,REDUCE,HOLD,0.2,Extreme,5,REDUCE,REDUCE,0.2,1,0,5,基础:BULLISH_STABLE(1)；结构-行为背离+1；市场risk_off+1；数据质量C+1；置信度Low+1
01951,锦鑫生殖,2022-08-19,STRUCTURAL_ACCUMULATION,Deteriorating,Consolidation,Low,BULLISH_STABLE,75.0,Divergence,neutral,C,1.0,fallback,EXIT,HOLD,0.5,Extreme,7,DE-RISK,EXIT,0.0,1,0,4,基础:BULLISH_STABLE(1)；结构-行为背离+1；数据质量C+1；置信度Low+1
01951,锦鑫生殖,2022-08-26,STRUCTURAL_ACCUMULATION,Deteriorating,Consolidation,Low,BULLISH_STABLE,75.0,Divergence,risk_off,C,1.0,fallback,REDUCE,HOLD,0.2,Extreme,5,REDUCE,REDUCE,0.2,1,0,5,基础:BULLISH_STABLE(1)；结构-行为背离+1；市场risk_off+1；数据质量C+1；置信度Low+1
01951,锦鑫生殖,2022-09-02,STRUCTURAL_ACCUMULATION,Deteriorating,Consolidation,Low,BULLISH_STABLE,75.0,Divergence,risk_off,C,1.0,fallback,REDUCE,HOLD,0.2,Extreme,6,REDUCE,REDUCE,0.2,1,0,5,基础:BULLISH_STABLE(1)；结构-行为背离+1；市场risk_off+1；数据质量C+1；置信度Low+1
01951,锦鑫生殖,2022-09-09,STRUCTURAL_ACCUMULATION,Deteriorating,Consolidation,Low,BULLISH_STABLE,75.0,Divergence,risk_off,C,1.0,fallback,REDUCE,HOLD,0.2,Extreme,6,REDUCE,REDUCE,0.2,1,0,5,基础:BULLISH_STABLE(1)；结构-行为背离+1；市场risk_off+1；数据质量C+1；置信度Low+1
01951,锦鑫生殖,2022-09-16,STRUCTURAL_ACCUMULATION,Deteriorating,Consolidation,Low,BULLISH_STABLE,75.0,Divergence,risk_off,C,1.0,fallback,EXIT,HOLD,0.2,Extreme,7,DE-RISK,EXIT,0.0,1,0,5,基础:BULLISH_STABLE(1)；结构-行为背离+1；市场risk_off+1；数据质量C+1；置信度Low+1
01951,锦鑫生殖,2022-09-23,STRUCTURAL_ACCUMULATION,Deteriorating,Consolidation,Low,BULLISH_STABLE,75.0,Divergence,risk_off,C,1.0,fallback,REDUCE,HOLD,0.2,Extreme,6,REDUCE,REDUCE,0.2,1,0,5,基础:BULLISH_STABLE(1)；结构-行为背离+1；市场risk_off+1；数据质量C+1；置信度Low+1
01951,锦鑫生殖,2022-09-30,STRUCTURAL_ACCUMULATION,Deteriorating,Breakdown,Low,BULLISH_WARNING,55.0,Divergence,risk_off,C,2.0,matrix,EXIT,REDUCE,0.2,Extreme,8,DE-RISK,EXIT,0.0,1,0,6,基础:BULLISH_WARNING(2)；结构-行为背离+1；市场risk_off+1；数据质量C+1；置信度Low+1
01951,锦鑫生殖,2022-10-07,STRUCTURAL_ACCUMULATION,Deteriorating,Consolidation,Low,BULLISH_STABLE,75.0,Divergence,risk_off,C,2.0,fallback,REDUCE,HOLD,0.2,Extreme,6,REDUCE,REDUCE,0.2,1,0,5,基础:BULLISH_STABLE(1)；结构-行为背离+1；市场risk_off+1；数据质量C+1；置信度Low+1
01951,锦鑫生殖,2022-10-14,STRUCTURAL_ACCUMULATION,Deteriorating,Consolidation,Low,BULLISH_STABLE,75.0,Divergence,risk_off,C,2.0,fallback,REDUCE,HOLD,0.2,Extreme,6,REDUCE,REDUCE,0.2,1,0,5,基础:BULLISH_STABLE(1)；结构-行为背离+1；市场risk_off+1；数据质量C+1；置信度Low+1
01951,锦鑫生殖,2022-10-21,STRUCTURAL_ACCUMULATION,Deteriorating,Consolidation,Low,BULLISH_STABLE,75.0,Divergence,risk_off,C,2.0,fallback,REDUCE,HOLD,0.2,Extreme,6,REDUCE,REDUCE,0.2,1,0,5,基础:BULLISH_STABLE(1)；结构-行为背离+1；市场risk_off+1；数据质量C+1；置信度Low+1
01951,锦鑫生殖,2022-10-28,STRUCTURAL_ACCUMULATION,Deteriorating,Consolidation,Low,BULLISH_STABLE,75.0,Divergence,risk_off,C,2.0,fallback,REDUCE,HOLD,0.2,Extreme,6,REDUCE,REDUCE,0.2,1,0,5,基础:BULLISH_STABLE(1)；结构-行为背离+1；市场risk_off+1；数据质量C+1；置信度Low+1
01951,锦鑫生殖,2022-11-04,STRUCTURAL_ACCUMULATION,Deteriorating,Consolidation,Low,BULLISH_STABLE,75.0,Divergence,risk_off,C,1.0,fallback,REDUCE,HOLD,0.2,Extreme,6,REDUCE,REDUCE,0.2,1,0,5,基础:BULLISH_STABLE(1)；结构-行为背离+1；市场risk_off+1；数据质量C+1；置信度Low+1
01951,锦鑫生殖,2022-11-11,STRUCTURAL_ACCUMULATION,Deteriorating,Consolidation,Low,BULLISH_STABLE,75.0,Divergence,risk_off,C,1.0,fallback,REDUCE,HOLD,0.2,Extreme,3,WATCH,REDUCE,0.2,1,0,5,基础:BULLISH_STABLE(1)；结构-行为背离+1；市场risk_off+1；数据质量C+1；置信度Low+1
01951,锦鑫生殖,2022-11-18,STRUCTURAL_ACCUMULATION,Deteriorating,Consolidation,Low,BULLISH_STABLE,75.0,Divergence,risk_off,C,0.0,fallback,REDUCE,HOLD,0.2,Extreme,1,NORMAL,REDUCE,0.2,1,0,5,基础:BULLISH_STABLE(1)；结构-行为背离+1；市场risk_off+1；数据质量C+1；置信度Low+1
01951,锦鑫生殖,2022-11-25,STRUCTURAL_ACCUMULATION,Deteriorating,Consolidation,Low,BULLISH_STABLE,75.0,Divergence,risk_off,C,0.0,fallback,HOLD,HOLD,0.2,Extreme,1,NORMAL,HOLD,0.2,0,0,5,基础:BULLISH_STABLE(1)；结构-行为背离+1；市场risk_off+1；数据质量C+1；置信度Low+1
01951,锦鑫生殖,2022-12-02,STRUCTURAL_ACCUMULATION,Deteriorating,Consolidation,Low,BULLISH_STABLE,75.0,Divergence,risk_off,C,0.0,fallback,HOLD,HOLD,0.2,Extreme,1,NORMAL,HOLD,0.2,0,0,5,基础:BULLISH_STABLE(1)；结构-行为背离+1；市场risk_off+1；数据质量C+1；置信度Low+1
01951,锦鑫生殖,2022-12-09,STRUCTURAL_ACCUMULATION,Deteriorating,Breakout,Low,BULLISH_STABLE,75.0,Divergence,risk_off,C,0.0,fallback,HOLD,HOLD,0.2,Extreme,1,NORMAL,HOLD,0.2,0,0,5,基础:BULLISH_STABLE(1)；结构-行为背离+1；市场risk_off+1；数据质量C+1；置信度Low+1
01951,锦鑫生殖,2022-12-16,STRUCTURAL_ACCUMULATION,Deteriorating,Consolidation,Low,BULLISH_STABLE,75.0,Divergence,risk_off,C,0.0,fallback,HOLD,HOLD,0.2,Extreme,1,NORMAL,HOLD,0.2,0,0,5,基础:BULLISH_STABLE(1)；结构-行为背离+1；市场risk_off+1；数据质量C+1；置信度Low+1
01951,锦鑫生殖,2022-12-23,STRUCTURAL_ACCUMULATION,Deteriorating,Consolidation,Low,BULLISH_STABLE,75.0,Divergence,risk_off,C,0.0,fallback,HOLD,HOLD,0.2,Extreme,1,NORMAL,HOLD,0.2,0,0,5,基础:BULLISH_STABLE(1)；结构-行为背离+1；市场risk_off+1；数据质量C+1；置信度Low+1
01951,锦鑫生殖,2022-12-30,STRUCTURAL_ACCUMULATION,Deteriorating,Consolidation,Low,BULLISH_STABLE,75.0,Divergence,risk_off,C,0.0,fallback,HOLD,HOLD,0.2,Extreme,1,NORMAL,HOLD,0.2,0,0,5,基础:BULLISH_STABLE(1)；结构-行为背离+1；市场risk_off+1；数据质量C+1；置信度Low+1
01951,锦鑫生殖,2023-01-06,STRUCTURAL_ACCUMULATION,Deteriorating,Pullback,Low,BULLISH_STABLE,75.0,Divergence,risk_off,C,0.0,fallback,REDUCE,HOLD,0.2,Extreme,5,REDUCE,REDUCE,0.2,1,0,5,基础:BULLISH_STABLE(1)；结构-行为背离+1；市场risk_off+1；数据质量C+1；置信度Low+1
01951,锦鑫生殖,2023-01-13,STRUCTURAL_ACCUMULATION,Deteriorating,Consolidation,Low,BULLISH_STABLE,75.0,Divergence,risk_on,C,0.0,fallback,REDUCE,HOLD,0.5,Extreme,1,NORMAL,REDUCE,0.2,1,0,4,基础:BULLISH_STABLE(1)；结构-行为背离+1；数据质量C+1；置信度Low+1
01951,锦鑫生殖,2023-01-20,STRUCTURAL_ACCUMULATION,Deteriorating,Consolidation,Low,BULLISH_STABLE,75.0,Divergence,risk_on,C,0.0,fallback,HOLD,HOLD,0.5,High,2,NORMAL,HOLD,0.5,0,0,4,基础:BULLISH_STABLE(1)；结构-行为背离+1；数据质量C+1；置信度Low+1
01951,锦鑫生殖,2023-01-27,STRUCTURAL_ACCUMULATION,Deteriorating,Consolidation,Low,BULLISH_STABLE,75.0,Divergence,risk_on,C,0.0,fallback,HOLD,HOLD,0.5,High,1,NORMAL,HOLD,0.5,0,0,4,基础:BULLISH_STABLE(1)；结构-行为背离+1；数据质量C+1；置信度Low+1
01951,锦鑫生殖,2023-02-03,STRUCTURAL_ACCUMULATION,Deteriorating,Consolidation,Low,BULLISH_STABLE,75.0,Divergence,risk_on,C,0.0,fallback,HOLD,HOLD,0.5,High,2,NORMAL,HOLD,0.5,0,0,4,基础:BULLISH_STABLE(1)；结构-行为背离+1；数据质量C+1；置信度Low+1
01951,锦鑫生殖,2023-02-10,STRUCTURAL_ACCUMULATION,Deteriorating,Pullback,Low,BULLISH_STABLE,75.0,Divergence,risk_on,C,0.0,fallback,HOLD,HOLD,0.5,High,4,WATCH,HOLD,0.5,0,0,4,基础:BULLISH_STABLE(1)；结构-行为背离+1；数据质量C+1；置信度Low+1
01951,锦鑫生殖,2023-02-17,STRUCTURAL_BULLISH,Deteriorating,Consolidation,Medium,BULLISH_STABLE,75.0,Divergence,risk_on,C,1.0,fallback,REDUCE,HOLD,0.75,Extreme,6,REDUCE,REDUCE,0.2,1,0,3,基础:BULLISH_STABLE(1)；结构-行为背离+1；数据质量C+1
01951,锦鑫生殖,2023-02-24,STRUCTURAL_BULLISH,Deteriorating,Consolidation,Medium,BULLISH_STABLE,75.0,Divergence,risk_off,C,1.0,fallback,EXIT,HOLD,0.5,Extreme,7,DE-RISK,EXIT,0.0,1,0,4,基础:BULLISH_STABLE(1)；结构-行为背离+1；市场risk_off+1；数据质量C+1
01951,锦鑫生殖,2023-03-03,STRUCTURAL_BULLISH,Deteriorating,Consolidation,Medium,BULLISH_STABLE,75.0,Divergence,risk_off,C,1.0,fallback,HOLD,HOLD,0.5,High,4,WATCH,HOLD,0.5,0,0,4,基础:BULLISH_STABLE(1)；结构-行为背离+1；市场risk_off+1；数据质量C+1
01951,锦鑫生殖,2023-03-10,STRUCTURAL_BULLISH,Deteriorating,Consolidation,Medium,BULLISH_STABLE,75.0,Divergence,risk_off,C,1.0,fallback,EXIT,HOLD,0.5,Extreme,9,DE-RISK,EXIT,0.0,1,0,4,基础:BULLISH_STABLE(1)；结构-行为背离+1；市场risk_off+1；数据质量C+1
01951,锦鑫生殖,2023-03-17,STRUCTURAL_BULLISH,Deteriorating,Consolidation,Medium,BULLISH_STABLE,75.0,Divergence,risk_off,C,1.0,fallback,REDUCE,HOLD,0.5,Extreme,6,REDUCE,REDUCE,0.2,1,0,4,基础:BULLISH_STABLE(1)；结构-行为背离+1；市场risk_off+1；数据质量C+1
01951,锦鑫生殖,2023-03-24,STRUCTURAL_BULLISH,Deteriorating,Consolidation,Medium,BULLISH_STABLE,75.0,Divergence,risk_off,C,1.0,fallback,EXIT,HOLD,0.5,Extreme,7,DE-RISK,EXIT,0.0,1,0,4,基础:BULLISH_STABLE(1)；结构-行为背离+1；市场risk_off+1；数据质量C+1
01951,锦鑫生殖,2023-03-31,STRUCTURAL_BULLISH,Stable,Consolidation,Medium,BULLISH_STABLE,75.0,Aligned,risk_off,C,1.0,matrix,REDUCE,HOLD,0.75,Extreme,6,REDUCE,REDUCE,0.2,1,0,3,基础:BULLISH_STABLE(1)；市场risk_off+1；数据质量C+1
01951,锦鑫生殖,2023-04-07,STRUCTURAL_BULLISH,Stable,Consolidation,Medium,BULLISH_STABLE,75.0,Aligned,risk_off,C,1.0,matrix,REDUCE,HOLD,0.75,Extreme,6,REDUCE,REDUCE,0.2,1,0,3,基础:BULLISH_STABLE(1)；市场risk_off+1；数据质量C+1
01951,锦鑫生殖,2023-04-14,STRUCTURAL_BULLISH,Stable,Consolidation,Medium,BULLISH_STABLE,75.0,Aligned,risk_off,C,1.0,matrix,REDUCE,HOLD,0.75,Extreme,5,REDUCE,REDUCE,0.2,1,0,3,基础:BULLISH_STABLE(1)；市场risk_off+1；数据质量C+1
01951,锦鑫生殖,2023-04-21,STRUCTURAL_BULLISH,Stable,Consolidation,Medium,BULLISH_STABLE,75.0,Aligned,risk_off,C,1.0,matrix,REDUCE,HOLD,0.75,Extreme,4,WATCH,REDUCE,0.2,1,0,3,基础:BULLISH_STABLE(1)；市场risk_off+1；数据质量C+1
01951,锦鑫生殖,2023-04-28,STRUCTURAL_BULLISH,Stable,Consolidation,Medium,BULLISH_STABLE,75.0,Aligned,risk_off,C,1.0,matrix,EXIT,HOLD,0.75,Extreme,8,DE-RISK,EXIT,0.0,1,0,3,基础:BULLISH_STABLE(1)；市场risk_off+1；数据质量C+1
01951,锦鑫生殖,2023-05-05,STRUCTURAL_BULLISH,Deteriorating,Consolidation,Medium,BULLISH_STABLE,75.0,Divergence,risk_off,C,2.0,fallback,REDUCE,HOLD,0.5,Extreme,5,REDUCE,REDUCE,0.2,1,0,4,基础:BULLISH_STABLE(1)；结构-行为背离+1；市场risk_off+1；数据质量C+1
01951,锦鑫生殖,2023-05-12,STRUCTURAL_BULLISH,Deteriorating,Breakdown,Medium,BULLISH_WARNING,55.0,Divergence,risk_off,C,2.0,matrix,EXIT,REDUCE,0.2,Extreme,8,DE-RISK,EXIT,0.0,1,0,5,基础:BULLISH_WARNING(2)；结构-行为背离+1；市场risk_off+1；数据质量C+1
01951,锦鑫生殖,2023-05-19,STRUCTURAL_DECLINE,Deteriorating,Breakdown,Low,BEARISH_CONFIRMED,20.0,Aligned,risk_off,C,1.0,matrix,EXIT,EXIT,0.0,Extreme,9,DE-RISK,EXIT,0.0,1,0,6,基础:BEARISH_CONFIRMED(3)；市场risk_off+1；数据质量C+1；置信度Low+1
01951,锦鑫生殖,2023-05-26,STRUCTURAL_DECLINE,Deteriorating,Breakdown,Low,BEARISH_CONFIRMED,20.0,Aligned,risk_off,C,1.0,matrix,EXIT,EXIT,0.0,Extreme,12,DE-RISK,EXIT,0.0,1,0,6,基础:BEARISH_CONFIRMED(3)；市场risk_off+1；数据质量C+1；置信度Low+1
01951,锦鑫生殖,2023-06-02,STRUCTURAL_DECLINE,Deteriorating,Consolidation,Low,BEARISH_CONFIRMED,20.0,Aligned,risk_off,C,1.0,fallback,EXIT,EXIT,0.0,Extreme,6,REDUCE,EXIT,0.0,1,0,6,基础:BEARISH_CONFIRMED(3)；市场risk_off+1；数据质量C+1；置信度Low+1
01951,锦鑫生殖,2023-06-09,STRUCTURAL_DECLINE,Deteriorating,Consolidation,Low,BEARISH_CONFIRMED,20.0,Aligned,neutral,C,1.0,fallback,EXIT,EXIT,0.0,Extreme,6,REDUCE,EXIT,0.0,1,0,5,基础:BEARISH_CONFIRMED(3)；数据质量C+1；置信度Low+1
01951,锦鑫生殖,2023-06-16,STRUCTURAL_DECLINE,Deteriorating,Consolidation,Low,BEARISH_CONFIRMED,20.0,Aligned,risk_on,C,1.0,fallback,EXIT,EXIT,0.0,Extreme,5,REDUCE,EXIT,0.0,1,0,5,基础:BEARISH_CONFIRMED(3)；数据质量C+1；置信度Low+1
01951,锦鑫生殖,2023-06-23,STRUCTURAL_DECLINE,Deteriorating,Consolidation,Low,BEARISH_CONFIRMED,20.0,Aligned,risk_off,C,1.0,fallback,EXIT,EXIT,0.0,Extreme,6,REDUCE,EXIT,0.0,1,0,6,基础:BEARISH_CONFIRMED(3)；市场risk_off+1；数据质量C+1；置信度Low+1
01951,锦鑫生殖,2023-06-30,STRUCTURAL_DECLINE,Improving,Consolidation,Low,BEARISH_CONFIRMED,20.0,Divergence,risk_off,C,1.0,fallback,EXIT,EXIT,0.0,Extreme,8,DE-RISK,EXIT,0.0,1,0,7,基础:BEARISH_CONFIRMED(3)；结构-行为背离+1；市场risk_off+1；数据质量C+1；置信度Low+1
01951,锦鑫生殖,2023-07-07,STRUCTURAL_DECLINE,Improving,Consolidation,Low,BEARISH_CONFIRMED,20.0,Divergence,risk_off,C,1.0,fallback,EXIT,EXIT,0.0,Extreme,5,REDUCE,EXIT,0.0,1,0,7,基础:BEARISH_CONFIRMED(3)；结构-行为背离+1；市场risk_off+1；数据质量C+1；置信度Low+1
01951,锦鑫生殖,2023-07-14,STRUCTURAL_DECLINE,Improving,Consolidation,Low,BEARISH_CONFIRMED,20.0,Divergence,risk_off,C,1.0,fallback,EXIT,EXIT,0.0,Extreme,5,REDUCE,EXIT,0.0,1,0,7,基础:BEARISH_CONFIRMED(3)；结构-行为背离+1；市场risk_off+1；数据质量C+1；置信度Low+1
01951,锦鑫生殖,2023-07-21,STRUCTURAL_DECLINE,Improving,Consolidation,Low,BEARISH_CONFIRMED,20.0,Divergence,risk_off,C,1.0,fallback,EXIT,EXIT,0.0,Extreme,6,REDUCE,EXIT,0.0,1,0,7,基础:BEARISH_CONFIRMED(3)；结构-行为背离+1；市场risk_off+1；数据质量C+1；置信度Low+1
01951,锦鑫生殖,2023-07-28,STRUCTURAL_DECLINE,Improving,Consolidation,Low,BEARISH_CONFIRMED,20.0,Divergence,risk_off,C,1.0,fallback,EXIT,EXIT,0.0,Extreme,4,WATCH,EXIT,0.0,1,0,7,基础:BEARISH_CONFIRMED(3)；结构-行为背离+1；市场risk_off+1；数据质量C+1；置信度Low+1
01951,锦鑫生殖,2023-08-04,STRUCTURAL_DECLINE,Improving,Consolidation,Low,BEARISH_CONFIRMED,20.0,Divergence,risk_off,C,1.0,fallback,EXIT,EXIT,0.0,Extreme,4,WATCH,EXIT,0.0,1,0,7,基础:BEARISH_CONFIRMED(3)；结构-行为背离+1；市场risk_off+1；数据质量C+1；置信度Low+1
01951,锦鑫生殖,2023-08-11,STRUCTURAL_DECLINE,Improving,Consolidation,Low,BEARISH_CONFIRMED,20.0,Divergence,risk_off,C,1.0,fallback,EXIT,EXIT,0.0,Extreme,6,REDUCE,EXIT,0.0,1,0,7,基础:BEARISH_CONFIRMED(3)；结构-行为背离+1；市场risk_off+1；数据质量C+1；置信度Low+1
01951,锦鑫生殖,2023-08-18,STRUCTURAL_DECLINE,Improving,Consolidation,Low,BULLISH_WARNING,55.0,Divergence,risk_off,C,1.0,tactical_override,EXIT,REDUCE,0.2,Extreme,9,DE-RISK,EXIT,0.0,1,1,6,基础:BULLISH_WARNING(2)；结构-行为背离+1；市场risk_off+1；数据质量C+1；置信度Low+1
01951,锦鑫生殖,2023-08-25,STRUCTURAL_DECLINE,Improving,Breakdown,Low,BEARISH_CONFIRMED,20.0,Divergence,risk_off,C,1.0,fallback,EXIT,EXIT,0.0,Extreme,10,DE-RISK,EXIT,0.0,1,0,7,基础:BEARISH_CONFIRMED(3)；结构-行为背离+1；市场risk_off+1；数据质量C+1；置信度Low+1
01951,锦鑫生殖,2023-09-01,STRUCTURAL_DECLINE,Deteriorating,Consolidation,Low,BULLISH_WARNING,55.0,Aligned,risk_off,C,1.0,tactical_override,REDUCE,REDUCE,0.2,Extreme,5,REDUCE,REDUCE,0.2,1,1,5,基础:BULLISH_WARNING(2)；市场risk_off+1；数据质量C+1；置信度Low+1
01951,锦鑫生殖,2023-09-08,STRUCTURAL_DECLINE,Deteriorating,Consolidation,Low,BULLISH_WARNING,55.0,Aligned,risk_off,C,1.0,tactical_override,EXIT,REDUCE,0.2,Extreme,7,DE-RISK,EXIT,0.0,1,1,5,基础:BULLISH_WARNING(2)；市场risk_off+1；数据质量C+1；置信度Low+1
01951,锦鑫生殖,2023-09-15,STRUCTURAL_DECLINE,Deteriorating,Consolidation,Low,BULLISH_WARNING,55.0,Aligned,risk_off,C,1.0,tactical_override,EXIT,REDUCE,0.2,Extreme,9,DE-RISK,EXIT,0.0,1,1,5,基础:BULLISH_WARNING(2)；市场risk_off+1；数据质量C+1；置信度Low+1
01951,锦鑫生殖,2023-09-22,STRUCTURAL_DECLINE,Deteriorating,Consolidation,Low,BULLISH_WARNING,55.0,Aligned,risk_off,C,1.0,tactical_override,REDUCE,REDUCE,0.2,Extreme,5,REDUCE,REDUCE,0.2,1,1,5,基础:BULLISH_WARNING(2)；市场risk_off+1；数据质量C+1；置信度Low+1
01951,锦鑫生殖,2023-09-29,STRUCTURAL_DECLINE,Deteriorating,Consolidation,Low,BULLISH_WARNING,55.0,Aligned,risk_off,C,1.0,tactical_override,REDUCE,REDUCE,0.2,Extreme,4,WATCH,REDUCE,0.2,1,1,5,基础:BULLISH_WARNING(2)；市场risk_off+1；数据质量C+1；置信度Low+1
01951,锦鑫生殖,2023-10-06,STRUCTURAL_DECLINE,Deteriorating,Consolidation,Low,BULLISH_WARNING,55.0,Aligned,risk_off,C,1.0,tactical_override,REDUCE,REDUCE,0.2,Extreme,3,WATCH,REDUCE,0.2,1,1,5,基础:BULLISH_WARNING(2)；市场risk_off+1；数据质量C+1；置信度Low+1
01951,锦鑫生殖,2023-10-13,STRUCTURAL_DECLINE,Deteriorating,Consolidation,Low,BULLISH_WARNING,55.0,Aligned,risk_off,C,1.0,tactical_override,REDUCE,REDUCE,0.2,Extreme,4,WATCH,REDUCE,0.2,1,1,5,基础:BULLISH_WARNING(2)；市场risk_off+1；数据质量C+1；置信度Low+1
01951,锦鑫生殖,2023-10-20,STRUCTURAL_DECLINE,Deteriorating,Consolidation,Low,BULLISH_WARNING,55.0,Aligned,risk_off,C,1.0,tactical_override,REDUCE,REDUCE,0.2,Extreme,5,REDUCE,REDUCE,0.2,1,1,5,基础:BULLISH_WARNING(2)；市场risk_off+1；数据质量C+1；置信度Low+1
01951,锦鑫生殖,2023-10-27,STRUCTURAL_DECLINE,Deteriorating,Consolidation,Low,BULLISH_WARNING,55.0,Aligned,risk_off,C,1.0,tactical_override,REDUCE,REDUCE,0.2,Extreme,4,WATCH,REDUCE,0.2,1,1,5,基础:BULLISH_WARNING(2)；市场risk_off+1；数据质量C+1；置信度Low+1
01951,锦鑫生殖,2023-11-03,STRUCTURAL_DECLINE,Improving,Consolidation,Low,BULLISH_WARNING,55.0,Divergence,risk_off,C,1.0,tactical_override,REDUCE,REDUCE,0.2,Extreme,1,NORMAL,REDUCE,0.2,1,1,6,基础:BULLISH_WARNING(2)；结构-行为背离+1；市场risk_off+1；数据质量C+1；置信度Low+1
01951,锦鑫生殖,2023-11-10,STRUCTURAL_DECLINE,Improving,Consolidation,Low,BULLISH_WARNING,55.0,Divergence,risk_off,C,1.0,tactical_override,REDUCE,REDUCE,0.2,Extreme,2,NORMAL,REDUCE,0.2,1,1,6,基础:BULLISH_WARNING(2)；结构-行为背离+1；市场risk_off+1；数据质量C+1；置信度Low+1
01951,锦鑫生殖,2023-11-17,STRUCTURAL_DECLINE,Improving,Consolidation,Medium,BULLISH_WARNING,55.0,Divergence,neutral,C,1.0,tactical_override,REDUCE,REDUCE,0.2,Extreme,4,WATCH,REDUCE,0.2,1,1,4,基础:BULLISH_WARNING(2)；结构-行为背离+1；数据质量C+1
01951,锦鑫生殖,2023-11-24,STRUCTURAL_DECLINE,Improving,Consolidation,Medium,BULLISH_WARNING,55.0,Divergence,risk_off,C,1.0,tactical_override,REDUCE,REDUCE,0.2,Extreme,5,REDUCE,REDUCE,0.2,1,1,5,基础:BULLISH_WARNING(2)；结构-行为背离+1；市场risk_off+1；数据质量C+1
01951,锦鑫生殖,2023-12-01,STRUCTURAL_DECLINE,Stable,Consolidation,Medium,BULLISH_WARNING,55.0,Aligned,risk_off,C,1.0,tactical_override,REDUCE,REDUCE,0.2,Extreme,5,REDUCE,REDUCE,0.2,1,1,4,基础:BULLISH_WARNING(2)；市场risk_off+1；数据质量C+1
01951,锦鑫生殖,2023-12-08,STRUCTURAL_DECLINE,Stable,Breakdown,Medium,BEARISH_CONFIRMED,20.0,Aligned,risk_off,C,1.0,fallback,EXIT,EXIT,0.0,Extreme,12,DE-RISK,EXIT,0.0,1,0,5,基础:BEARISH_CONFIRMED(3)；市场risk_off+1；数据质量C+1
01951,锦鑫生殖,2023-12-15,STRUCTURAL_DECLINE,Stable,Breakdown,Medium,BEARISH_CONFIRMED,20.0,Aligned,risk_off,C,1.0,fallback,EXIT,EXIT,0.0,Extreme,8,DE-RISK,EXIT,0.0,1,0,5,基础:BEARISH_CONFIRMED(3)；市场risk_off+1；数据质量C+1
01951,锦鑫生殖,2023-12-22,STRUCTURAL_DECLINE,Stable,Consolidation,Medium,BULLISH_WARNING,55.0,Aligned,risk_off,C,1.0,tactical_override,EXIT,REDUCE,0.2,Extreme,9,DE-RISK,EXIT,0.0,1,1,4,基础:BULLISH_WARNING(2)；市场risk_off+1；数据质量C+1
01951,锦鑫生殖,2023-12-29,STRUCTURAL_DECLINE,Stable,Consolidation,Medium,BULLISH_WARNING,55.0,Aligned,neutral,C,1.0,tactical_override,REDUCE,REDUCE,0.2,Extreme,6,REDUCE,REDUCE,0.2,1,1,3,基础:BULLISH_WARNING(2)；数据质量C+1
01951,锦鑫生殖,2024-01-05,STRUCTURAL_DECLINE,Deteriorating,Breakdown,Medium,BEARISH_CONFIRMED,20.0,Aligned,risk_off,C,1.0,matrix,EXIT,EXIT,0.0,Extreme,8,DE-RISK,EXIT,0.0,1,0,5,基础:BEARISH_CONFIRMED(3)；市场risk_off+1；数据质量C+1
01951,锦鑫生殖,2024-01-12,STRUCTURAL_DECLINE,Deteriorating,Breakdown,Medium,BEARISH_CONFIRMED,20.0,Aligned,risk_off,C,1.0,matrix,EXIT,EXIT,0.0,Extreme,12,DE-RISK,EXIT,0.0,1,0,5,基础:BEARISH_CONFIRMED(3)；市场risk_off+1；数据质量C+1
01951,锦鑫生殖,2024-01-19,STRUCTURAL_DECLINE,Deteriorating,Breakdown,Medium,BEARISH_CONFIRMED,20.0,Aligned,risk_off,C,1.0,matrix,EXIT,EXIT,0.0,Extreme,9,DE-RISK,EXIT,0.0,1,0,5,基础:BEARISH_CONFIRMED(3)；市场risk_off+1；数据质量C+1
01951,锦鑫生殖,2024-01-26,STRUCTURAL_DECLINE,Deteriorating,Breakdown,Medium,BEARISH_CONFIRMED,20.0,Aligned,risk_off,C,1.0,matrix,EXIT,EXIT,0.0,Extreme,9,DE-RISK,EXIT,0.0,1,0,5,基础:BEARISH_CONFIRMED(3)；市场risk_off+1；数据质量C+1
01951,锦鑫生殖,2024-02-02,STRUCTURAL_DECLINE,Deteriorating,Breakdown,Medium,BEARISH_CONFIRMED,20.0,Aligned,risk_off,C,1.0,matrix,EXIT,EXIT,0.0,Extreme,9,DE-RISK,EXIT,0.0,1,0,5,基础:BEARISH_CONFIRMED(3)；市场risk_off+1；数据质量C+1
01951,锦鑫生殖,2024-02-09,STRUCTURAL_DECLINE,Deteriorating,Consolidation,Medium,BULLISH_WARNING,55.0,Aligned,risk_off,C,1.0,tactical_override,EXIT,REDUCE,0.2,Extreme,7,DE-RISK,EXIT,0.0,1,1,4,基础:BULLISH_WARNING(2)；市场risk_off+1；数据质量C+1
01951,锦鑫生殖,2024-02-16,STRUCTURAL_DECLINE,Deteriorating,Consolidation,Low,BULLISH_WARNING,55.0,Aligned,risk_off,C,1.0,tactical_override,REDUCE,REDUCE,0.2,Extreme,6,REDUCE,REDUCE,0.2,1,1,5,基础:BULLISH_WARNING(2)；市场risk_off+1；数据质量C+1；置信度Low+1
01951,锦鑫生殖,2024-02-23,STRUCTURAL_DECLINE,Deteriorating,Consolidation,Low,BULLISH_WARNING,55.0,Aligned,risk_off,C,1.0,tactical_override,REDUCE,REDUCE,0.2,Extreme,5,REDUCE,REDUCE,0.2,1,1,5,基础:BULLISH_WARNING(2)；市场risk_off+1；数据质量C+1；置信度Low+1
01951,锦鑫生殖,2024-03-01,STRUCTURAL_DECLINE,Improving,Consolidation,Low,BULLISH_WARNING,55.0,Divergence,neutral,C,1.0,tactical_override,REDUCE,REDUCE,0.2,Extreme,4,WATCH,REDUCE,0.2,1,1,5,基础:BULLISH_WARNING(2)；结构-行为背离+1；数据质量C+1；置信度Low+1
01951,锦鑫生殖,2024-03-08,STRUCTURAL_DECLINE,Improving,Consolidation,Low,BULLISH_WARNING,55.0,Divergence,neutral,C,1.0,tactical_override,REDUCE,REDUCE,0.2,Extreme,5,REDUCE,REDUCE,0.2,1,1,5,基础:BULLISH_WARNING(2)；结构-行为背离+1；数据质量C+1；置信度Low+1
01951,锦鑫生殖,2024-03-15,STRUCTURAL_DECLINE,Improving,Consolidation,Low,BULLISH_WARNING,55.0,Divergence,neutral,C,1.0,tactical_override,REDUCE,REDUCE,0.2,Extreme,3,WATCH,REDUCE,0.2,1,1,5,基础:BULLISH_WARNING(2)；结构-行为背离+1；数据质量C+1；置信度Low+1
01951,锦鑫生殖,2024-03-22,STRUCTURAL_DECLINE,Improving,Consolidation,Low,BULLISH_WARNING,55.0,Divergence,neutral,C,1.0,tactical_override,EXIT,REDUCE,0.2,Extreme,7,DE-RISK,EXIT,0.0,1,1,5,基础:BULLISH_WARNING(2)；结构-行为背离+1；数据质量C+1；置信度Low+1
01951,锦鑫生殖,2024-03-29,STRUCTURAL_DECLINE,Improving,Consolidation,Low,BULLISH_WARNING,55.0,Divergence,neutral,C,1.0,tactical_override,REDUCE,REDUCE,0.2,Extreme,3,WATCH,REDUCE,0.2,1,1,5,基础:BULLISH_WARNING(2)；结构-行为背离+1；数据质量C+1；置信度Low+1
01951,锦鑫生殖,2024-04-05,STRUCTURAL_DECLINE,Deteriorating,Consolidation,Low,BULLISH_WARNING,55.0,Aligned,neutral,C,1.0,tactical_override,EXIT,REDUCE,0.2,Extreme,7,DE-RISK,EXIT,0.0,1,1,4,基础:BULLISH_WARNING(2)；数据质量C+1；置信度Low+1
01951,锦鑫生殖,2024-04-12,STRUCTURAL_DECLINE,Deteriorating,Consolidation,Low,BULLISH_WARNING,55.0,Aligned,risk_on,C,1.0,tactical_override,REDUCE,REDUCE,0.2,Extreme,5,REDUCE,REDUCE,0.2,1,1,4,基础:BULLISH_WARNING(2)；数据质量C+1；置信度Low+1
01951,锦鑫生殖,2024-04-19,STRUCTURAL_DECLINE,Deteriorating,Consolidation,Low,BULLISH_WARNING,55.0,Aligned,risk_on,C,1.0,tactical_override,EXIT,REDUCE,0.2,Extreme,8,DE-RISK,EXIT,0.0,1,1,4,基础:BULLISH_WARNING(2)；数据质量C+1；置信度Low+1
01951,锦鑫生殖,2024-04-26,STRUCTURAL_DECLINE,Deteriorating,Consolidation,Low,BULLISH_WARNING,55.0,Aligned,risk_on,C,1.0,tactical_override,REDUCE,REDUCE,0.2,Extreme,3,WATCH,REDUCE,0.2,1,1,4,基础:BULLISH_WARNING(2)；数据质量C+1；置信度Low+1
01951,锦鑫生殖,2024-05-03,STRUCTURAL_DECLINE,Stable,Consolidation,Low,BULLISH_WARNING,55.0,Aligned,risk_on,C,1.0,tactical_override,REDUCE,REDUCE,0.2,High,2,NORMAL,REDUCE,0.2,0,1,4,基础:BULLISH_WARNING(2)；数据质量C+1；置信度Low+1
01951,锦鑫生殖,2024-05-10,STRUCTURAL_DECLINE,Stable,Consolidation,Low,BULLISH_WARNING,55.0,Aligned,risk_on,C,1.0,tactical_override,REDUCE,REDUCE,0.2,High,2,NORMAL,REDUCE,0.2,0,1,4,基础:BULLISH_WARNING(2)；数据质量C+1；置信度Low+1
01951,锦鑫生殖,2024-05-17,STRUCTURAL_DECLINE,Stable,Consolidation,Medium,BULLISH_WARNING,55.0,Aligned,risk_on,C,1.0,tactical_override,REDUCE,REDUCE,0.2,Medium,2,NORMAL,REDUCE,0.2,0,1,3,基础:BULLISH_WARNING(2)；数据质量C+1
01951,锦鑫生殖,2024-05-24,STRUCTURAL_DECLINE,Stable,Consolidation,Medium,BULLISH_WARNING,55.0,Aligned,risk_on,C,1.0,tactical_override,REDUCE,REDUCE,0.2,Medium,2,NORMAL,REDUCE,0.2,0,1,3,基础:BULLISH_WARNING(2)；数据质量C+1
01951,锦鑫生殖,2024-05-31,STRUCTURAL_DECLINE,Deteriorating,Consolidation,Low,BULLISH_WARNING,55.0,Aligned,risk_on,C,0.0,tactical_override,REDUCE,REDUCE,0.2,High,4,WATCH,REDUCE,0.2,0,1,4,基础:BULLISH_WARNING(2)；数据质量C+1；置信度Low+1
01951,锦鑫生殖,2024-06-07,STRUCTURAL_DECLINE,Deteriorating,Consolidation,Low,BULLISH_WARNING,55.0,Aligned,risk_on,C,0.0,tactical_override,REDUCE,REDUCE,0.2,High,1,NORMAL,REDUCE,0.2,0,1,4,基础:BULLISH_WARNING(2)；数据质量C+1；置信度Low+1
01951,锦鑫生殖,2024-06-14,STRUCTURAL_DECLINE,Deteriorating,Consolidation,Low,BULLISH_WARNING,55.0,Aligned,risk_on,C,0.0,tactical_override,REDUCE,REDUCE,0.2,High,4,WATCH,REDUCE,0.2,0,1,4,基础:BULLISH_WARNING(2)；数据质量C+1；置信度Low+1
01951,锦鑫生殖,2024-06-21,STRUCTURAL_DECLINE,Deteriorating,Pullback,Low,BULLISH_WARNING,55.0,Aligned,risk_on,C,0.0,tactical_override,REDUCE,REDUCE,0.2,Extreme,6,REDUCE,REDUCE,0.2,1,1,4,基础:BULLISH_WARNING(2)；数据质量C+1；置信度Low+1
01951,锦鑫生殖,2024-06-28,STRUCTURAL_DECLINE,Deteriorating,Consolidation,Low,BULLISH_WARNING,55.0,Aligned,risk_on,C,0.0,tactical_override,REDUCE,REDUCE,0.2,Extreme,6,REDUCE,REDUCE,0.2,1,1,4,基础:BULLISH_WARNING(2)；数据质量C+1；置信度Low+1
01951,锦鑫生殖,2024-07-05,STRUCTURAL_DECLINE,Deteriorating,Pullback,Low,BULLISH_WARNING,55.0,Aligned,risk_on,C,0.0,tactical_override,REDUCE,REDUCE,0.2,High,4,WATCH,REDUCE,0.2,0,1,4,基础:BULLISH_WARNING(2)；数据质量C+1；置信度Low+1
01951,锦鑫生殖,2024-07-12,STRUCTURAL_DECLINE,Deteriorating,Pullback,Low,BULLISH_WARNING,55.0,Aligned,risk_on,C,0.0,tactical_override,REDUCE,REDUCE,0.2,High,4,WATCH,REDUCE,0.2,0,1,4,基础:BULLISH_WARNING(2)；数据质量C+1；置信度Low+1
01951,锦鑫生殖,2024-07-19,STRUCTURAL_DECLINE,Deteriorating,Consolidation,Low,BULLISH_WARNING,55.0,Aligned,risk_on,C,0.0,tactical_override,EXIT,REDUCE,0.2,Extreme,7,DE-RISK,EXIT,0.0,1,1,4,基础:BULLISH_WARNING(2)；数据质量C+1；置信度Low+1
01951,锦鑫生殖,2024-07-26,STRUCTURAL_DECLINE,Deteriorating,Consolidation,Low,BULLISH_WARNING,55.0,Aligned,risk_off,C,0.0,tactical_override,REDUCE,REDUCE,0.2,Extreme,5,REDUCE,REDUCE,0.2,1,1,5,基础:BULLISH_WARNING(2)；市场risk_off+1；数据质量C+1；置信度Low+1
01951,锦鑫生殖,2024-08-02,STRUCTURAL_DECLINE,Deteriorating,Consolidation,Low,BULLISH_WARNING,55.0,Aligned,risk_off,C,0.0,tactical_override,EXIT,REDUCE,0.2,Extreme,7,DE-RISK,EXIT,0.0,1,1,5,基础:BULLISH_WARNING(2)；市场risk_off+1；数据质量C+1；置信度Low+1
01951,锦鑫生殖,2024-08-09,STRUCTURAL_DECLINE,Deteriorating,Consolidation,Low,BULLISH_WARNING,55.0,Aligned,risk_off,C,0.0,tactical_override,REDUCE,REDUCE,0.2,Extreme,6,REDUCE,REDUCE,0.2,1,1,5,基础:BULLISH_WARNING(2)；市场risk_off+1；数据质量C+1；置信度Low+1
01951,锦鑫生殖,2024-08-16,STRUCTURAL_DECLINE,Deteriorating,Consolidation,Medium,BEARISH_CONFIRMED,20.0,Aligned,risk_off,C,0.0,fallback,EXIT,EXIT,0.0,Extreme,6,REDUCE,EXIT,0.0,1,0,5,基础:BEARISH_CONFIRMED(3)；市场risk_off+1；数据质量C+1
01951,锦鑫生殖,2024-08-23,STRUCTURAL_DECLINE,Deteriorating,Consolidation,Medium,BEARISH_CONFIRMED,20.0,Aligned,risk_off,C,0.0,fallback,EXIT,EXIT,0.0,Extreme,8,DE-RISK,EXIT,0.0,1,0,5,基础:BEARISH_CONFIRMED(3)；市场risk_off+1；数据质量C+1
01951,锦鑫生殖,2024-08-30,STRUCTURAL_DECLINE,Deteriorating,Consolidation,Medium,BEARISH_CONFIRMED,20.0,Aligned,risk_off,C,0.0,fallback,EXIT,EXIT,0.0,Extreme,5,REDUCE,EXIT,0.0,1,0,5,基础:BEARISH_CONFIRMED(3)；市场risk_off+1；数据质量C+1
01951,锦鑫生殖,2024-09-06,STRUCTURAL_DECLINE,Deteriorating,Consolidation,Medium,BEARISH_CONFIRMED,20.0,Aligned,risk_off,C,1.0,fallback,EXIT,EXIT,0.0,Extreme,6,REDUCE,EXIT,0.0,1,0,5,基础:BEARISH_CONFIRMED(3)；市场risk_off+1；数据质量C+1
01951,锦鑫生殖,2024-09-13,STRUCTURAL_DECLINE,Deteriorating,Consolidation,Medium,BEARISH_CONFIRMED,20.0,Aligned,risk_off,C,1.0,fallback,EXIT,EXIT,0.0,Extreme,6,REDUCE,EXIT,0.0,1,0,5,基础:BEARISH_CONFIRMED(3)；市场risk_off+1；数据质量C+1
01951,锦鑫生殖,2024-09-20,STRUCTURAL_DECLINE,Deteriorating,Consolidation,Medium,BEARISH_CONFIRMED,20.0,Aligned,neutral,C,1.0,fallback,EXIT,EXIT,0.0,Extreme,6,REDUCE,EXIT,0.0,1,0,4,基础:BEARISH_CONFIRMED(3)；数据质量C+1
01951,锦鑫生殖,2024-09-27,STRUCTURAL_DECLINE,Deteriorating,Consolidation,Medium,BEARISH_CONFIRMED,20.0,Aligned,risk_off,C,1.0,fallback,EXIT,EXIT,0.0,Extreme,2,NORMAL,EXIT,0.0,1,0,5,基础:BEARISH_CONFIRMED(3)；市场risk_off+1；数据质量C+1
01951,锦鑫生殖,2024-10-04,STRUCTURAL_DECLINE,Stable,Breakout,Medium,BEARISH_CONFIRMED,20.0,Aligned,risk_off,C,0.0,fallback,EXIT,EXIT,0.0,Extreme,1,NORMAL,EXIT,0.0,0,0,5,基础:BEARISH_CONFIRMED(3)；市场risk_off+1；数据质量C+1
01951,锦鑫生殖,2024-10-11,STRUCTURAL_DECLINE,Stable,Consolidation,Medium,BEARISH_CONFIRMED,20.0,Aligned,risk_off,C,0.0,fallback,EXIT,EXIT,0.0,Extreme,0,NORMAL,EXIT,0.0,0,0,5,基础:BEARISH_CONFIRMED(3)；市场risk_off+1；数据质量C+1
01951,锦鑫生殖,2024-10-18,STRUCTURAL_DECLINE,Stable,Consolidation,Medium,BEARISH_CONFIRMED,20.0,Aligned,risk_off,C,0.0,fallback,EXIT,EXIT,0.0,Extreme,1,NORMAL,EXIT,0.0,0,0,5,基础:BEARISH_CONFIRMED(3)；市场risk_off+1；数据质量C+1
01951,锦鑫生殖,2024-10-25,STRUCTURAL_DECLINE,Stable,Consolidation,Medium,BEARISH_CONFIRMED,20.0,Aligned,risk_off,C,0.0,fallback,EXIT,EXIT,0.0,Extreme,0,NORMAL,EXIT,0.0,0,0,5,基础:BEARISH_CONFIRMED(3)；市场risk_off+1；数据质量C+1
01951,锦鑫生殖,2024-11-01,STRUCTURAL_DECLINE,Deteriorating,Pullback,Low,BEARISH_CONFIRMED,20.0,Aligned,risk_off,C,-1.0,fallback,EXIT,EXIT,0.0,Extreme,1,NORMAL,EXIT,0.0,0,0,6,基础:BEARISH_CONFIRMED(3)；市场risk_off+1；数据质量C+1；置信度Low+1
01951,锦鑫生殖,2024-11-08,STRUCTURAL_DECLINE,Deteriorating,Consolidation,Low,BEARISH_CONFIRMED,20.0,Aligned,risk_off,C,-1.0,fallback,EXIT,EXIT,0.0,Extreme,4,WATCH,EXIT,0.0,0,0,6,基础:BEARISH_CONFIRMED(3)；市场risk_off+1；数据质量C+1；置信度Low+1
01951,锦鑫生殖,2024-11-15,STRUCTURAL_DECLINE,Deteriorating,Pullback,Low,BEARISH_CONFIRMED,20.0,Aligned,risk_off,C,0.0,fallback,EXIT,EXIT,0.0,Extreme,3,WATCH,EXIT,0.0,0,0,6,基础:BEARISH_CONFIRMED(3)；市场risk_off+1；数据质量C+1；置信度Low+1
01951,锦鑫生殖,2024-11-22,STRUCTURAL_DECLINE,Deteriorating,Consolidation,Low,BEARISH_CONFIRMED,20.0,Aligned,risk_on,C,0.0,fallback,EXIT,EXIT,0.0,Extreme,7,DE-RISK,EXIT,0.0,1,0,5,基础:BEARISH_CONFIRMED(3)；数据质量C+1；置信度Low+1
01951,锦鑫生殖,2024-11-29,STRUCTURAL_DECLINE,Deteriorating,Consolidation,Low,BEARISH_CONFIRMED,20.0,Aligned,risk_on,C,0.0,fallback,EXIT,EXIT,0.0,Extreme,4,WATCH,EXIT,0.0,1,0,5,基础:BEARISH_CONFIRMED(3)；数据质量C+1；置信度Low+1
01951,锦鑫生殖,2024-12-06,STRUCTURAL_DECLINE,Stable,Pullback,Low,BEARISH_CONFIRMED,20.0,Aligned,risk_on,C,0.0,fallback,EXIT,EXIT,0.0,Extreme,4,WATCH,EXIT,0.0,0,0,5,基础:BEARISH_CONFIRMED(3)；数据质量C+1；置信度Low+1
01951,锦鑫生殖,2024-12-13,STRUCTURAL_DECLINE,Stable,Pullback,Low,BEARISH_CONFIRMED,20.0,Aligned,risk_on,C,0.0,fallback,EXIT,EXIT,0.0,Extreme,5,REDUCE,EXIT,0.0,1,0,5,基础:BEARISH_CONFIRMED(3)；数据质量C+1；置信度Low+1
01951,锦鑫生殖,2024-12-20,STRUCTURAL_DECLINE,Stable,Consolidation,Low,BEARISH_CONFIRMED,20.0,Aligned,risk_on,C,0.0,fallback,EXIT,EXIT,0.0,Extreme,5,REDUCE,EXIT,0.0,1,0,5,基础:BEARISH_CONFIRMED(3)；数据质量C+1；置信度Low+1
01951,锦鑫生殖,2024-12-27,STRUCTURAL_DECLINE,Stable,Consolidation,Low,BEARISH_CONFIRMED,20.0,Aligned,risk_off,C,0.0,fallback,EXIT,EXIT,0.0,Extreme,5,REDUCE,EXIT,0.0,1,0,6,基础:BEARISH_CONFIRMED(3)；市场risk_off+1；数据质量C+1；置信度Low+1
01951,锦鑫生殖,2025-01-03,STRUCTURAL_DECLINE,Deteriorating,Consolidation,Low,BEARISH_CONFIRMED,20.0,Aligned,risk_off,C,1.0,fallback,EXIT,EXIT,0.0,Extreme,6,REDUCE,EXIT,0.0,1,0,6,基础:BEARISH_CONFIRMED(3)；市场risk_off+1；数据质量C+1；置信度Low+1
01951,锦鑫生殖,2025-01-10,STRUCTURAL_DECLINE,Deteriorating,Consolidation,Low,BEARISH_CONFIRMED,20.0,Aligned,risk_off,C,1.0,fallback,EXIT,EXIT,0.0,Extreme,6,REDUCE,EXIT,0.0,1,0,6,基础:BEARISH_CONFIRMED(3)；市场risk_off+1；数据质量C+1；置信度Low+1
01951,锦鑫生殖,2025-01-17,STRUCTURAL_DECLINE,Deteriorating,Consolidation,Low,BEARISH_CONFIRMED,20.0,Aligned,risk_off,C,1.0,fallback,EXIT,EXIT,0.0,Extreme,9,DE-RISK,EXIT,0.0,1,0,6,基础:BEARISH_CONFIRMED(3)；市场risk_off+1；数据质量C+1；置信度Low+1
01951,锦鑫生殖,2025-01-24,STRUCTURAL_DECLINE,Deteriorating,Consolidation,Low,BEARISH_CONFIRMED,20.0,Aligned,risk_off,C,1.0,fallback,EXIT,EXIT,0.0,Extreme,6,REDUCE,EXIT,0.0,1,0,6,基础:BEARISH_CONFIRMED(3)；市场risk_off+1；数据质量C+1；置信度Low+1
01951,锦鑫生殖,2025-01-31,STRUCTURAL_DECLINE,Deteriorating,Consolidation,Low,BEARISH_CONFIRMED,20.0,Aligned,neutral,C,0.0,fallback,EXIT,EXIT,0.0,Extreme,6,REDUCE,EXIT,0.0,1,0,5,基础:BEARISH_CONFIRMED(3)；数据质量C+1；置信度Low+1
01951,锦鑫生殖,2025-02-07,STRUCTURAL_DECLINE,Deteriorating,Consolidation,Low,BEARISH_CONFIRMED,20.0,Aligned,risk_off,C,0.0,fallback,EXIT,EXIT,0.0,Extreme,5,REDUCE,EXIT,0.0,1,0,6,基础:BEARISH_CONFIRMED(3)；市场risk_off+1；数据质量C+1；置信度Low+1
01951,锦鑫生殖,2025-02-14,STRUCTURAL_DECLINE,Deteriorating,Consolidation,Low,BEARISH_CONFIRMED,20.0,Aligned,risk_off,C,-1.0,fallback,EXIT,EXIT,0.0,Extreme,5,REDUCE,EXIT,0.0,1,0,6,基础:BEARISH_CONFIRMED(3)；市场risk_off+1；数据质量C+1；置信度Low+1
01951,锦鑫生殖,2025-02-21,STRUCTURAL_DECLINE,Deteriorating,Consolidation,Low,BEARISH_CONFIRMED,20.0,Aligned,risk_off,C,-1.0,fallback,EXIT,EXIT,0.0,Extreme,6,REDUCE,EXIT,0.0,1,0,6,基础:BEARISH_CONFIRMED(3)；市场risk_off+1；数据质量C+1；置信度Low+1
01951,锦鑫生殖,2025-02-28,STRUCTURAL_DECLINE,Stable,Consolidation,Low,BEARISH_CONFIRMED,20.0,Aligned,risk_off,C,-1.0,fallback,EXIT,EXIT,0.0,Extreme,6,REDUCE,EXIT,0.0,1,0,6,基础:BEARISH_CONFIRMED(3)；市场risk_off+1；数据质量C+1；置信度Low+1
01951,锦鑫生殖,2025-03-07,STRUCTURAL_DECLINE,Stable,Consolidation,Low,BEARISH_CONFIRMED,20.0,Aligned,risk_off,C,-1.0,fallback,EXIT,EXIT,0.0,Extreme,8,DE-RISK,EXIT,0.0,1,0,6,基础:BEARISH_CONFIRMED(3)；市场risk_off+1；数据质量C+1；置信度Low+1
01951,锦鑫生殖,2025-03-14,STRUCTURAL_DECLINE,Stable,Consolidation,Low,BEARISH_CONFIRMED,20.0,Aligned,risk_off,C,-1.0,fallback,EXIT,EXIT,0.0,Extreme,1,NORMAL,EXIT,0.0,1,0,6,基础:BEARISH_CONFIRMED(3)；市场risk_off+1；数据质量C+1；置信度Low+1
01951,锦鑫生殖,2025-03-21,STRUCTURAL_DECLINE,Stable,Consolidation,Low,BEARISH_CONFIRMED,20.0,Aligned,risk_on,C,-1.0,fallback,EXIT,EXIT,0.0,Extreme,2,NORMAL,EXIT,0.0,0,0,5,基础:BEARISH_CONFIRMED(3)；数据质量C+1；置信度Low+1
01951,锦鑫生殖,2025-03-28,STRUCTURAL_DECLINE,Stable,Pullback,Low,BEARISH_CONFIRMED,20.0,Aligned,risk_on,C,-1.0,fallback,EXIT,EXIT,0.0,Extreme,3,WATCH,EXIT,0.0,0,0,5,基础:BEARISH_CONFIRMED(3)；数据质量C+1；置信度Low+1
01951,锦鑫生殖,2025-04-04,STRUCTURAL_DECLINE,Deteriorating,Consolidation,Low,BEARISH_CONFIRMED,20.0,Aligned,risk_on,C,-1.0,fallback,EXIT,EXIT,0.0,Extreme,2,NORMAL,EXIT,0.0,0,0,5,基础:BEARISH_CONFIRMED(3)；数据质量C+1；置信度Low+1
01951,锦鑫生殖,2025-04-11,STRUCTURAL_DECLINE,Deteriorating,Consolidation,Low,BEARISH_CONFIRMED,20.0,Aligned,risk_off,C,-1.0,fallback,EXIT,EXIT,0.0,Extreme,3,WATCH,EXIT,0.0,0,0,6,基础:BEARISH_CONFIRMED(3)；市场risk_off+1；数据质量C+1；置信度Low+1
01951,锦鑫生殖,2025-04-18,STRUCTURAL_DECLINE,Deteriorating,Pullback,Low,BEARISH_CONFIRMED,20.0,Aligned,risk_off,C,-1.0,fallback,EXIT,EXIT,0.0,Extreme,3,WATCH,EXIT,0.0,0,0,6,基础:BEARISH_CONFIRMED(3)；市场risk_off+1；数据质量C+1；置信度Low+1
01951,锦鑫生殖,2025-04-25,STRUCTURAL_DECLINE,Deteriorating,Pullback,Low,BEARISH_CONFIRMED,20.0,Aligned,risk_off,C,-1.0,fallback,EXIT,EXIT,0.0,Extreme,6,REDUCE,EXIT,0.0,1,0,6,基础:BEARISH_CONFIRMED(3)；市场risk_off+1；数据质量C+1；置信度Low+1
01951,锦鑫生殖,2025-05-02,STRUCTURAL_DECLINE,Deteriorating,Pullback,Low,BEARISH_CONFIRMED,20.0,Aligned,risk_off,C,-1.0,fallback,EXIT,EXIT,0.0,Extreme,6,REDUCE,EXIT,0.0,1,0,6,基础:BEARISH_CONFIRMED(3)；市场risk_off+1；数据质量C+1；置信度Low+1
01951,锦鑫生殖,2025-05-09,STRUCTURAL_DECLINE,Deteriorating,Pullback,Low,BEARISH_CONFIRMED,20.0,Aligned,risk_off,C,-1.0,fallback,EXIT,EXIT,0.0,Extreme,5,REDUCE,EXIT,0.0,1,0,6,基础:BEARISH_CONFIRMED(3)；市场risk_off+1；数据质量C+1；置信度Low+1
01951,锦鑫生殖,2025-05-16,STRUCTURAL_DECLINE,Deteriorating,Consolidation,Low,BEARISH_CONFIRMED,20.0,Aligned,risk_on,C,0.0,fallback,EXIT,EXIT,0.0,Extreme,8,DE-RISK,EXIT,0.0,1,0,5,基础:BEARISH_CONFIRMED(3)；数据质量C+1；置信度Low+1
01951,锦鑫生殖,2025-05-23,STRUCTURAL_DECLINE,Deteriorating,Consolidation,Low,BEARISH_CONFIRMED,20.0,Aligned,neutral,C,0.0,fallback,EXIT,EXIT,0.0,Extreme,8,DE-RISK,EXIT,0.0,1,0,5,基础:BEARISH_CONFIRMED(3)；数据质量C+1；置信度Low+1
01951,锦鑫生殖,2025-05-30,STRUCTURAL_DECLINE,Deteriorating,Consolidation,Low,BEARISH_CONFIRMED,20.0,Aligned,neutral,C,0.0,fallback,EXIT,EXIT,0.0,Extreme,8,DE-RISK,EXIT,0.0,1,0,5,基础:BEARISH_CONFIRMED(3)；数据质量C+1；置信度Low+1
01951,锦鑫生殖,2025-06-06,STRUCTURAL_DECLINE,Deteriorating,Consolidation,Low,BEARISH_CONFIRMED,20.0,Aligned,neutral,C,0.0,fallback,EXIT,EXIT,0.0,Extreme,3,WATCH,EXIT,0.0,1,0,5,基础:BEARISH_CONFIRMED(3)；数据质量C+1；置信度Low+1
01951,锦鑫生殖,2025-06-13,STRUCTURAL_DECLINE,Deteriorating,Consolidation,Low,BEARISH_CONFIRMED,20.0,Aligned,neutral,C,0.0,fallback,EXIT,EXIT,0.0,Extreme,5,REDUCE,EXIT,0.0,1,0,5,基础:BEARISH_CONFIRMED(3)；数据质量C+1；置信度Low+1
01951,锦鑫生殖,2025-06-20,STRUCTURAL_DECLINE,Deteriorating,Consolidation,Low,BEARISH_CONFIRMED,20.0,Aligned,neutral,C,0.0,fallback,EXIT,EXIT,0.0,Extreme,8,DE-RISK,EXIT,0.0,1,0,5,基础:BEARISH_CONFIRMED(3)；数据质量C+1；置信度Low+1
01951,锦鑫生殖,2025-06-27,STRUCTURAL_DECLINE,Deteriorating,Consolidation,Low,BEARISH_CONFIRMED,20.0,Aligned,risk_on,C,0.0,fallback,EXIT,EXIT,0.0,Extreme,2,NORMAL,EXIT,0.0,1,0,5,基础:BEARISH_CONFIRMED(3)；数据质量C+1；置信度Low+1
01951,锦鑫生殖,2025-07-04,STRUCTURAL_DECLINE,Improving,Consolidation,Low,BEARISH_CONFIRMED,20.0,Divergence,risk_on,C,0.0,fallback,EXIT,EXIT,0.0,Extreme,2,NORMAL,EXIT,0.0,0,0,6,基础:BEARISH_CONFIRMED(3)；结构-行为背离+1；数据质量C+1；置信度Low+1
01951,锦鑫生殖,2025-07-11,STRUCTURAL_DECLINE,Improving,Consolidation,Low,BEARISH_CONFIRMED,20.0,Divergence,risk_on,C,0.0,fallback,EXIT,EXIT,0.0,Extreme,1,NORMAL,EXIT,0.0,0,0,6,基础:BEARISH_CONFIRMED(3)；结构-行为背离+1；数据质量C+1；置信度Low+1
01951,锦鑫生殖,2025-07-18,STRUCTURAL_DECLINE,Improving,Consolidation,Low,BEARISH_CONFIRMED,20.0,Divergence,risk_on,C,0.0,fallback,EXIT,EXIT,0.0,Extreme,1,NORMAL,EXIT,0.0,0,0,6,基础:BEARISH_CONFIRMED(3)；结构-行为背离+1；数据质量C+1；置信度Low+1
01951,锦鑫生殖,2025-07-25,STRUCTURAL_DECLINE,Improving,Consolidation,Low,BEARISH_CONFIRMED,20.0,Divergence,risk_on,C,0.0,fallback,EXIT,EXIT,0.0,Extreme,2,NORMAL,EXIT,0.0,0,0,6,基础:BEARISH_CONFIRMED(3)；结构-行为背离+1；数据质量C+1；置信度Low+1
01951,锦鑫生殖,2025-08-01,STRUCTURAL_DECLINE,Stable,Consolidation,Low,BEARISH_CONFIRMED,20.0,Aligned,risk_on,C,0.0,fallback,EXIT,EXIT,0.0,Extreme,2,NORMAL,EXIT,0.0,0,0,5,基础:BEARISH_CONFIRMED(3)；数据质量C+1；置信度Low+1
01951,锦鑫生殖,2025-08-08,STRUCTURAL_DECLINE,Stable,Consolidation,Low,BEARISH_CONFIRMED,20.0,Aligned,risk_on,C,0.0,fallback,EXIT,EXIT,0.0,Extreme,2,NORMAL,EXIT,0.0,0,0,5,基础:BEARISH_CONFIRMED(3)；数据质量C+1；置信度Low+1
01951,锦鑫生殖,2025-08-15,STRUCTURAL_DECLINE,Stable,Pullback,Low,BEARISH_CONFIRMED,20.0,Aligned,risk_on,C,1.0,fallback,EXIT,EXIT,0.0,Extreme,4,WATCH,EXIT,0.0,0,0,5,基础:BEARISH_CONFIRMED(3)；数据质量C+1；置信度Low+1
01951,锦鑫生殖,2025-08-22,STRUCTURAL_DECLINE,Stable,Consolidation,Low,BEARISH_CONFIRMED,20.0,Aligned,risk_on,C,1.0,fallback,EXIT,EXIT,0.0,Extreme,2,NORMAL,EXIT,0.0,0,0,5,基础:BEARISH_CONFIRMED(3)；数据质量C+1；置信度Low+1
01951,锦鑫生殖,2025-08-29,STRUCTURAL_DECLINE,Stable,Consolidation,Low,BEARISH_CONFIRMED,20.0,Aligned,risk_on,C,1.0,fallback,EXIT,EXIT,0.0,Extreme,8,DE-RISK,EXIT,0.0,1,0,5,基础:BEARISH_CONFIRMED(3)；数据质量C+1；置信度Low+1
01951,锦鑫生殖,2025-09-05,STRUCTURAL_DECLINE,Stable,Consolidation,Low,BEARISH_CONFIRMED,20.0,Aligned,risk_on,C,1.0,fallback,EXIT,EXIT,0.0,Extreme,8,DE-RISK,EXIT,0.0,1,0,5,基础:BEARISH_CONFIRMED(3)；数据质量C+1；置信度Low+1
01951,锦鑫生殖,2025-09-12,STRUCTURAL_DECLINE,Stable,Consolidation,Low,BEARISH_CONFIRMED,20.0,Aligned,risk_on,C,1.0,fallback,EXIT,EXIT,0.0,Extreme,5,REDUCE,EXIT,0.0,1,0,5,基础:BEARISH_CONFIRMED(3)；数据质量C+1；置信度Low+1
01951,锦鑫生殖,2025-09-19,STRUCTURAL_DECLINE,Stable,Consolidation,Low,BEARISH_CONFIRMED,20.0,Aligned,risk_on,C,1.0,fallback,EXIT,EXIT,0.0,Extreme,6,REDUCE,EXIT,0.0,1,0,5,基础:BEARISH_CONFIRMED(3)；数据质量C+1；置信度Low+1
01951,锦鑫生殖,2025-09-26,STRUCTURAL_DECLINE,Stable,Consolidation,Low,BEARISH_CONFIRMED,20.0,Aligned,risk_on,C,1.0,fallback,EXIT,EXIT,0.0,Extreme,6,REDUCE,EXIT,0.0,1,0,5,基础:BEARISH_CONFIRMED(3)；数据质量C+1；置信度Low+1
01951,锦鑫生殖,2025-10-03,STRUCTURAL_DECLINE,Stable,Consolidation,Low,BEARISH_CONFIRMED,20.0,Aligned,risk_on,C,2.0,fallback,EXIT,EXIT,0.0,Extreme,5,REDUCE,EXIT,0.0,1,0,5,基础:BEARISH_CONFIRMED(3)；数据质量C+1；置信度Low+1
01951,锦鑫生殖,2025-10-10,STRUCTURAL_DECLINE,Stable,Consolidation,Low,BEARISH_CONFIRMED,20.0,Aligned,risk_on,C,2.0,fallback,EXIT,EXIT,0.0,Extreme,8,DE-RISK,EXIT,0.0,1,0,5,基础:BEARISH_CONFIRMED(3)；数据质量C+1；置信度Low+1
01951,锦鑫生殖,2025-10-17,STRUCTURAL_DECLINE,Stable,Breakdown,Low,BEARISH_CONFIRMED,20.0,Aligned,risk_off,C,2.0,fallback,EXIT,EXIT,0.0,Extreme,11,DE-RISK,EXIT,0.0,1,0,6,基础:BEARISH_CONFIRMED(3)；市场risk_off+1；数据质量C+1；置信度Low+1
01951,锦鑫生殖,2025-10-24,STRUCTURAL_DECLINE,Stable,Consolidation,Low,BEARISH_CONFIRMED,20.0,Aligned,risk_off,C,2.0,fallback,EXIT,EXIT,0.0,Extreme,9,DE-RISK,EXIT,0.0,1,0,6,基础:BEARISH_CONFIRMED(3)；市场risk_off+1；数据质量C+1；置信度Low+1
01951,锦鑫生殖,2025-10-31,STRUCTURAL_DECLINE,Deteriorating,Consolidation,Low,BEARISH_CONFIRMED,20.0,Aligned,risk_on,C,2.0,fallback,EXIT,EXIT,0.0,Extreme,6,REDUCE,EXIT,0.0,1,0,5,基础:BEARISH_CONFIRMED(3)；数据质量C+1；置信度Low+1
01951,锦鑫生殖,2025-11-07,STRUCTURAL_DECLINE,Deteriorating,Breakdown,Low,BEARISH_CONFIRMED,20.0,Aligned,risk_on,C,2.0,matrix,EXIT,EXIT,0.0,Extreme,8,DE-RISK,EXIT,0.0,1,0,5,基础:BEARISH_CONFIRMED(3)；数据质量C+1；置信度Low+1
01951,锦鑫生殖,2025-11-14,STRUCTURAL_BOTTOM_CANDIDATE,Deteriorating,Consolidation,Low,BULLISH_WARNING,55.0,Aligned,risk_on,C,2.0,fallback,REDUCE,REDUCE,0.5,Extreme,6,REDUCE,REDUCE,0.2,1,0,4,基础:BULLISH_WARNING(2)；数据质量C+1；置信度Low+1
01951,锦鑫生殖,2025-11-21,STRUCTURAL_BOTTOM_CANDIDATE,Deteriorating,Consolidation,Low,BULLISH_WARNING,55.0,Aligned,neutral,C,2.0,fallback,REDUCE,REDUCE,0.5,Extreme,6,REDUCE,REDUCE,0.2,1,0,4,基础:BULLISH_WARNING(2)；数据质量C+1；置信度Low+1
01951,锦鑫生殖,2025-11-28,STRUCTURAL_BOTTOM_CANDIDATE,Deteriorating,Consolidation,Low,BULLISH_WARNING,55.0,Aligned,neutral,C,2.0,fallback,EXIT,REDUCE,0.5,Extreme,9,DE-RISK,EXIT,0.0,1,0,4,基础:BULLISH_WARNING(2)；数据质量C+1；置信度Low+1
01951,锦鑫生殖,2025-12-05,STRUCTURAL_BOTTOM_CANDIDATE,Deteriorating,Consolidation,Low,BULLISH_WARNING,55.0,Aligned,neutral,C,2.0,fallback,REDUCE,REDUCE,0.5,Extreme,4,WATCH,REDUCE,0.2,1,0,4,基础:BULLISH_WARNING(2)；数据质量C+1；置信度Low+1
01951,锦鑫生殖,2025-12-12,STRUCTURAL_BOTTOM_CANDIDATE,Deteriorating,Consolidation,Low,BULLISH_WARNING,55.0,Aligned,neutral,C,2.0,fallback,REDUCE,REDUCE,0.5,Extreme,3,WATCH,REDUCE,0.2,1,0,4,基础:BULLISH_WARNING(2)；数据质量C+1；置信度Low+1
01951,锦鑫生殖,2025-12-19,STRUCTURAL_BOTTOM_CANDIDATE,Deteriorating,Consolidation,Low,BULLISH_WARNING,55.0,Aligned,neutral,C,2.0,fallback,REDUCE,REDUCE,0.5,Extreme,3,WATCH,REDUCE,0.2,1,0,4,基础:BULLISH_WARNING(2)；数据质量C+1；置信度Low+1
01951,锦鑫生殖,2025-12-26,STRUCTURAL_BOTTOM_CANDIDATE,Deteriorating,Consolidation,Low,BULLISH_WARNING,55.0,Aligned,neutral,C,2.0,fallback,REDUCE,REDUCE,0.5,Extreme,4,WATCH,REDUCE,0.2,1,0,4,基础:BULLISH_WARNING(2)；数据质量C+1；置信度Low+1
01951,锦鑫生殖,2026-01-02,STRUCTURAL_BOTTOM_CANDIDATE,Stable,Consolidation,Low,BULLISH_WARNING,55.0,Aligned,risk_off,C,3.0,fallback,REDUCE,REDUCE,0.2,Extreme,3,WATCH,REDUCE,0.2,1,0,5,基础:BULLISH_WARNING(2)；市场risk_off+1；数据质量C+1；置信度Low+1
01951,锦鑫生殖,2026-01-09,STRUCTURAL_BOTTOM_CANDIDATE,Stable,Consolidation,Low,BULLISH_WARNING,55.0,Aligned,neutral,C,3.0,fallback,REDUCE,REDUCE,0.5,Extreme,4,WATCH,REDUCE,0.2,1,0,4,基础:BULLISH_WARNING(2)；数据质量C+1；置信度Low+1
01951,锦鑫生殖,2026-01-16,STRUCTURAL_BOTTOM_CANDIDATE,Stable,Consolidation,Low,BULLISH_WARNING,55.0,Aligned,risk_on,C,3.0,fallback,REDUCE,REDUCE,0.5,Extreme,6,REDUCE,REDUCE,0.2,1,0,4,基础:BULLISH_WARNING(2)；数据质量C+1；置信度Low+1
01951,锦鑫生殖,2026-01-23,STRUCTURAL_BOTTOM_CANDIDATE,Stable,Consolidation,Low,BULLISH_WARNING,55.0,Aligned,neutral,C,3.0,fallback,REDUCE,REDUCE,0.5,Extreme,3,WATCH,REDUCE,0.2,1,0,4,基础:BULLISH_WARNING(2)；数据质量C+1；置信度Low+1
01951,锦鑫生殖,2026-01-30,STRUCTURAL_BOTTOM_CANDIDATE,Stable,Consolidation,Low,BULLISH_WARNING,55.0,Aligned,risk_on,C,3.0,fallback,REDUCE,REDUCE,0.5,Extreme,6,REDUCE,REDUCE,0.2,1,0,4,基础:BULLISH_WARNING(2)；数据质量C+1；置信度Low+1
01951,锦鑫生殖,2026-02-06,STRUCTURAL_BOTTOM_CANDIDATE,Improving,Consolidation,Low,BULLISH_WARNING,55.0,Aligned,neutral,C,2.0,fallback,REDUCE,REDUCE,0.5,Extreme,6,REDUCE,REDUCE,0.2,1,0,4,基础:BULLISH_WARNING(2)；数据质量C+1；置信度Low+1
01951,锦鑫生殖,2026-02-13,STRUCTURAL_BOTTOM_CANDIDATE,Improving,Consolidation,Low,BULLISH_WARNING,55.0,Aligned,risk_on,C,2.0,fallback,REDUCE,REDUCE,0.5,Extreme,4,WATCH,REDUCE,0.2,1,0,4,基础:BULLISH_WARNING(2)；数据质量C+1；置信度Low+1
01951,锦鑫生殖,2026-02-20,STRUCTURAL_DECLINE,Improving,Consolidation,Low,BULLISH_WARNING,55.0,Divergence,risk_on,C,0.0,tactical_override,REDUCE,REDUCE,0.2,Extreme,3,WATCH,REDUCE,0.2,1,1,5,基础:BULLISH_WARNING(2)；结构-行为背离+1；数据质量C+1；置信度Low+1
01951,锦鑫生殖,2026-02-27,STRUCTURAL_DECLINE,Improving,Consolidation,Low,BULLISH_WARNING,55.0,Divergence,risk_on,C,0.0,tactical_override,REDUCE,REDUCE,0.2,Extreme,3,WATCH,REDUCE,0.2,1,1,5,基础:BULLISH_WARNING(2)；结构-行为背离+1；数据质量C+1；置信度Low+1
01951,锦鑫生殖,2026-03-06,STRUCTURAL_DECLINE,Improving,Consolidation,Low,BULLISH_WARNING,55.0,Divergence,risk_off,C,1.0,tactical_override,REDUCE,REDUCE,0.2,Extreme,1,NORMAL,REDUCE,0.2,0,1,6,基础:BULLISH_WARNING(2)；结构-行为背离+1；市场risk_off+1；数据质量C+1；置信度Low+1
01951,锦鑫生殖,2026-03-13,STRUCTURAL_DECLINE,Improving,Breakdown,Low,BEARISH_CONFIRMED,20.0,Divergence,risk_off,C,1.0,fallback,EXIT,EXIT,0.0,Extreme,11,DE-RISK,EXIT,0.0,1,0,7,基础:BEARISH_CONFIRMED(3)；结构-行为背离+1；市场risk_off+1；数据质量C+1；置信度Low+1
01951,锦鑫生殖,2026-03-20,STRUCTURAL_DECLINE,Improving,Breakdown,Low,BEARISH_CONFIRMED,20.0,Divergence,neutral,C,1.0,fallback,EXIT,EXIT,0.0,Extreme,12,DE-RISK,EXIT,0.0,1,0,6,基础:BEARISH_CONFIRMED(3)；结构-行为背离+1；数据质量C+1；置信度Low+1
01951,锦鑫生殖,2026-03-27,STRUCTURAL_DECLINE,Improving,Consolidation,Low,BULLISH_WARNING,55.0,Divergence,risk_off,C,1.0,tactical_override,REDUCE,REDUCE,0.2,Extreme,5,REDUCE,REDUCE,0.2,1,1,6,基础:BULLISH_WARNING(2)；结构-行为背离+1；市场risk_off+1；数据质量C+1；置信度Low+1
01951,锦鑫生殖,2026-04-03,STRUCTURAL_DECLINE,Deteriorating,Consolidation,Low,BULLISH_WARNING,55.0,Aligned,risk_off,C,0.0,tactical_override,REDUCE,REDUCE,0.2,Extreme,3,WATCH,REDUCE,0.2,1,1,5,基础:BULLISH_WARNING(2)；市场risk_off+1；数据质量C+1；置信度Low+1
01951,锦鑫生殖,2026-04-10,STRUCTURAL_DECLINE,Deteriorating,Consolidation,Low,BULLISH_WARNING,55.0,Aligned,neutral,C,0.0,tactical_override,REDUCE,REDUCE,0.2,High,3,WATCH,REDUCE,0.2,0,1,4,基础:BULLISH_WARNING(2)；数据质量C+1；置信度Low+1
01951,锦鑫生殖,2026-04-17,STRUCTURAL_DECLINE,Deteriorating,Consolidation,Low,BULLISH_WARNING,55.0,Aligned,risk_off,C,0.0,tactical_override,REDUCE,REDUCE,0.2,Extreme,4,WATCH,REDUCE,0.2,0,1,5,基础:BULLISH_WARNING(2)；市场risk_off+1；数据质量C+1；置信度Low+1
01951,锦鑫生殖,2026-04-24,STRUCTURAL_DECLINE,Deteriorating,Consolidation,Low,BULLISH_WARNING,55.0,Aligned,risk_off,C,0.0,tactical_override,REDUCE,REDUCE,0.2,Extreme,1,NORMAL,REDUCE,0.2,0,1,5,基础:BULLISH_WARNING(2)；市场risk_off+1；数据质量C+1；置信度Low+1
01951,锦鑫生殖,2026-05-01,STRUCTURAL_DECLINE,Stable,Consolidation,Low,BULLISH_WARNING,55.0,Aligned,risk_off,C,1.0,tactical_override,REDUCE,REDUCE,0.2,Extreme,5,REDUCE,REDUCE,0.2,1,1,5,基础:BULLISH_WARNING(2)；市场risk_off+1；数据质量C+1；置信度Low+1
01951,锦鑫生殖,2026-05-08,STRUCTURAL_DECLINE,Stable,Consolidation,Low,BULLISH_WARNING,55.0,Aligned,neutral,C,1.0,tactical_override,REDUCE,REDUCE,0.2,Extreme,6,REDUCE,REDUCE,0.2,1,1,4,基础:BULLISH_WARNING(2)；数据质量C+1；置信度Low+1
01951,锦鑫生殖,2026-05-15,STRUCTURAL_DECLINE,Stable,Consolidation,Medium,BEARISH_CONFIRMED,20.0,Aligned,risk_off,C,1.0,fallback,EXIT,EXIT,0.0,Extreme,6,REDUCE,EXIT,0.0,1,0,5,基础:BEARISH_CONFIRMED(3)；市场risk_off+1；数据质量C+1
01951,锦鑫生殖,2026-05-22,STRUCTURAL_DECLINE,Stable,Consolidation,Medium,BEARISH_CONFIRMED,20.0,Aligned,risk_off,C,1.0,fallback,EXIT,EXIT,0.0,Extreme,6,REDUCE,EXIT,0.0,1,0,5,基础:BEARISH_CONFIRMED(3)；市场risk_off+1；数据质量C+1
01951,锦鑫生殖,2026-05-29,STRUCTURAL_DECLINE,Stable,Consolidation,Medium,BEARISH_CONFIRMED,20.0,Aligned,risk_off,C,1.0,fallback,EXIT,EXIT,0.0,Extreme,9,DE-RISK,EXIT,0.0,1,0,5,基础:BEARISH_CONFIRMED(3)；市场risk_off+1；数据质量C+1
01951,锦鑫生殖,2026-06-05,STRUCTURAL_DECLINE,Deteriorating,Consolidation,Medium,BEARISH_CONFIRMED,20.0,Aligned,risk_off,C,1.0,fallback,EXIT,EXIT,0.0,Extreme,7,DE-RISK,EXIT,0.0,1,0,5,基础:BEARISH_CONFIRMED(3)；市场risk_off+1；数据质量C+1
01951,锦鑫生殖,2026-06-12,STRUCTURAL_DECLINE,Deteriorating,Consolidation,Medium,BEARISH_CONFIRMED,20.0,Aligned,risk_off,C,1.0,fallback,EXIT,EXIT,0.0,Extreme,5,REDUCE,EXIT,0.0,1,0,5,基础:BEARISH_CONFIRMED(3)；市场risk_off+1；数据质量C+1
01951,锦鑫生殖,2026-06-19,STRUCTURAL_DECLINE,Deteriorating,Breakdown,Medium,BEARISH_CONFIRMED,20.0,Aligned,risk_off,C,1.0,matrix,EXIT,EXIT,0.0,Extreme,11,DE-RISK,EXIT,0.0,1,0,5,基础:BEARISH_CONFIRMED(3)；市场risk_off+1；数据质量C+1
01951,锦鑫生殖,2026-06-26,STRUCTURAL_DECLINE,Deteriorating,Breakdown,Medium,BEARISH_CONFIRMED,20.0,Aligned,risk_off,C,1.0,matrix,EXIT,EXIT,0.0,Extreme,12,DE-RISK,EXIT,0.0,1,0,5,基础:BEARISH_CONFIRMED(3)；市场risk_off+1；数据质量C+1
01951,锦鑫生殖,2026-07-03,STRUCTURAL_DECLINE,Deteriorating,Consolidation,Medium,BEARISH_CONFIRMED,20.0,Aligned,risk_off,C,0.0,fallback,EXIT,EXIT,0.0,Extreme,5,REDUCE,EXIT,0.0,1,0,5,基础:BEARISH_CONFIRMED(3)；市场risk_off+1；数据质量C+1
01951,锦鑫生殖,2026-07-10,STRUCTURAL_DECLINE,Deteriorating,Consolidation,Medium,BEARISH_CONFIRMED,20.0,Aligned,risk_off,C,0.0,fallback,EXIT,EXIT,0.0,Extreme,5,REDUCE,EXIT,0.0,1,0,5,基础:BEARISH_CONFIRMED(3)；市场risk_off+1；数据质量C+1
01951,锦鑫生殖,2026-07-17,STRUCTURAL_DECLINE,Deteriorating,Consolidation,Medium,BEARISH_CONFIRMED,20.0,Aligned,risk_off,C,0.0,fallback,EXIT,EXIT,0.0,Extreme,5,REDUCE,EXIT,0.0,1,0,5,基础:BEARISH_CONFIRMED(3)；市场risk_off+1；数据质量C+1
01951,锦鑫生殖,2026-07-24,STRUCTURAL_DECLINE,Deteriorating,Consolidation,Medium,BEARISH_CONFIRMED,20.0,Aligned,risk_off,C,0.0,fallback,EXIT,EXIT,0.0,Extreme,4,WATCH,EXIT,0.0,1,0,5,基础:BEARISH_CONFIRMED(3)；市场risk_off+1；数据质量C+1
01951,锦鑫生殖,2026-07-31,STRUCTURAL_DECLINE,Improving,Consolidation,Medium,BEARISH_CONFIRMED,20.0,Divergence,neutral,C,1.0,fallback,EXIT,EXIT,0.0,Extreme,4,WATCH,EXIT,0.0,1,0,5,基础:BEARISH_CONFIRMED(3)；结构-行为背离+1；数据质量C+1
01951,锦鑫生殖,2026-08-07,STRUCTURAL_DECLINE,Improving,Consolidation,Medium,BEARISH_CONFIRMED,20.0,Divergence,risk_off,C,1.0,fallback,EXIT,EXIT,0.0,Extreme,2,NORMAL,EXIT,0.0,1,0,6,基础:BEARISH_CONFIRMED(3)；结构-行为背离+1；市场risk_off+1；数据质量C+1
01951,锦鑫生殖,2026-08-14,STRUCTURAL_DECLINE,Improving,Consolidation,Medium,BULLISH_WARNING,55.0,Divergence,risk_off,C,1.0,tactical_override,EXIT,REDUCE,0.2,Extreme,7,DE-RISK,EXIT,0.0,1,1,5,基础:BULLISH_WARNING(2)；结构-行为背离+1；市场risk_off+1；数据质量C+1
01951,锦鑫生殖,2026-08-21,STRUCTURAL_DECLINE,Improving,Consolidation,Medium,BULLISH_WARNING,55.0,Divergence,risk_on,C,1.0,tactical_override,REDUCE,REDUCE,0.2,Extreme,1,NORMAL,REDUCE,0.2,1,1,4,基础:BULLISH_WARNING(2)；结构-行为背离+1；数据质量C+1
