stock_code,stock_name,decision_date,structural_regime,monthly_behavior_state,tactical_signal,cbi_score,cost_position,chip_stability_confidence,mtf_regime,qcfp_score,structure_behavior_alignment,market_context,evidence_summary,ai_check,data_quality,align_method
01951,锦鑫生殖,2019-06-28,STATE_UNDETERMINED,,Consolidation,,,Low,DATA_INSUFFICIENT,,Unknown,neutral,结构:STATE_UNDETERMINED(A/A-); 阶段:nan(B); 触发:Consolidation(C); 置信度:Low,PASSED,,data_insufficient
01951,锦鑫生殖,2019-07-05,STATE_UNDETERMINED,,Consolidation,,COST_DISADVANTAGE,Low,DATA_INSUFFICIENT,,Unknown,risk_off,结构:STATE_UNDETERMINED(A/A-); 阶段:None(B); 触发:Consolidation(C); 置信度:Low,PASSED,C,data_insufficient
01951,锦鑫生殖,2019-07-12,STATE_UNDETERMINED,,Consolidation,,COST_DISADVANTAGE,Low,DATA_INSUFFICIENT,,Unknown,risk_off,结构:STATE_UNDETERMINED(A/A-); 阶段:None(B); 触发:Consolidation(C); 置信度:Low,PASSED,C,data_insufficient
01951,锦鑫生殖,2019-07-19,STATE_UNDETERMINED,,Consolidation,,COST_DISADVANTAGE,Low,DATA_INSUFFICIENT,,Unknown,risk_off,结构:STATE_UNDETERMINED(A/A-); 阶段:None(B); 触发:Consolidation(C); 置信度:Low,PASSED,C,data_insufficient
01951,锦鑫生殖,2019-07-26,STATE_UNDETERMINED,,Consolidation,,COST_DISADVANTAGE,Low,DATA_INSUFFICIENT,,Unknown,risk_off,结构:STATE_UNDETERMINED(A/A-); 阶段:None(B); 触发:Consolidation(C); 置信度:Low,PASSED,C,data_insufficient
01951,锦鑫生殖,2019-08-02,STATE_UNDETERMINED,,Consolidation,,COST_NEUTRAL,Low,DATA_INSUFFICIENT,,Unknown,risk_off,结构:STATE_UNDETERMINED(A/A-); 阶段:None(B); 触发:Consolidation(C); 置信度:Low,PASSED,C,data_insufficient
01951,锦鑫生殖,2019-08-09,STATE_UNDETERMINED,,Consolidation,,COST_NEUTRAL,Low,DATA_INSUFFICIENT,,Unknown,risk_off,结构:STATE_UNDETERMINED(A/A-); 阶段:None(B); 触发:Consolidation(C); 置信度:Low,PASSED,C,data_insufficient
01951,锦鑫生殖,2019-08-16,STATE_UNDETERMINED,,Pullback,,COST_NEUTRAL,Low,DATA_INSUFFICIENT,,Unknown,risk_off,结构:STATE_UNDETERMINED(A/A-); 阶段:None(B); 触发:Pullback(C); 置信度:Low,PASSED,C,data_insufficient
01951,锦鑫生殖,2019-08-23,STATE_UNDETERMINED,,Consolidation,,COST_NEUTRAL,Low,DATA_INSUFFICIENT,,Unknown,risk_off,结构:STATE_UNDETERMINED(A/A-); 阶段:None(B); 触发:Consolidation(C); 置信度:Low,PASSED,C,data_insufficient
01951,锦鑫生殖,2019-08-30,STATE_UNDETERMINED,,Consolidation,,COST_NEUTRAL,Low,DATA_INSUFFICIENT,,Unknown,risk_off,结构:STATE_UNDETERMINED(A/A-); 阶段:None(B); 触发:Consolidation(C); 置信度:Low,PASSED,C,data_insufficient
01951,锦鑫生殖,2019-09-06,STATE_UNDETERMINED,Deteriorating,Consolidation,,COST_NEUTRAL,Low,DATA_INSUFFICIENT,,Unknown,risk_off,结构:STATE_UNDETERMINED(A/A-); 阶段:Deteriorating(B); 触发:Consolidation(C); 置信度:Low,PASSED,C,data_insufficient
01951,锦鑫生殖,2019-09-13,STATE_UNDETERMINED,Deteriorating,Consolidation,,COST_NEUTRAL,Low,DATA_INSUFFICIENT,,Unknown,risk_off,结构:STATE_UNDETERMINED(A/A-); 阶段:Deteriorating(B); 触发:Consolidation(C); 置信度:Low,PASSED,C,data_insufficient
01951,锦鑫生殖,2019-09-20,STATE_UNDETERMINED,Deteriorating,Consolidation,,COST_NEUTRAL,Low,DATA_INSUFFICIENT,,Unknown,risk_off,结构:STATE_UNDETERMINED(A/A-); 阶段:Deteriorating(B); 触发:Consolidation(C); 置信度:Low,PASSED,C,data_insufficient
01951,锦鑫生殖,2019-09-27,STATE_UNDETERMINED,Deteriorating,Consolidation,,COST_NEUTRAL,Low,DATA_INSUFFICIENT,,Unknown,risk_off,结构:STATE_UNDETERMINED(A/A-); 阶段:Deteriorating(B); 触发:Consolidation(C); 置信度:Low,PASSED,C,data_insufficient
01951,锦鑫生殖,2019-10-04,STATE_UNDETERMINED,Improving,Consolidation,,COST_NEUTRAL,Low,DATA_INSUFFICIENT,,Unknown,risk_off,结构:STATE_UNDETERMINED(A/A-); 阶段:Improving(B); 触发:Consolidation(C); 置信度:Low,PASSED,C,data_insufficient
01951,锦鑫生殖,2019-10-11,STATE_UNDETERMINED,Improving,Consolidation,,COST_NEUTRAL,Low,DATA_INSUFFICIENT,,Unknown,risk_off,结构:STATE_UNDETERMINED(A/A-); 阶段:Improving(B); 触发:Consolidation(C); 置信度:Low,PASSED,C,data_insufficient
01951,锦鑫生殖,2019-10-18,STATE_UNDETERMINED,Improving,Consolidation,,COST_NEUTRAL,Low,DATA_INSUFFICIENT,,Unknown,risk_off,结构:STATE_UNDETERMINED(A/A-); 阶段:Improving(B); 触发:Consolidation(C); 置信度:Low,PASSED,C,data_insufficient
01951,锦鑫生殖,2019-10-25,STATE_UNDETERMINED,Improving,Consolidation,,COST_NEUTRAL,Low,DATA_INSUFFICIENT,,Unknown,risk_off,结构:STATE_UNDETERMINED(A/A-); 阶段:Improving(B); 触发:Consolidation(C); 置信度:Low,PASSED,C,data_insufficient
01951,锦鑫生殖,2019-11-01,STATE_UNDETERMINED,Improving,Consolidation,,COST_ADVANTAGE,Low,DATA_INSUFFICIENT,,Unknown,risk_on,结构:STATE_UNDETERMINED(A/A-); 阶段:Improving(B); 触发:Consolidation(C); 置信度:Low,PASSED,C,data_insufficient
01951,锦鑫生殖,2019-11-08,STATE_UNDETERMINED,Improving,Consolidation,,COST_ADVANTAGE,Low,DATA_INSUFFICIENT,,Unknown,risk_on,结构:STATE_UNDETERMINED(A/A-); 阶段:Improving(B); 触发:Consolidation(C); 置信度:Low,PASSED,C,data_insufficient
01951,锦鑫生殖,2019-11-15,STRUCTURAL_ACCUMULATION,Improving,Pullback,,COST_ADVANTAGE,Low,BULLISH_STABLE,75.0,Aligned,neutral,结构:STRUCTURAL_ACCUMULATION(A/A-); 阶段:Improving(B); 触发:Pullback(C); 置信度:Low,PASSED,C,fallback
01951,锦鑫生殖,2019-11-22,STRUCTURAL_ACCUMULATION,Improving,Consolidation,,COST_ADVANTAGE,Low,BULLISH_STABLE,75.0,Aligned,risk_on,结构:STRUCTURAL_ACCUMULATION(A/A-); 阶段:Improving(B); 触发:Consolidation(C); 置信度:Low,PASSED,C,matrix
01951,锦鑫生殖,2019-11-29,STRUCTURAL_ACCUMULATION,Improving,Consolidation,,COST_ADVANTAGE,Low,BULLISH_STABLE,75.0,Aligned,neutral,结构:STRUCTURAL_ACCUMULATION(A/A-); 阶段:Improving(B); 触发:Consolidation(C); 置信度:Low,PASSED,C,matrix
01951,锦鑫生殖,2019-12-06,STRUCTURAL_ACCUMULATION,Deteriorating,Consolidation,50.0,COST_NEUTRAL,High,BULLISH_STABLE,75.0,Divergence,risk_off,结构:STRUCTURAL_ACCUMULATION(A/A-); 阶段:Deteriorating(B); 触发:Consolidation(C); 置信度:High,PASSED,C,fallback
01951,锦鑫生殖,2019-12-13,STRUCTURAL_ACCUMULATION,Deteriorating,Consolidation,50.0,COST_NEUTRAL,High,BULLISH_STABLE,75.0,Divergence,risk_on,结构:STRUCTURAL_ACCUMULATION(A/A-); 阶段:Deteriorating(B); 触发:Consolidation(C); 置信度:High,PASSED,C,fallback
01951,锦鑫生殖,2019-12-20,STRUCTURAL_ACCUMULATION,Deteriorating,Consolidation,50.0,COST_NEUTRAL,High,BULLISH_STABLE,75.0,Divergence,risk_on,结构:STRUCTURAL_ACCUMULATION(A/A-); 阶段:Deteriorating(B); 触发:Consolidation(C); 置信度:High,PASSED,C,fallback
01951,锦鑫生殖,2019-12-27,STRUCTURAL_ACCUMULATION,Deteriorating,Consolidation,50.0,COST_NEUTRAL,High,BULLISH_STABLE,75.0,Divergence,risk_on,结构:STRUCTURAL_ACCUMULATION(A/A-); 阶段:Deteriorating(B); 触发:Consolidation(C); 置信度:High,PASSED,C,fallback
01951,锦鑫生殖,2020-01-03,STRUCTURAL_ACCUMULATION,Deteriorating,Consolidation,50.0,COST_DISADVANTAGE,High,BULLISH_STABLE,75.0,Divergence,risk_on,结构:STRUCTURAL_ACCUMULATION(A/A-); 阶段:Deteriorating(B); 触发:Consolidation(C); 置信度:High,PASSED,C,fallback
01951,锦鑫生殖,2020-01-10,STRUCTURAL_ACCUMULATION,Deteriorating,Consolidation,50.0,COST_DISADVANTAGE,High,BULLISH_STABLE,75.0,Divergence,risk_on,结构:STRUCTURAL_ACCUMULATION(A/A-); 阶段:Deteriorating(B); 触发:Consolidation(C); 置信度:High,PASSED,C,fallback
01951,锦鑫生殖,2020-01-17,STRUCTURAL_ACCUMULATION,Deteriorating,Consolidation,50.0,COST_DISADVANTAGE,High,BULLISH_STABLE,75.0,Divergence,risk_on,结构:STRUCTURAL_ACCUMULATION(A/A-); 阶段:Deteriorating(B); 触发:Consolidation(C); 置信度:High,PASSED,C,fallback
01951,锦鑫生殖,2020-01-24,STRUCTURAL_ACCUMULATION,Deteriorating,Consolidation,50.0,COST_DISADVANTAGE,High,BULLISH_STABLE,75.0,Divergence,risk_on,结构:STRUCTURAL_ACCUMULATION(A/A-); 阶段:Deteriorating(B); 触发:Consolidation(C); 置信度:High,PASSED,C,fallback
01951,锦鑫生殖,2020-01-31,STRUCTURAL_ACCUMULATION,Stable,Consolidation,50.0,COST_DISADVANTAGE,High,BULLISH_STABLE,75.0,Aligned,risk_off,结构:STRUCTURAL_ACCUMULATION(A/A-); 阶段:Stable(B); 触发:Consolidation(C); 置信度:High,PASSED,C,fallback
01951,锦鑫生殖,2020-02-07,STRUCTURAL_ACCUMULATION,Stable,Consolidation,50.0,COST_DISADVANTAGE,High,BULLISH_STABLE,75.0,Aligned,neutral,结构:STRUCTURAL_ACCUMULATION(A/A-); 阶段:Stable(B); 触发:Consolidation(C); 置信度:High,PASSED,C,fallback
01951,锦鑫生殖,2020-02-14,STRUCTURAL_ACCUMULATION,Stable,Consolidation,50.0,COST_DISADVANTAGE,Medium,BULLISH_STABLE,75.0,Aligned,risk_on,结构:STRUCTURAL_ACCUMULATION(A/A-); 阶段:Stable(B); 触发:Consolidation(C); 置信度:Medium,PASSED,C,fallback
01951,锦鑫生殖,2020-02-21,STRUCTURAL_ACCUMULATION,Stable,Consolidation,50.0,COST_DISADVANTAGE,Medium,BULLISH_STABLE,75.0,Aligned,risk_on,结构:STRUCTURAL_ACCUMULATION(A/A-); 阶段:Stable(B); 触发:Consolidation(C); 置信度:Medium,PASSED,C,fallback
01951,锦鑫生殖,2020-02-28,STRUCTURAL_ACCUMULATION,Stable,Breakdown,50.0,COST_DISADVANTAGE,Medium,BULLISH_WARNING,55.0,Aligned,risk_off,结构:STRUCTURAL_ACCUMULATION(A/A-); 阶段:Stable(B); 触发:Breakdown(C); 置信度:Medium,PASSED,C,fallback
01951,锦鑫生殖,2020-03-06,STRUCTURAL_ACCUMULATION,Stable,Consolidation,50.0,COST_DISADVANTAGE,Medium,BULLISH_STABLE,75.0,Aligned,risk_off,结构:STRUCTURAL_ACCUMULATION(A/A-); 阶段:Stable(B); 触发:Consolidation(C); 置信度:Medium,PASSED,C,fallback
01951,锦鑫生殖,2020-03-13,STRUCTURAL_ACCUMULATION,Stable,Breakdown,50.0,COST_DISADVANTAGE,Medium,BULLISH_WARNING,55.0,Aligned,risk_off,结构:STRUCTURAL_ACCUMULATION(A/A-); 阶段:Stable(B); 触发:Breakdown(C); 置信度:Medium,PASSED,C,fallback
01951,锦鑫生殖,2020-03-20,STRUCTURAL_ACCUMULATION,Stable,Consolidation,50.0,COST_DISADVANTAGE,Medium,BULLISH_STABLE,75.0,Aligned,risk_off,结构:STRUCTURAL_ACCUMULATION(A/A-); 阶段:Stable(B); 触发:Consolidation(C); 置信度:Medium,PASSED,C,fallback
01951,锦鑫生殖,2020-03-27,STRUCTURAL_ACCUMULATION,Stable,Consolidation,50.0,COST_DISADVANTAGE,Medium,BULLISH_STABLE,75.0,Aligned,risk_off,结构:STRUCTURAL_ACCUMULATION(A/A-); 阶段:Stable(B); 触发:Consolidation(C); 置信度:Medium,PASSED,C,fallback
01951,锦鑫生殖,2020-04-03,STRUCTURAL_ACCUMULATION,Deteriorating,Consolidation,50.0,COST_DISADVANTAGE,Medium,BULLISH_STABLE,75.0,Divergence,risk_off,结构:STRUCTURAL_ACCUMULATION(A/A-); 阶段:Deteriorating(B); 触发:Consolidation(C); 置信度:Medium,PASSED,C,fallback
01951,锦鑫生殖,2020-04-10,STRUCTURAL_ACCUMULATION,Deteriorating,Consolidation,50.0,COST_DISADVANTAGE,Medium,BULLISH_STABLE,75.0,Divergence,risk_off,结构:STRUCTURAL_ACCUMULATION(A/A-); 阶段:Deteriorating(B); 触发:Consolidation(C); 置信度:Medium,PASSED,C,fallback
01951,锦鑫生殖,2020-04-17,STRUCTURAL_ACCUMULATION,Deteriorating,Consolidation,50.0,COST_DISADVANTAGE,Medium,BULLISH_STABLE,75.0,Divergence,risk_off,结构:STRUCTURAL_ACCUMULATION(A/A-); 阶段:Deteriorating(B); 触发:Consolidation(C); 置信度:Medium,PASSED,C,fallback
01951,锦鑫生殖,2020-04-24,STRUCTURAL_ACCUMULATION,Deteriorating,Consolidation,50.0,COST_DISADVANTAGE,Medium,BULLISH_STABLE,75.0,Divergence,risk_off,结构:STRUCTURAL_ACCUMULATION(A/A-); 阶段:Deteriorating(B); 触发:Consolidation(C); 置信度:Medium,PASSED,C,fallback
01951,锦鑫生殖,2020-05-01,STRUCTURAL_ACCUMULATION,Improving,Consolidation,50.0,COST_NEUTRAL,Medium,BULLISH_STABLE,75.0,Aligned,risk_off,结构:STRUCTURAL_ACCUMULATION(A/A-); 阶段:Improving(B); 触发:Consolidation(C); 置信度:Medium,PASSED,C,matrix
01951,锦鑫生殖,2020-05-08,STRUCTURAL_ACCUMULATION,Improving,Consolidation,50.0,COST_NEUTRAL,Medium,BULLISH_STABLE,75.0,Aligned,risk_off,结构:STRUCTURAL_ACCUMULATION(A/A-); 阶段:Improving(B); 触发:Consolidation(C); 置信度:Medium,PASSED,C,matrix
01951,锦鑫生殖,2020-05-15,STRUCTURAL_ACCUMULATION,Improving,Consolidation,50.0,COST_NEUTRAL,Medium,BULLISH_STABLE,75.0,Aligned,risk_off,结构:STRUCTURAL_ACCUMULATION(A/A-); 阶段:Improving(B); 触发:Consolidation(C); 置信度:Medium,PASSED,C,matrix
01951,锦鑫生殖,2020-05-22,STRUCTURAL_ACCUMULATION,Improving,Consolidation,50.0,COST_NEUTRAL,Medium,BULLISH_STABLE,75.0,Aligned,risk_off,结构:STRUCTURAL_ACCUMULATION(A/A-); 阶段:Improving(B); 触发:Consolidation(C); 置信度:Medium,PASSED,C,matrix
01951,锦鑫生殖,2020-05-29,STRUCTURAL_ACCUMULATION,Improving,Consolidation,50.0,COST_NEUTRAL,Medium,BULLISH_STABLE,75.0,Aligned,risk_off,结构:STRUCTURAL_ACCUMULATION(A/A-); 阶段:Improving(B); 触发:Consolidation(C); 置信度:Medium,PASSED,C,matrix
01951,锦鑫生殖,2020-06-05,STRUCTURAL_ACCUMULATION,Improving,Consolidation,50.0,COST_NEUTRAL,Medium,BULLISH_STABLE,75.0,Aligned,neutral,结构:STRUCTURAL_ACCUMULATION(A/A-); 阶段:Improving(B); 触发:Consolidation(C); 置信度:Medium,PASSED,C,matrix
01951,锦鑫生殖,2020-06-12,STRUCTURAL_ACCUMULATION,Improving,Pullback,50.0,COST_NEUTRAL,Medium,BULLISH_STABLE,75.0,Aligned,risk_off,结构:STRUCTURAL_ACCUMULATION(A/A-); 阶段:Improving(B); 触发:Pullback(C); 置信度:Medium,PASSED,C,fallback
01951,锦鑫生殖,2020-06-19,STRUCTURAL_ACCUMULATION,Improving,Consolidation,50.0,COST_NEUTRAL,Medium,BULLISH_STABLE,75.0,Aligned,risk_off,结构:STRUCTURAL_ACCUMULATION(A/A-); 阶段:Improving(B); 触发:Consolidation(C); 置信度:Medium,PASSED,C,matrix
01951,锦鑫生殖,2020-06-26,STRUCTURAL_ACCUMULATION,Improving,Consolidation,50.0,COST_NEUTRAL,Medium,BULLISH_STABLE,75.0,Aligned,risk_off,结构:STRUCTURAL_ACCUMULATION(A/A-); 阶段:Improving(B); 触发:Consolidation(C); 置信度:Medium,PASSED,C,matrix
01951,锦鑫生殖,2020-07-03,STRUCTURAL_ACCUMULATION,Stable,Breakout,50.0,COST_ADVANTAGE,Medium,BULLISH_STABLE,75.0,Aligned,risk_on,结构:STRUCTURAL_ACCUMULATION(A/A-); 阶段:Stable(B); 触发:Breakout(C); 置信度:Medium,PASSED,C,fallback
01951,锦鑫生殖,2020-07-10,STRUCTURAL_ACCUMULATION,Stable,Consolidation,50.0,COST_ADVANTAGE,Medium,BULLISH_STABLE,75.0,Aligned,risk_off,结构:STRUCTURAL_ACCUMULATION(A/A-); 阶段:Stable(B); 触发:Consolidation(C); 置信度:Medium,PASSED,C,fallback
01951,锦鑫生殖,2020-07-17,STRUCTURAL_ACCUMULATION,Stable,Consolidation,50.0,COST_ADVANTAGE,Medium,BULLISH_STABLE,75.0,Aligned,risk_on,结构:STRUCTURAL_ACCUMULATION(A/A-); 阶段:Stable(B); 触发:Consolidation(C); 置信度:Medium,PASSED,C,fallback
01951,锦鑫生殖,2020-07-24,STRUCTURAL_ACCUMULATION,Stable,Pullback,50.0,COST_ADVANTAGE,Medium,BULLISH_STABLE,75.0,Aligned,risk_off,结构:STRUCTURAL_ACCUMULATION(A/A-); 阶段:Stable(B); 触发:Pullback(C); 置信度:Medium,PASSED,C,fallback
01951,锦鑫生殖,2020-07-31,STRUCTURAL_ACCUMULATION,Deteriorating,Pullback,50.0,COST_NEUTRAL,Medium,BULLISH_STABLE,75.0,Divergence,neutral,结构:STRUCTURAL_ACCUMULATION(A/A-); 阶段:Deteriorating(B); 触发:Pullback(C); 置信度:Medium,PASSED,C,fallback
01951,锦鑫生殖,2020-08-07,STRUCTURAL_ACCUMULATION,Deteriorating,Consolidation,50.0,COST_NEUTRAL,Medium,BULLISH_STABLE,75.0,Divergence,neutral,结构:STRUCTURAL_ACCUMULATION(A/A-); 阶段:Deteriorating(B); 触发:Consolidation(C); 置信度:Medium,PASSED,C,fallback
01951,锦鑫生殖,2020-08-14,STRUCTURAL_ACCUMULATION,Deteriorating,Pullback,50.0,COST_NEUTRAL,Medium,BULLISH_STABLE,75.0,Divergence,risk_on,结构:STRUCTURAL_ACCUMULATION(A/A-); 阶段:Deteriorating(B); 触发:Pullback(C); 置信度:Medium,PASSED,C,fallback
01951,锦鑫生殖,2020-08-21,STRUCTURAL_ACCUMULATION,Deteriorating,Consolidation,50.0,COST_NEUTRAL,Medium,BULLISH_STABLE,75.0,Divergence,risk_on,结构:STRUCTURAL_ACCUMULATION(A/A-); 阶段:Deteriorating(B); 触发:Consolidation(C); 置信度:Medium,PASSED,C,fallback
01951,锦鑫生殖,2020-08-28,STRUCTURAL_ACCUMULATION,Deteriorating,Consolidation,50.0,COST_NEUTRAL,Medium,BULLISH_STABLE,75.0,Divergence,risk_on,结构:STRUCTURAL_ACCUMULATION(A/A-); 阶段:Deteriorating(B); 触发:Consolidation(C); 置信度:Medium,PASSED,C,fallback
01951,锦鑫生殖,2020-09-04,STRUCTURAL_ACCUMULATION,Stable,Consolidation,50.0,COST_ADVANTAGE,Medium,BULLISH_STABLE,75.0,Aligned,risk_off,结构:STRUCTURAL_ACCUMULATION(A/A-); 阶段:Stable(B); 触发:Consolidation(C); 置信度:Medium,PASSED,C,fallback
01951,锦鑫生殖,2020-09-11,STRUCTURAL_ACCUMULATION,Stable,Consolidation,50.0,COST_ADVANTAGE,Medium,BULLISH_STABLE,75.0,Aligned,neutral,结构:STRUCTURAL_ACCUMULATION(A/A-); 阶段:Stable(B); 触发:Consolidation(C); 置信度:Medium,PASSED,C,fallback
01951,锦鑫生殖,2020-09-18,STRUCTURAL_ACCUMULATION,Stable,Consolidation,50.0,COST_ADVANTAGE,Medium,BULLISH_STABLE,75.0,Aligned,neutral,结构:STRUCTURAL_ACCUMULATION(A/A-); 阶段:Stable(B); 触发:Consolidation(C); 置信度:Medium,PASSED,C,fallback
01951,锦鑫生殖,2020-09-25,STRUCTURAL_ACCUMULATION,Stable,Consolidation,50.0,COST_ADVANTAGE,Medium,BULLISH_STABLE,75.0,Aligned,risk_off,结构:STRUCTURAL_ACCUMULATION(A/A-); 阶段:Stable(B); 触发:Consolidation(C); 置信度:Medium,PASSED,C,fallback
01951,锦鑫生殖,2020-10-02,STRUCTURAL_ACCUMULATION,Deteriorating,Consolidation,50.0,COST_DISADVANTAGE,Medium,BULLISH_STABLE,75.0,Divergence,risk_off,结构:STRUCTURAL_ACCUMULATION(A/A-); 阶段:Deteriorating(B); 触发:Consolidation(C); 置信度:Medium,PASSED,C,fallback
01951,锦鑫生殖,2020-10-09,STRUCTURAL_ACCUMULATION,Deteriorating,Consolidation,50.0,COST_DISADVANTAGE,Medium,BULLISH_STABLE,75.0,Divergence,risk_off,结构:STRUCTURAL_ACCUMULATION(A/A-); 阶段:Deteriorating(B); 触发:Consolidation(C); 置信度:Medium,PASSED,C,fallback
01951,锦鑫生殖,2020-10-16,STRUCTURAL_ACCUMULATION,Deteriorating,Consolidation,50.0,COST_DISADVANTAGE,Medium,BULLISH_STABLE,75.0,Divergence,risk_off,结构:STRUCTURAL_ACCUMULATION(A/A-); 阶段:Deteriorating(B); 触发:Consolidation(C); 置信度:Medium,PASSED,C,fallback
01951,锦鑫生殖,2020-10-23,STRUCTURAL_ACCUMULATION,Deteriorating,Breakdown,50.0,COST_DISADVANTAGE,Medium,BULLISH_WARNING,55.0,Divergence,neutral,结构:STRUCTURAL_ACCUMULATION(A/A-); 阶段:Deteriorating(B); 触发:Breakdown(C); 置信度:Medium,PASSED,C,matrix
01951,锦鑫生殖,2020-10-30,STRUCTURAL_ACCUMULATION,Deteriorating,Consolidation,50.0,COST_DISADVANTAGE,Medium,BULLISH_STABLE,75.0,Divergence,risk_off,结构:STRUCTURAL_ACCUMULATION(A/A-); 阶段:Deteriorating(B); 触发:Consolidation(C); 置信度:Medium,PASSED,C,fallback
01951,锦鑫生殖,2020-11-06,STRUCTURAL_ACCUMULATION,Deteriorating,Consolidation,50.0,COST_DISADVANTAGE,Medium,BULLISH_STABLE,75.0,Divergence,risk_on,结构:STRUCTURAL_ACCUMULATION(A/A-); 阶段:Deteriorating(B); 触发:Consolidation(C); 置信度:Medium,PASSED,C,fallback
01951,锦鑫生殖,2020-11-13,STRUCTURAL_ACCUMULATION,Deteriorating,Consolidation,50.0,COST_DISADVANTAGE,Medium,BULLISH_STABLE,75.0,Divergence,risk_on,结构:STRUCTURAL_ACCUMULATION(A/A-); 阶段:Deteriorating(B); 触发:Consolidation(C); 置信度:Medium,PASSED,C,fallback
01951,锦鑫生殖,2020-11-20,STRUCTURAL_DECLINE,Deteriorating,Breakout,50.0,COST_DISADVANTAGE,Low,BEARISH_CONFIRMED,20.0,Aligned,risk_on,结构:STRUCTURAL_DECLINE(A/A-); 阶段:Deteriorating(B); 触发:Breakout(C); 置信度:Low,PASSED,C,fallback
01951,锦鑫生殖,2020-11-27,STRUCTURAL_DECLINE,Deteriorating,Consolidation,50.0,COST_DISADVANTAGE,Low,BEARISH_CONFIRMED,20.0,Aligned,risk_on,结构:STRUCTURAL_DECLINE(A/A-); 阶段:Deteriorating(B); 触发:Consolidation(C); 置信度:Low,PASSED,C,fallback
01951,锦鑫生殖,2020-12-04,STRUCTURAL_DECLINE,Deteriorating,Breakout,50.0,COST_ADVANTAGE,Low,BEARISH_CONFIRMED,20.0,Aligned,risk_on,结构:STRUCTURAL_DECLINE(A/A-); 阶段:Deteriorating(B); 触发:Breakout(C); 置信度:Low,PASSED,C,fallback
01951,锦鑫生殖,2020-12-11,STRUCTURAL_DECLINE,Deteriorating,Consolidation,50.0,COST_ADVANTAGE,Low,BEARISH_CONFIRMED,20.0,Aligned,risk_on,结构:STRUCTURAL_DECLINE(A/A-); 阶段:Deteriorating(B); 触发:Consolidation(C); 置信度:Low,PASSED,C,fallback
01951,锦鑫生殖,2020-12-18,STRUCTURAL_DECLINE,Deteriorating,Consolidation,50.0,COST_ADVANTAGE,Low,BEARISH_CONFIRMED,20.0,Aligned,risk_on,结构:STRUCTURAL_DECLINE(A/A-); 阶段:Deteriorating(B); 触发:Consolidation(C); 置信度:Low,PASSED,C,fallback
01951,锦鑫生殖,2020-12-25,STRUCTURAL_DECLINE,Deteriorating,Consolidation,50.0,COST_ADVANTAGE,Low,BEARISH_CONFIRMED,20.0,Aligned,risk_on,结构:STRUCTURAL_DECLINE(A/A-); 阶段:Deteriorating(B); 触发:Consolidation(C); 置信度:Low,PASSED,C,fallback
01951,锦鑫生殖,2021-01-01,STRUCTURAL_DECLINE,Improving,Consolidation,50.0,COST_ADVANTAGE,Low,BEARISH_CONFIRMED,20.0,Divergence,risk_on,结构:STRUCTURAL_DECLINE(A/A-); 阶段:Improving(B); 触发:Consolidation(C); 置信度:Low,PASSED,C,fallback
01951,锦鑫生殖,2021-01-08,STRUCTURAL_DECLINE,Improving,Consolidation,50.0,COST_ADVANTAGE,Low,BEARISH_CONFIRMED,20.0,Divergence,risk_on,结构:STRUCTURAL_DECLINE(A/A-); 阶段:Improving(B); 触发:Consolidation(C); 置信度:Low,PASSED,C,fallback
01951,锦鑫生殖,2021-01-15,STRUCTURAL_DECLINE,Improving,Pullback,50.0,COST_ADVANTAGE,Low,BEARISH_CONFIRMED,20.0,Divergence,risk_on,结构:STRUCTURAL_DECLINE(A/A-); 阶段:Improving(B); 触发:Pullback(C); 置信度:Low,PASSED,C,fallback
01951,锦鑫生殖,2021-01-22,STRUCTURAL_DECLINE,Improving,Consolidation,50.0,COST_ADVANTAGE,Low,BEARISH_CONFIRMED,20.0,Divergence,risk_on,结构:STRUCTURAL_DECLINE(A/A-); 阶段:Improving(B); 触发:Consolidation(C); 置信度:Low,PASSED,C,fallback
01951,锦鑫生殖,2021-01-29,STRUCTURAL_DECLINE,Improving,Consolidation,50.0,COST_ADVANTAGE,Low,BEARISH_CONFIRMED,20.0,Divergence,risk_off,结构:STRUCTURAL_DECLINE(A/A-); 阶段:Improving(B); 触发:Consolidation(C); 置信度:Low,PASSED,C,fallback
01951,锦鑫生殖,2021-02-05,STRUCTURAL_DECLINE,Stable,Breakout,50.0,COST_NEUTRAL,Low,BEARISH_CONFIRMED,20.0,Aligned,risk_on,结构:STRUCTURAL_DECLINE(A/A-); 阶段:Stable(B); 触发:Breakout(C); 置信度:Low,PASSED,C,fallback
01951,锦鑫生殖,2021-02-12,STRUCTURAL_DECLINE,Stable,Consolidation,50.0,COST_NEUTRAL,Low,BEARISH_CONFIRMED,20.0,Aligned,risk_on,结构:STRUCTURAL_DECLINE(A/A-); 阶段:Stable(B); 触发:Consolidation(C); 置信度:Low,PASSED,C,fallback
01951,锦鑫生殖,2021-02-19,STRUCTURAL_ACCUMULATION,Stable,Consolidation,50.0,COST_NEUTRAL,High,BULLISH_STABLE,75.0,Aligned,risk_on,结构:STRUCTURAL_ACCUMULATION(A/A-); 阶段:Stable(B); 触发:Consolidation(C); 置信度:High,PASSED,C,fallback
01951,锦鑫生殖,2021-02-26,STRUCTURAL_ACCUMULATION,Stable,Pullback,50.0,COST_NEUTRAL,High,BULLISH_STABLE,75.0,Aligned,risk_off,结构:STRUCTURAL_ACCUMULATION(A/A-); 阶段:Stable(B); 触发:Pullback(C); 置信度:High,PASSED,C,fallback
01951,锦鑫生殖,2021-03-05,STRUCTURAL_ACCUMULATION,Improving,Consolidation,50.0,COST_NEUTRAL,High,BULLISH_STABLE,75.0,Aligned,risk_on,结构:STRUCTURAL_ACCUMULATION(A/A-); 阶段:Improving(B); 触发:Consolidation(C); 置信度:High,PASSED,C,matrix
01951,锦鑫生殖,2021-03-12,STRUCTURAL_ACCUMULATION,Improving,Consolidation,50.0,COST_NEUTRAL,High,BULLISH_STABLE,75.0,Aligned,risk_on,结构:STRUCTURAL_ACCUMULATION(A/A-); 阶段:Improving(B); 触发:Consolidation(C); 置信度:High,PASSED,C,matrix
01951,锦鑫生殖,2021-03-19,STRUCTURAL_ACCUMULATION,Improving,Pullback,50.0,COST_NEUTRAL,High,BULLISH_STABLE,75.0,Aligned,risk_on,结构:STRUCTURAL_ACCUMULATION(A/A-); 阶段:Improving(B); 触发:Pullback(C); 置信度:High,PASSED,C,fallback
01951,锦鑫生殖,2021-03-26,STRUCTURAL_ACCUMULATION,Improving,Pullback,50.0,COST_NEUTRAL,High,BULLISH_STABLE,75.0,Aligned,risk_on,结构:STRUCTURAL_ACCUMULATION(A/A-); 阶段:Improving(B); 触发:Pullback(C); 置信度:High,PASSED,C,fallback
01951,锦鑫生殖,2021-04-02,STRUCTURAL_ACCUMULATION,Stable,Consolidation,50.0,COST_NEUTRAL,High,BULLISH_STABLE,75.0,Aligned,risk_on,结构:STRUCTURAL_ACCUMULATION(A/A-); 阶段:Stable(B); 触发:Consolidation(C); 置信度:High,PASSED,C,fallback
01951,锦鑫生殖,2021-04-09,STRUCTURAL_ACCUMULATION,Stable,Consolidation,50.0,COST_NEUTRAL,High,BULLISH_STABLE,75.0,Aligned,risk_on,结构:STRUCTURAL_ACCUMULATION(A/A-); 阶段:Stable(B); 触发:Consolidation(C); 置信度:High,PASSED,C,fallback
01951,锦鑫生殖,2021-04-16,STRUCTURAL_ACCUMULATION,Stable,Consolidation,50.0,COST_NEUTRAL,High,BULLISH_STABLE,75.0,Aligned,neutral,结构:STRUCTURAL_ACCUMULATION(A/A-); 阶段:Stable(B); 触发:Consolidation(C); 置信度:High,PASSED,C,fallback
01951,锦鑫生殖,2021-04-23,STRUCTURAL_ACCUMULATION,Stable,Consolidation,50.0,COST_NEUTRAL,High,BULLISH_STABLE,75.0,Aligned,neutral,结构:STRUCTURAL_ACCUMULATION(A/A-); 阶段:Stable(B); 触发:Consolidation(C); 置信度:High,PASSED,C,fallback
01951,锦鑫生殖,2021-04-30,STRUCTURAL_ACCUMULATION,Improving,Consolidation,42.982512077548655,COST_ADVANTAGE,High,BULLISH_STABLE,75.0,Aligned,neutral,结构:STRUCTURAL_ACCUMULATION(A/A-); 阶段:Improving(B); 触发:Consolidation(C); 置信度:High,PASSED,C,matrix
01951,锦鑫生殖,2021-05-07,STRUCTURAL_ACCUMULATION,Improving,Pullback,42.982512077548655,COST_ADVANTAGE,High,BULLISH_STABLE,75.0,Aligned,risk_off,结构:STRUCTURAL_ACCUMULATION(A/A-); 阶段:Improving(B); 触发:Pullback(C); 置信度:High,PASSED,C,fallback
01951,锦鑫生殖,2021-05-14,STRUCTURAL_ACCUMULATION,Improving,Consolidation,42.982512077548655,COST_ADVANTAGE,High,BULLISH_STABLE,75.0,Aligned,risk_off,结构:STRUCTURAL_ACCUMULATION(A/A-); 阶段:Improving(B); 触发:Consolidation(C); 置信度:High,PASSED,C,matrix
01951,锦鑫生殖,2021-05-21,STRUCTURAL_ACCUMULATION,Improving,Consolidation,42.982512077548655,COST_ADVANTAGE,Low,BULLISH_STABLE,75.0,Aligned,risk_off,结构:STRUCTURAL_ACCUMULATION(A/A-); 阶段:Improving(B); 触发:Consolidation(C); 置信度:Low,PASSED,C,matrix
01951,锦鑫生殖,2021-05-28,STRUCTURAL_ACCUMULATION,Improving,Pullback,42.982512077548655,COST_ADVANTAGE,Low,BULLISH_STABLE,75.0,Aligned,neutral,结构:STRUCTURAL_ACCUMULATION(A/A-); 阶段:Improving(B); 触发:Pullback(C); 置信度:Low,PASSED,C,fallback
01951,锦鑫生殖,2021-06-04,STRUCTURAL_ACCUMULATION,Improving,Consolidation,47.31633084220655,COST_ADVANTAGE,Low,BULLISH_STABLE,75.0,Aligned,neutral,结构:STRUCTURAL_ACCUMULATION(A/A-); 阶段:Improving(B); 触发:Consolidation(C); 置信度:Low,PASSED,C,matrix
01951,锦鑫生殖,2021-06-11,STRUCTURAL_ACCUMULATION,Improving,Pullback,47.31633084220655,COST_ADVANTAGE,Low,BULLISH_STABLE,75.0,Aligned,neutral,结构:STRUCTURAL_ACCUMULATION(A/A-); 阶段:Improving(B); 触发:Pullback(C); 置信度:Low,PASSED,C,fallback
01951,锦鑫生殖,2021-06-18,STRUCTURAL_ACCUMULATION,Improving,Pullback,47.31633084220655,COST_ADVANTAGE,Low,BULLISH_STABLE,75.0,Aligned,neutral,结构:STRUCTURAL_ACCUMULATION(A/A-); 阶段:Improving(B); 触发:Pullback(C); 置信度:Low,PASSED,C,fallback
01951,锦鑫生殖,2021-06-25,STRUCTURAL_ACCUMULATION,Improving,Consolidation,47.31633084220655,COST_ADVANTAGE,Low,BULLISH_STABLE,75.0,Aligned,risk_on,结构:STRUCTURAL_ACCUMULATION(A/A-); 阶段:Improving(B); 触发:Consolidation(C); 置信度:Low,PASSED,C,matrix
01951,锦鑫生殖,2021-07-02,STRUCTURAL_ACCUMULATION,Stable,Pullback,48.29414122183474,COST_NEUTRAL,Low,BULLISH_STABLE,75.0,Aligned,risk_off,结构:STRUCTURAL_ACCUMULATION(A/A-); 阶段:Stable(B); 触发:Pullback(C); 置信度:Low,PASSED,C,fallback
01951,锦鑫生殖,2021-07-09,STRUCTURAL_ACCUMULATION,Stable,Consolidation,48.29414122183474,COST_NEUTRAL,Low,BULLISH_STABLE,75.0,Aligned,risk_off,结构:STRUCTURAL_ACCUMULATION(A/A-); 阶段:Stable(B); 触发:Consolidation(C); 置信度:Low,PASSED,C,fallback
01951,锦鑫生殖,2021-07-16,STRUCTURAL_ACCUMULATION,Stable,Consolidation,48.29414122183474,COST_NEUTRAL,Low,BULLISH_STABLE,75.0,Aligned,risk_off,结构:STRUCTURAL_ACCUMULATION(A/A-); 阶段:Stable(B); 触发:Consolidation(C); 置信度:Low,PASSED,C,fallback
01951,锦鑫生殖,2021-07-23,STRUCTURAL_ACCUMULATION,Stable,Consolidation,48.29414122183474,COST_NEUTRAL,Low,BULLISH_STABLE,75.0,Aligned,risk_off,结构:STRUCTURAL_ACCUMULATION(A/A-); 阶段:Stable(B); 触发:Consolidation(C); 置信度:Low,PASSED,C,fallback
01951,锦鑫生殖,2021-07-30,STRUCTURAL_ACCUMULATION,Stable,Consolidation,48.29414122183474,COST_NEUTRAL,Low,BULLISH_STABLE,75.0,Aligned,risk_off,结构:STRUCTURAL_ACCUMULATION(A/A-); 阶段:Stable(B); 触发:Consolidation(C); 置信度:Low,PASSED,C,fallback
01951,锦鑫生殖,2021-08-06,STRUCTURAL_ACCUMULATION,Deteriorating,Consolidation,53.254185884562716,COST_DISADVANTAGE,Low,BULLISH_STABLE,75.0,Divergence,risk_off,结构:STRUCTURAL_ACCUMULATION(A/A-); 阶段:Deteriorating(B); 触发:Consolidation(C); 置信度:Low,PASSED,C,fallback
01951,锦鑫生殖,2021-08-13,STRUCTURAL_ACCUMULATION,Deteriorating,Consolidation,53.254185884562716,COST_DISADVANTAGE,Low,BULLISH_STABLE,75.0,Divergence,risk_off,结构:STRUCTURAL_ACCUMULATION(A/A-); 阶段:Deteriorating(B); 触发:Consolidation(C); 置信度:Low,PASSED,C,fallback
01951,锦鑫生殖,2021-08-20,STRUCTURAL_ACCUMULATION,Deteriorating,Breakdown,53.254185884562716,COST_DISADVANTAGE,Medium,BULLISH_WARNING,55.0,Divergence,risk_off,结构:STRUCTURAL_ACCUMULATION(A/A-); 阶段:Deteriorating(B); 触发:Breakdown(C); 置信度:Medium,PASSED,C,matrix
01951,锦鑫生殖,2021-08-27,STRUCTURAL_ACCUMULATION,Deteriorating,Consolidation,53.254185884562716,COST_DISADVANTAGE,Medium,BULLISH_STABLE,75.0,Divergence,risk_off,结构:STRUCTURAL_ACCUMULATION(A/A-); 阶段:Deteriorating(B); 触发:Consolidation(C); 置信度:Medium,PASSED,C,fallback
01951,锦鑫生殖,2021-09-03,STRUCTURAL_ACCUMULATION,Stable,Consolidation,57.971761483510605,COST_DISADVANTAGE,Medium,BULLISH_STABLE,75.0,Aligned,risk_off,结构:STRUCTURAL_ACCUMULATION(A/A-); 阶段:Stable(B); 触发:Consolidation(C); 置信度:Medium,PASSED,C,fallback
01951,锦鑫生殖,2021-09-10,STRUCTURAL_ACCUMULATION,Stable,Consolidation,57.971761483510605,COST_DISADVANTAGE,Medium,BULLISH_STABLE,75.0,Aligned,risk_off,结构:STRUCTURAL_ACCUMULATION(A/A-); 阶段:Stable(B); 触发:Consolidation(C); 置信度:Medium,PASSED,C,fallback
01951,锦鑫生殖,2021-09-17,STRUCTURAL_ACCUMULATION,Stable,Consolidation,57.971761483510605,COST_DISADVANTAGE,Medium,BULLISH_STABLE,75.0,Aligned,risk_off,结构:STRUCTURAL_ACCUMULATION(A/A-); 阶段:Stable(B); 触发:Consolidation(C); 置信度:Medium,PASSED,C,fallback
01951,锦鑫生殖,2021-09-24,STRUCTURAL_ACCUMULATION,Stable,Consolidation,57.971761483510605,COST_DISADVANTAGE,Medium,BULLISH_STABLE,75.0,Aligned,risk_off,结构:STRUCTURAL_ACCUMULATION(A/A-); 阶段:Stable(B); 触发:Consolidation(C); 置信度:Medium,PASSED,C,fallback
01951,锦鑫生殖,2021-10-01,STRUCTURAL_ACCUMULATION,Deteriorating,Consolidation,74.57091986913714,COST_DISADVANTAGE,High,BULLISH_STABLE,75.0,Divergence,risk_off,结构:STRUCTURAL_ACCUMULATION(A/A-); 阶段:Deteriorating(B); 触发:Consolidation(C); 置信度:High,PASSED,C,fallback
01951,锦鑫生殖,2021-10-08,STRUCTURAL_ACCUMULATION,Deteriorating,Consolidation,74.57091986913714,COST_DISADVANTAGE,High,BULLISH_STABLE,75.0,Divergence,risk_off,结构:STRUCTURAL_ACCUMULATION(A/A-); 阶段:Deteriorating(B); 触发:Consolidation(C); 置信度:High,PASSED,C,fallback
01951,锦鑫生殖,2021-10-15,STRUCTURAL_ACCUMULATION,Deteriorating,Consolidation,74.57091986913714,COST_DISADVANTAGE,High,BULLISH_STABLE,75.0,Divergence,risk_off,结构:STRUCTURAL_ACCUMULATION(A/A-); 阶段:Deteriorating(B); 触发:Consolidation(C); 置信度:High,PASSED,C,fallback
01951,锦鑫生殖,2021-10-22,STRUCTURAL_ACCUMULATION,Deteriorating,Consolidation,74.57091986913714,COST_DISADVANTAGE,High,BULLISH_STABLE,75.0,Divergence,neutral,结构:STRUCTURAL_ACCUMULATION(A/A-); 阶段:Deteriorating(B); 触发:Consolidation(C); 置信度:High,PASSED,C,fallback
01951,锦鑫生殖,2021-10-29,STRUCTURAL_ACCUMULATION,Deteriorating,Breakdown,74.57091986913714,COST_DISADVANTAGE,High,BULLISH_WARNING,55.0,Divergence,risk_off,结构:STRUCTURAL_ACCUMULATION(A/A-); 阶段:Deteriorating(B); 触发:Breakdown(C); 置信度:High,PASSED,C,matrix
01951,锦鑫生殖,2021-11-05,STRUCTURAL_ACCUMULATION,Deteriorating,Breakdown,74.9222107082483,COST_DISADVANTAGE,High,BULLISH_WARNING,55.0,Divergence,risk_off,结构:STRUCTURAL_ACCUMULATION(A/A-); 阶段:Deteriorating(B); 触发:Breakdown(C); 置信度:High,PASSED,C,matrix
01951,锦鑫生殖,2021-11-12,STRUCTURAL_ACCUMULATION,Deteriorating,Consolidation,74.9222107082483,COST_DISADVANTAGE,High,BULLISH_STABLE,75.0,Divergence,risk_off,结构:STRUCTURAL_ACCUMULATION(A/A-); 阶段:Deteriorating(B); 触发:Consolidation(C); 置信度:High,PASSED,C,fallback
01951,锦鑫生殖,2021-11-19,STRUCTURAL_ACCUMULATION,Deteriorating,Consolidation,74.9222107082483,COST_DISADVANTAGE,Low,BULLISH_STABLE,75.0,Divergence,neutral,结构:STRUCTURAL_ACCUMULATION(A/A-); 阶段:Deteriorating(B); 触发:Consolidation(C); 置信度:Low,PASSED,C,fallback
01951,锦鑫生殖,2021-11-26,STRUCTURAL_ACCUMULATION,Deteriorating,Consolidation,74.9222107082483,COST_DISADVANTAGE,Low,BULLISH_STABLE,75.0,Divergence,risk_off,结构:STRUCTURAL_ACCUMULATION(A/A-); 阶段:Deteriorating(B); 触发:Consolidation(C); 置信度:Low,PASSED,C,fallback
01951,锦鑫生殖,2021-12-03,STRUCTURAL_ACCUMULATION,Stable,Consolidation,78.81457672050242,COST_DISADVANTAGE,Low,BULLISH_STABLE,75.0,Aligned,risk_off,结构:STRUCTURAL_ACCUMULATION(A/A-); 阶段:Stable(B); 触发:Consolidation(C); 置信度:Low,PASSED,C,fallback
01951,锦鑫生殖,2021-12-10,STRUCTURAL_ACCUMULATION,Stable,Breakdown,78.81457672050242,COST_DISADVANTAGE,Low,BULLISH_WARNING,55.0,Aligned,risk_off,结构:STRUCTURAL_ACCUMULATION(A/A-); 阶段:Stable(B); 触发:Breakdown(C); 置信度:Low,PASSED,C,fallback
01951,锦鑫生殖,2021-12-17,STRUCTURAL_ACCUMULATION,Stable,Breakdown,78.81457672050242,COST_DISADVANTAGE,Low,BULLISH_WARNING,55.0,Aligned,risk_off,结构:STRUCTURAL_ACCUMULATION(A/A-); 阶段:Stable(B); 触发:Breakdown(C); 置信度:Low,PASSED,C,fallback
01951,锦鑫生殖,2021-12-24,STRUCTURAL_ACCUMULATION,Stable,Consolidation,78.81457672050242,COST_DISADVANTAGE,Low,BULLISH_STABLE,75.0,Aligned,risk_off,结构:STRUCTURAL_ACCUMULATION(A/A-); 阶段:Stable(B); 触发:Consolidation(C); 置信度:Low,PASSED,C,fallback
01951,锦鑫生殖,2021-12-31,STRUCTURAL_ACCUMULATION,Stable,Consolidation,78.99271795397574,COST_DISADVANTAGE,Low,BULLISH_STABLE,75.0,Aligned,risk_off,结构:STRUCTURAL_ACCUMULATION(A/A-); 阶段:Stable(B); 触发:Consolidation(C); 置信度:Low,PASSED,C,fallback
01951,锦鑫生殖,2022-01-07,STRUCTURAL_ACCUMULATION,Stable,Consolidation,78.99271795397574,COST_DISADVANTAGE,Low,BULLISH_STABLE,75.0,Aligned,risk_off,结构:STRUCTURAL_ACCUMULATION(A/A-); 阶段:Stable(B); 触发:Consolidation(C); 置信度:Low,PASSED,C,fallback
01951,锦鑫生殖,2022-01-14,STRUCTURAL_ACCUMULATION,Stable,Consolidation,78.99271795397574,COST_DISADVANTAGE,Low,BULLISH_STABLE,75.0,Aligned,risk_off,结构:STRUCTURAL_ACCUMULATION(A/A-); 阶段:Stable(B); 触发:Consolidation(C); 置信度:Low,PASSED,C,fallback
01951,锦鑫生殖,2022-01-21,STRUCTURAL_ACCUMULATION,Stable,Consolidation,78.99271795397574,COST_DISADVANTAGE,Low,BULLISH_STABLE,75.0,Aligned,risk_off,结构:STRUCTURAL_ACCUMULATION(A/A-); 阶段:Stable(B); 触发:Consolidation(C); 置信度:Low,PASSED,C,fallback
01951,锦鑫生殖,2022-01-28,STRUCTURAL_ACCUMULATION,Stable,Breakdown,78.99271795397574,COST_DISADVANTAGE,Low,BULLISH_WARNING,55.0,Aligned,risk_off,结构:STRUCTURAL_ACCUMULATION(A/A-); 阶段:Stable(B); 触发:Breakdown(C); 置信度:Low,PASSED,C,fallback
01951,锦鑫生殖,2022-02-04,STRUCTURAL_ACCUMULATION,Deteriorating,Consolidation,96.53401685146241,COST_DISADVANTAGE,Low,BULLISH_STABLE,75.0,Divergence,neutral,结构:STRUCTURAL_ACCUMULATION(A/A-); 阶段:Deteriorating(B); 触发:Consolidation(C); 置信度:Low,PASSED,C,fallback
01951,锦鑫生殖,2022-02-11,STRUCTURAL_ACCUMULATION,Deteriorating,Consolidation,96.53401685146241,COST_DISADVANTAGE,Low,BULLISH_STABLE,75.0,Divergence,neutral,结构:STRUCTURAL_ACCUMULATION(A/A-); 阶段:Deteriorating(B); 触发:Consolidation(C); 置信度:Low,PASSED,C,fallback
01951,锦鑫生殖,2022-02-18,STRUCTURAL_ACCUMULATION,Deteriorating,Consolidation,96.53401685146241,COST_DISADVANTAGE,Low,BULLISH_STABLE,75.0,Divergence,risk_off,结构:STRUCTURAL_ACCUMULATION(A/A-); 阶段:Deteriorating(B); 触发:Consolidation(C); 置信度:Low,PASSED,C,fallback
01951,锦鑫生殖,2022-02-25,STRUCTURAL_ACCUMULATION,Deteriorating,Consolidation,96.53401685146241,COST_DISADVANTAGE,Low,BULLISH_STABLE,75.0,Divergence,risk_off,结构:STRUCTURAL_ACCUMULATION(A/A-); 阶段:Deteriorating(B); 触发:Consolidation(C); 置信度:Low,PASSED,C,fallback
01951,锦鑫生殖,2022-03-04,STRUCTURAL_ACCUMULATION,Improving,Consolidation,77.84847019333235,COST_NEUTRAL,Low,BULLISH_STABLE,75.0,Aligned,risk_off,结构:STRUCTURAL_ACCUMULATION(A/A-); 阶段:Improving(B); 触发:Consolidation(C); 置信度:Low,PASSED,C,matrix
01951,锦鑫生殖,2022-03-11,STRUCTURAL_ACCUMULATION,Improving,Consolidation,77.84847019333235,COST_NEUTRAL,Low,BULLISH_STABLE,75.0,Aligned,risk_off,结构:STRUCTURAL_ACCUMULATION(A/A-); 阶段:Improving(B); 触发:Consolidation(C); 置信度:Low,PASSED,C,matrix
01951,锦鑫生殖,2022-03-18,STRUCTURAL_ACCUMULATION,Improving,Consolidation,77.84847019333235,COST_NEUTRAL,Low,BULLISH_STABLE,75.0,Aligned,risk_off,结构:STRUCTURAL_ACCUMULATION(A/A-); 阶段:Improving(B); 触发:Consolidation(C); 置信度:Low,PASSED,C,matrix
01951,锦鑫生殖,2022-03-25,STRUCTURAL_ACCUMULATION,Improving,Consolidation,77.84847019333235,COST_NEUTRAL,Low,BULLISH_STABLE,75.0,Aligned,risk_off,结构:STRUCTURAL_ACCUMULATION(A/A-); 阶段:Improving(B); 触发:Consolidation(C); 置信度:Low,PASSED,C,matrix
01951,锦鑫生殖,2022-04-01,STRUCTURAL_ACCUMULATION,Deteriorating,Consolidation,33.93577341043649,COST_DISADVANTAGE,Low,BULLISH_STABLE,75.0,Divergence,risk_off,结构:STRUCTURAL_ACCUMULATION(A/A-); 阶段:Deteriorating(B); 触发:Consolidation(C); 置信度:Low,PASSED,C,fallback
01951,锦鑫生殖,2022-04-08,STRUCTURAL_ACCUMULATION,Deteriorating,Consolidation,33.93577341043649,COST_DISADVANTAGE,Low,BULLISH_STABLE,75.0,Divergence,risk_off,结构:STRUCTURAL_ACCUMULATION(A/A-); 阶段:Deteriorating(B); 触发:Consolidation(C); 置信度:Low,PASSED,C,fallback
01951,锦鑫生殖,2022-04-15,STRUCTURAL_ACCUMULATION,Deteriorating,Consolidation,33.93577341043649,COST_DISADVANTAGE,Low,BULLISH_STABLE,75.0,Divergence,risk_off,结构:STRUCTURAL_ACCUMULATION(A/A-); 阶段:Deteriorating(B); 触发:Consolidation(C); 置信度:Low,PASSED,C,fallback
01951,锦鑫生殖,2022-04-22,STRUCTURAL_ACCUMULATION,Deteriorating,Consolidation,33.93577341043649,COST_DISADVANTAGE,Low,BULLISH_STABLE,75.0,Divergence,risk_off,结构:STRUCTURAL_ACCUMULATION(A/A-); 阶段:Deteriorating(B); 触发:Consolidation(C); 置信度:Low,PASSED,C,fallback
01951,锦鑫生殖,2022-04-29,STRUCTURAL_ACCUMULATION,Deteriorating,Consolidation,33.93577341043649,COST_DISADVANTAGE,Low,BULLISH_STABLE,75.0,Divergence,risk_off,结构:STRUCTURAL_ACCUMULATION(A/A-); 阶段:Deteriorating(B); 触发:Consolidation(C); 置信度:Low,PASSED,C,fallback
01951,锦鑫生殖,2022-05-06,STRUCTURAL_ACCUMULATION,Stable,Consolidation,42.68970585161411,COST_DISADVANTAGE,Low,BULLISH_STABLE,75.0,Aligned,risk_off,结构:STRUCTURAL_ACCUMULATION(A/A-); 阶段:Stable(B); 触发:Consolidation(C); 置信度:Low,PASSED,C,fallback
01951,锦鑫生殖,2022-05-13,STRUCTURAL_ACCUMULATION,Stable,Consolidation,42.68970585161411,COST_DISADVANTAGE,Low,BULLISH_STABLE,75.0,Aligned,risk_off,结构:STRUCTURAL_ACCUMULATION(A/A-); 阶段:Stable(B); 触发:Consolidation(C); 置信度:Low,PASSED,C,fallback
01951,锦鑫生殖,2022-05-20,STRUCTURAL_ACCUMULATION,Stable,Consolidation,42.68970585161411,COST_DISADVANTAGE,Low,BULLISH_STABLE,75.0,Aligned,risk_off,结构:STRUCTURAL_ACCUMULATION(A/A-); 阶段:Stable(B); 触发:Consolidation(C); 置信度:Low,PASSED,C,fallback
01951,锦鑫生殖,2022-05-27,STRUCTURAL_ACCUMULATION,Stable,Consolidation,42.68970585161411,COST_DISADVANTAGE,Low,BULLISH_STABLE,75.0,Aligned,risk_off,结构:STRUCTURAL_ACCUMULATION(A/A-); 阶段:Stable(B); 触发:Consolidation(C); 置信度:Low,PASSED,C,fallback
01951,锦鑫生殖,2022-06-03,STRUCTURAL_ACCUMULATION,Improving,Consolidation,38.52695781031074,COST_NEUTRAL,Low,BULLISH_STABLE,75.0,Aligned,risk_off,结构:STRUCTURAL_ACCUMULATION(A/A-); 阶段:Improving(B); 触发:Consolidation(C); 置信度:Low,PASSED,C,matrix
01951,锦鑫生殖,2022-06-10,STRUCTURAL_ACCUMULATION,Improving,Consolidation,38.52695781031074,COST_NEUTRAL,Low,BULLISH_STABLE,75.0,Aligned,risk_off,结构:STRUCTURAL_ACCUMULATION(A/A-); 阶段:Improving(B); 触发:Consolidation(C); 置信度:Low,PASSED,C,matrix
01951,锦鑫生殖,2022-06-17,STRUCTURAL_ACCUMULATION,Improving,Consolidation,38.52695781031074,COST_NEUTRAL,Low,BULLISH_STABLE,75.0,Aligned,risk_off,结构:STRUCTURAL_ACCUMULATION(A/A-); 阶段:Improving(B); 触发:Consolidation(C); 置信度:Low,PASSED,C,matrix
01951,锦鑫生殖,2022-06-24,STRUCTURAL_ACCUMULATION,Improving,Consolidation,38.52695781031074,COST_NEUTRAL,Low,BULLISH_STABLE,75.0,Aligned,risk_off,结构:STRUCTURAL_ACCUMULATION(A/A-); 阶段:Improving(B); 触发:Consolidation(C); 置信度:Low,PASSED,C,matrix
01951,锦鑫生殖,2022-07-01,STRUCTURAL_ACCUMULATION,Improving,Consolidation,41.48245959674646,COST_ADVANTAGE,Low,BULLISH_STABLE,75.0,Aligned,risk_off,结构:STRUCTURAL_ACCUMULATION(A/A-); 阶段:Improving(B); 触发:Consolidation(C); 置信度:Low,PASSED,C,matrix
01951,锦鑫生殖,2022-07-08,STRUCTURAL_ACCUMULATION,Improving,Consolidation,41.48245959674646,COST_ADVANTAGE,Low,BULLISH_STABLE,75.0,Aligned,risk_off,结构:STRUCTURAL_ACCUMULATION(A/A-); 阶段:Improving(B); 触发:Consolidation(C); 置信度:Low,PASSED,C,matrix
01951,锦鑫生殖,2022-07-15,STRUCTURAL_ACCUMULATION,Improving,Consolidation,41.48245959674646,COST_ADVANTAGE,Low,BULLISH_STABLE,75.0,Aligned,risk_off,结构:STRUCTURAL_ACCUMULATION(A/A-); 阶段:Improving(B); 触发:Consolidation(C); 置信度:Low,PASSED,C,matrix
01951,锦鑫生殖,2022-07-22,STRUCTURAL_ACCUMULATION,Improving,Consolidation,41.48245959674646,COST_ADVANTAGE,Low,BULLISH_STABLE,75.0,Aligned,risk_off,结构:STRUCTURAL_ACCUMULATION(A/A-); 阶段:Improving(B); 触发:Consolidation(C); 置信度:Low,PASSED,C,matrix
01951,锦鑫生殖,2022-07-29,STRUCTURAL_ACCUMULATION,Improving,Consolidation,41.48245959674646,COST_ADVANTAGE,Low,BULLISH_STABLE,75.0,Aligned,risk_off,结构:STRUCTURAL_ACCUMULATION(A/A-); 阶段:Improving(B); 触发:Consolidation(C); 置信度:Low,PASSED,C,matrix
01951,锦鑫生殖,2022-08-05,STRUCTURAL_ACCUMULATION,Deteriorating,Consolidation,49.26707197831921,COST_NEUTRAL,Low,BULLISH_STABLE,75.0,Divergence,neutral,结构:STRUCTURAL_ACCUMULATION(A/A-); 阶段:Deteriorating(B); 触发:Consolidation(C); 置信度:Low,PASSED,C,fallback
01951,锦鑫生殖,2022-08-12,STRUCTURAL_ACCUMULATION,Deteriorating,Consolidation,49.26707197831921,COST_NEUTRAL,Low,BULLISH_STABLE,75.0,Divergence,risk_off,结构:STRUCTURAL_ACCUMULATION(A/A-); 阶段:Deteriorating(B); 触发:Consolidation(C); 置信度:Low,PASSED,C,fallback
01951,锦鑫生殖,2022-08-19,STRUCTURAL_ACCUMULATION,Deteriorating,Consolidation,49.26707197831921,COST_NEUTRAL,Low,BULLISH_STABLE,75.0,Divergence,neutral,结构:STRUCTURAL_ACCUMULATION(A/A-); 阶段:Deteriorating(B); 触发:Consolidation(C); 置信度:Low,PASSED,C,fallback
01951,锦鑫生殖,2022-08-26,STRUCTURAL_ACCUMULATION,Deteriorating,Consolidation,49.26707197831921,COST_NEUTRAL,Low,BULLISH_STABLE,75.0,Divergence,risk_off,结构:STRUCTURAL_ACCUMULATION(A/A-); 阶段:Deteriorating(B); 触发:Consolidation(C); 置信度:Low,PASSED,C,fallback
01951,锦鑫生殖,2022-09-02,STRUCTURAL_ACCUMULATION,Deteriorating,Consolidation,47.22629936518006,COST_DISADVANTAGE,Low,BULLISH_STABLE,75.0,Divergence,risk_off,结构:STRUCTURAL_ACCUMULATION(A/A-); 阶段:Deteriorating(B); 触发:Consolidation(C); 置信度:Low,PASSED,C,fallback
01951,锦鑫生殖,2022-09-09,STRUCTURAL_ACCUMULATION,Deteriorating,Consolidation,47.22629936518006,COST_DISADVANTAGE,Low,BULLISH_STABLE,75.0,Divergence,risk_off,结构:STRUCTURAL_ACCUMULATION(A/A-); 阶段:Deteriorating(B); 触发:Consolidation(C); 置信度:Low,PASSED,C,fallback
01951,锦鑫生殖,2022-09-16,STRUCTURAL_ACCUMULATION,Deteriorating,Consolidation,47.22629936518006,COST_DISADVANTAGE,Low,BULLISH_STABLE,75.0,Divergence,risk_off,结构:STRUCTURAL_ACCUMULATION(A/A-); 阶段:Deteriorating(B); 触发:Consolidation(C); 置信度:Low,PASSED,C,fallback
01951,锦鑫生殖,2022-09-23,STRUCTURAL_ACCUMULATION,Deteriorating,Consolidation,47.22629936518006,COST_DISADVANTAGE,Low,BULLISH_STABLE,75.0,Divergence,risk_off,结构:STRUCTURAL_ACCUMULATION(A/A-); 阶段:Deteriorating(B); 触发:Consolidation(C); 置信度:Low,PASSED,C,fallback
01951,锦鑫生殖,2022-09-30,STRUCTURAL_ACCUMULATION,Deteriorating,Breakdown,64.86846518475522,COST_DISADVANTAGE,Low,BULLISH_WARNING,55.0,Divergence,risk_off,结构:STRUCTURAL_ACCUMULATION(A/A-); 阶段:Deteriorating(B); 触发:Breakdown(C); 置信度:Low,PASSED,C,matrix
01951,锦鑫生殖,2022-10-07,STRUCTURAL_ACCUMULATION,Deteriorating,Consolidation,64.86846518475522,COST_DISADVANTAGE,Low,BULLISH_STABLE,75.0,Divergence,risk_off,结构:STRUCTURAL_ACCUMULATION(A/A-); 阶段:Deteriorating(B); 触发:Consolidation(C); 置信度:Low,PASSED,C,fallback
01951,锦鑫生殖,2022-10-14,STRUCTURAL_ACCUMULATION,Deteriorating,Consolidation,64.86846518475522,COST_DISADVANTAGE,Low,BULLISH_STABLE,75.0,Divergence,risk_off,结构:STRUCTURAL_ACCUMULATION(A/A-); 阶段:Deteriorating(B); 触发:Consolidation(C); 置信度:Low,PASSED,C,fallback
01951,锦鑫生殖,2022-10-21,STRUCTURAL_ACCUMULATION,Deteriorating,Consolidation,64.86846518475522,COST_DISADVANTAGE,Low,BULLISH_STABLE,75.0,Divergence,risk_off,结构:STRUCTURAL_ACCUMULATION(A/A-); 阶段:Deteriorating(B); 触发:Consolidation(C); 置信度:Low,PASSED,C,fallback
01951,锦鑫生殖,2022-10-28,STRUCTURAL_ACCUMULATION,Deteriorating,Consolidation,64.86846518475522,COST_DISADVANTAGE,Low,BULLISH_STABLE,75.0,Divergence,risk_off,结构:STRUCTURAL_ACCUMULATION(A/A-); 阶段:Deteriorating(B); 触发:Consolidation(C); 置信度:Low,PASSED,C,fallback
01951,锦鑫生殖,2022-11-04,STRUCTURAL_ACCUMULATION,Deteriorating,Consolidation,43.67810281619392,COST_DISADVANTAGE,Low,BULLISH_STABLE,75.0,Divergence,risk_off,结构:STRUCTURAL_ACCUMULATION(A/A-); 阶段:Deteriorating(B); 触发:Consolidation(C); 置信度:Low,PASSED,C,fallback
01951,锦鑫生殖,2022-11-11,STRUCTURAL_ACCUMULATION,Deteriorating,Consolidation,43.67810281619392,COST_DISADVANTAGE,Low,BULLISH_STABLE,75.0,Divergence,risk_off,结构:STRUCTURAL_ACCUMULATION(A/A-); 阶段:Deteriorating(B); 触发:Consolidation(C); 置信度:Low,PASSED,C,fallback
01951,锦鑫生殖,2022-11-18,STRUCTURAL_ACCUMULATION,Deteriorating,Consolidation,43.67810281619392,COST_DISADVANTAGE,Low,BULLISH_STABLE,75.0,Divergence,risk_off,结构:STRUCTURAL_ACCUMULATION(A/A-); 阶段:Deteriorating(B); 触发:Consolidation(C); 置信度:Low,PASSED,C,fallback
01951,锦鑫生殖,2022-11-25,STRUCTURAL_ACCUMULATION,Deteriorating,Consolidation,43.67810281619392,COST_DISADVANTAGE,Low,BULLISH_STABLE,75.0,Divergence,risk_off,结构:STRUCTURAL_ACCUMULATION(A/A-); 阶段:Deteriorating(B); 触发:Consolidation(C); 置信度:Low,PASSED,C,fallback
01951,锦鑫生殖,2022-12-02,STRUCTURAL_ACCUMULATION,Deteriorating,Consolidation,35.67838977257979,COST_ADVANTAGE,Low,BULLISH_STABLE,75.0,Divergence,risk_off,结构:STRUCTURAL_ACCUMULATION(A/A-); 阶段:Deteriorating(B); 触发:Consolidation(C); 置信度:Low,PASSED,C,fallback
01951,锦鑫生殖,2022-12-09,STRUCTURAL_ACCUMULATION,Deteriorating,Breakout,35.67838977257979,COST_ADVANTAGE,Low,BULLISH_STABLE,75.0,Divergence,risk_off,结构:STRUCTURAL_ACCUMULATION(A/A-); 阶段:Deteriorating(B); 触发:Breakout(C); 置信度:Low,PASSED,C,fallback
01951,锦鑫生殖,2022-12-16,STRUCTURAL_ACCUMULATION,Deteriorating,Consolidation,35.67838977257979,COST_ADVANTAGE,Low,BULLISH_STABLE,75.0,Divergence,risk_off,结构:STRUCTURAL_ACCUMULATION(A/A-); 阶段:Deteriorating(B); 触发:Consolidation(C); 置信度:Low,PASSED,C,fallback
01951,锦鑫生殖,2022-12-23,STRUCTURAL_ACCUMULATION,Deteriorating,Consolidation,35.67838977257979,COST_ADVANTAGE,Low,BULLISH_STABLE,75.0,Divergence,risk_off,结构:STRUCTURAL_ACCUMULATION(A/A-); 阶段:Deteriorating(B); 触发:Consolidation(C); 置信度:Low,PASSED,C,fallback
01951,锦鑫生殖,2022-12-30,STRUCTURAL_ACCUMULATION,Deteriorating,Consolidation,35.67838977257979,COST_ADVANTAGE,Low,BULLISH_STABLE,75.0,Divergence,risk_off,结构:STRUCTURAL_ACCUMULATION(A/A-); 阶段:Deteriorating(B); 触发:Consolidation(C); 置信度:Low,PASSED,C,fallback
01951,锦鑫生殖,2023-01-06,STRUCTURAL_ACCUMULATION,Deteriorating,Pullback,38.52760448795248,COST_ADVANTAGE,Low,BULLISH_STABLE,75.0,Divergence,risk_off,结构:STRUCTURAL_ACCUMULATION(A/A-); 阶段:Deteriorating(B); 触发:Pullback(C); 置信度:Low,PASSED,C,fallback
01951,锦鑫生殖,2023-01-13,STRUCTURAL_ACCUMULATION,Deteriorating,Consolidation,38.52760448795248,COST_ADVANTAGE,Low,BULLISH_STABLE,75.0,Divergence,risk_on,结构:STRUCTURAL_ACCUMULATION(A/A-); 阶段:Deteriorating(B); 触发:Consolidation(C); 置信度:Low,PASSED,C,fallback
01951,锦鑫生殖,2023-01-20,STRUCTURAL_ACCUMULATION,Deteriorating,Consolidation,38.52760448795248,COST_ADVANTAGE,Low,BULLISH_STABLE,75.0,Divergence,risk_on,结构:STRUCTURAL_ACCUMULATION(A/A-); 阶段:Deteriorating(B); 触发:Consolidation(C); 置信度:Low,PASSED,C,fallback
01951,锦鑫生殖,2023-01-27,STRUCTURAL_ACCUMULATION,Deteriorating,Consolidation,38.52760448795248,COST_ADVANTAGE,Low,BULLISH_STABLE,75.0,Divergence,risk_on,结构:STRUCTURAL_ACCUMULATION(A/A-); 阶段:Deteriorating(B); 触发:Consolidation(C); 置信度:Low,PASSED,C,fallback
01951,锦鑫生殖,2023-02-03,STRUCTURAL_ACCUMULATION,Deteriorating,Consolidation,40.35318962987891,COST_NEUTRAL,Low,BULLISH_STABLE,75.0,Divergence,risk_on,结构:STRUCTURAL_ACCUMULATION(A/A-); 阶段:Deteriorating(B); 触发:Consolidation(C); 置信度:Low,PASSED,C,fallback
01951,锦鑫生殖,2023-02-10,STRUCTURAL_ACCUMULATION,Deteriorating,Pullback,40.35318962987891,COST_NEUTRAL,Low,BULLISH_STABLE,75.0,Divergence,risk_on,结构:STRUCTURAL_ACCUMULATION(A/A-); 阶段:Deteriorating(B); 触发:Pullback(C); 置信度:Low,PASSED,C,fallback
01951,锦鑫生殖,2023-02-17,STRUCTURAL_BULLISH,Deteriorating,Consolidation,40.35318962987891,COST_NEUTRAL,Medium,BULLISH_STABLE,75.0,Divergence,risk_on,结构:STRUCTURAL_BULLISH(A/A-); 阶段:Deteriorating(B); 触发:Consolidation(C); 置信度:Medium,PASSED,C,fallback
01951,锦鑫生殖,2023-02-24,STRUCTURAL_BULLISH,Deteriorating,Consolidation,40.35318962987891,COST_NEUTRAL,Medium,BULLISH_STABLE,75.0,Divergence,risk_off,结构:STRUCTURAL_BULLISH(A/A-); 阶段:Deteriorating(B); 触发:Consolidation(C); 置信度:Medium,PASSED,C,fallback
01951,锦鑫生殖,2023-03-03,STRUCTURAL_BULLISH,Deteriorating,Consolidation,43.24840509747035,COST_NEUTRAL,Medium,BULLISH_STABLE,75.0,Divergence,risk_off,结构:STRUCTURAL_BULLISH(A/A-); 阶段:Deteriorating(B); 触发:Consolidation(C); 置信度:Medium,PASSED,C,fallback
01951,锦鑫生殖,2023-03-10,STRUCTURAL_BULLISH,Deteriorating,Consolidation,43.24840509747035,COST_NEUTRAL,Medium,BULLISH_STABLE,75.0,Divergence,risk_off,结构:STRUCTURAL_BULLISH(A/A-); 阶段:Deteriorating(B); 触发:Consolidation(C); 置信度:Medium,PASSED,C,fallback
01951,锦鑫生殖,2023-03-17,STRUCTURAL_BULLISH,Deteriorating,Consolidation,43.24840509747035,COST_NEUTRAL,Medium,BULLISH_STABLE,75.0,Divergence,risk_off,结构:STRUCTURAL_BULLISH(A/A-); 阶段:Deteriorating(B); 触发:Consolidation(C); 置信度:Medium,PASSED,C,fallback
01951,锦鑫生殖,2023-03-24,STRUCTURAL_BULLISH,Deteriorating,Consolidation,43.24840509747035,COST_NEUTRAL,Medium,BULLISH_STABLE,75.0,Divergence,risk_off,结构:STRUCTURAL_BULLISH(A/A-); 阶段:Deteriorating(B); 触发:Consolidation(C); 置信度:Medium,PASSED,C,fallback
01951,锦鑫生殖,2023-03-31,STRUCTURAL_BULLISH,Stable,Consolidation,43.69878293284205,COST_DISADVANTAGE,Medium,BULLISH_STABLE,75.0,Aligned,risk_off,结构:STRUCTURAL_BULLISH(A/A-); 阶段:Stable(B); 触发:Consolidation(C); 置信度:Medium,PASSED,C,matrix
01951,锦鑫生殖,2023-04-07,STRUCTURAL_BULLISH,Stable,Consolidation,43.69878293284205,COST_DISADVANTAGE,Medium,BULLISH_STABLE,75.0,Aligned,risk_off,结构:STRUCTURAL_BULLISH(A/A-); 阶段:Stable(B); 触发:Consolidation(C); 置信度:Medium,PASSED,C,matrix
01951,锦鑫生殖,2023-04-14,STRUCTURAL_BULLISH,Stable,Consolidation,43.69878293284205,COST_DISADVANTAGE,Medium,BULLISH_STABLE,75.0,Aligned,risk_off,结构:STRUCTURAL_BULLISH(A/A-); 阶段:Stable(B); 触发:Consolidation(C); 置信度:Medium,PASSED,C,matrix
01951,锦鑫生殖,2023-04-21,STRUCTURAL_BULLISH,Stable,Consolidation,43.69878293284205,COST_DISADVANTAGE,Medium,BULLISH_STABLE,75.0,Aligned,risk_off,结构:STRUCTURAL_BULLISH(A/A-); 阶段:Stable(B); 触发:Consolidation(C); 置信度:Medium,PASSED,C,matrix
01951,锦鑫生殖,2023-04-28,STRUCTURAL_BULLISH,Stable,Consolidation,43.69878293284205,COST_DISADVANTAGE,Medium,BULLISH_STABLE,75.0,Aligned,risk_off,结构:STRUCTURAL_BULLISH(A/A-); 阶段:Stable(B); 触发:Consolidation(C); 置信度:Medium,PASSED,C,matrix
01951,锦鑫生殖,2023-05-05,STRUCTURAL_BULLISH,Deteriorating,Consolidation,64.75969062700574,COST_DISADVANTAGE,Medium,BULLISH_STABLE,75.0,Divergence,risk_off,结构:STRUCTURAL_BULLISH(A/A-); 阶段:Deteriorating(B); 触发:Consolidation(C); 置信度:Medium,PASSED,C,fallback
01951,锦鑫生殖,2023-05-12,STRUCTURAL_BULLISH,Deteriorating,Breakdown,64.75969062700574,COST_DISADVANTAGE,Medium,BULLISH_WARNING,55.0,Divergence,risk_off,结构:STRUCTURAL_BULLISH(A/A-); 阶段:Deteriorating(B); 触发:Breakdown(C); 置信度:Medium,PASSED,C,matrix
01951,锦鑫生殖,2023-05-19,STRUCTURAL_DECLINE,Deteriorating,Breakdown,64.75969062700574,COST_DISADVANTAGE,Low,BEARISH_CONFIRMED,20.0,Aligned,risk_off,结构:STRUCTURAL_DECLINE(A/A-); 阶段:Deteriorating(B); 触发:Breakdown(C); 置信度:Low,PASSED,C,matrix
01951,锦鑫生殖,2023-05-26,STRUCTURAL_DECLINE,Deteriorating,Breakdown,64.75969062700574,COST_DISADVANTAGE,Low,BEARISH_CONFIRMED,20.0,Aligned,risk_off,结构:STRUCTURAL_DECLINE(A/A-); 阶段:Deteriorating(B); 触发:Breakdown(C); 置信度:Low,PASSED,C,matrix
01951,锦鑫生殖,2023-06-02,STRUCTURAL_DECLINE,Deteriorating,Consolidation,69.79376535527233,COST_DISADVANTAGE,Low,BEARISH_CONFIRMED,20.0,Aligned,risk_off,结构:STRUCTURAL_DECLINE(A/A-); 阶段:Deteriorating(B); 触发:Consolidation(C); 置信度:Low,PASSED,C,fallback
01951,锦鑫生殖,2023-06-09,STRUCTURAL_DECLINE,Deteriorating,Consolidation,69.79376535527233,COST_DISADVANTAGE,Low,BEARISH_CONFIRMED,20.0,Aligned,neutral,结构:STRUCTURAL_DECLINE(A/A-); 阶段:Deteriorating(B); 触发:Consolidation(C); 置信度:Low,PASSED,C,fallback
01951,锦鑫生殖,2023-06-16,STRUCTURAL_DECLINE,Deteriorating,Consolidation,69.79376535527233,COST_DISADVANTAGE,Low,BEARISH_CONFIRMED,20.0,Aligned,risk_on,结构:STRUCTURAL_DECLINE(A/A-); 阶段:Deteriorating(B); 触发:Consolidation(C); 置信度:Low,PASSED,C,fallback
01951,锦鑫生殖,2023-06-23,STRUCTURAL_DECLINE,Deteriorating,Consolidation,69.79376535527233,COST_DISADVANTAGE,Low,BEARISH_CONFIRMED,20.0,Aligned,risk_off,结构:STRUCTURAL_DECLINE(A/A-); 阶段:Deteriorating(B); 触发:Consolidation(C); 置信度:Low,PASSED,C,fallback
01951,锦鑫生殖,2023-06-30,STRUCTURAL_DECLINE,Improving,Consolidation,72.77884256780015,COST_DISADVANTAGE,Low,BEARISH_CONFIRMED,20.0,Divergence,risk_off,结构:STRUCTURAL_DECLINE(A/A-); 阶段:Improving(B); 触发:Consolidation(C); 置信度:Low,PASSED,C,fallback
01951,锦鑫生殖,2023-07-07,STRUCTURAL_DECLINE,Improving,Consolidation,72.77884256780015,COST_DISADVANTAGE,Low,BEARISH_CONFIRMED,20.0,Divergence,risk_off,结构:STRUCTURAL_DECLINE(A/A-); 阶段:Improving(B); 触发:Consolidation(C); 置信度:Low,PASSED,C,fallback
01951,锦鑫生殖,2023-07-14,STRUCTURAL_DECLINE,Improving,Consolidation,72.77884256780015,COST_DISADVANTAGE,Low,BEARISH_CONFIRMED,20.0,Divergence,risk_off,结构:STRUCTURAL_DECLINE(A/A-); 阶段:Improving(B); 触发:Consolidation(C); 置信度:Low,PASSED,C,fallback
01951,锦鑫生殖,2023-07-21,STRUCTURAL_DECLINE,Improving,Consolidation,72.77884256780015,COST_DISADVANTAGE,Low,BEARISH_CONFIRMED,20.0,Divergence,risk_off,结构:STRUCTURAL_DECLINE(A/A-); 阶段:Improving(B); 触发:Consolidation(C); 置信度:Low,PASSED,C,fallback
01951,锦鑫生殖,2023-07-28,STRUCTURAL_DECLINE,Improving,Consolidation,72.77884256780015,COST_DISADVANTAGE,Low,BEARISH_CONFIRMED,20.0,Divergence,risk_off,结构:STRUCTURAL_DECLINE(A/A-); 阶段:Improving(B); 触发:Consolidation(C); 置信度:Low,PASSED,C,fallback
01951,锦鑫生殖,2023-08-04,STRUCTURAL_DECLINE,Improving,Consolidation,72.61929789408364,COST_NEUTRAL,Low,BEARISH_CONFIRMED,20.0,Divergence,risk_off,结构:STRUCTURAL_DECLINE(A/A-); 阶段:Improving(B); 触发:Consolidation(C); 置信度:Low,PASSED,C,fallback
01951,锦鑫生殖,2023-08-11,STRUCTURAL_DECLINE,Improving,Consolidation,72.61929789408364,COST_NEUTRAL,Low,BEARISH_CONFIRMED,20.0,Divergence,risk_off,结构:STRUCTURAL_DECLINE(A/A-); 阶段:Improving(B); 触发:Consolidation(C); 置信度:Low,PASSED,C,fallback
01951,锦鑫生殖,2023-08-18,STRUCTURAL_DECLINE,Improving,Consolidation,72.61929789408364,COST_NEUTRAL,Low,BULLISH_WARNING,55.0,Divergence,risk_off,结构:STRUCTURAL_DECLINE(A/A-); 阶段:Improving(B); 触发:Consolidation(C); 置信度:Low,PASSED,C,tactical_override
01951,锦鑫生殖,2023-08-25,STRUCTURAL_DECLINE,Improving,Breakdown,72.61929789408364,COST_NEUTRAL,Low,BEARISH_CONFIRMED,20.0,Divergence,risk_off,结构:STRUCTURAL_DECLINE(A/A-); 阶段:Improving(B); 触发:Breakdown(C); 置信度:Low,PASSED,C,fallback
01951,锦鑫生殖,2023-09-01,STRUCTURAL_DECLINE,Deteriorating,Consolidation,69.48460023006754,COST_DISADVANTAGE,Low,BULLISH_WARNING,55.0,Aligned,risk_off,结构:STRUCTURAL_DECLINE(A/A-); 阶段:Deteriorating(B); 触发:Consolidation(C); 置信度:Low,PASSED,C,tactical_override
01951,锦鑫生殖,2023-09-08,STRUCTURAL_DECLINE,Deteriorating,Consolidation,69.48460023006754,COST_DISADVANTAGE,Low,BULLISH_WARNING,55.0,Aligned,risk_off,结构:STRUCTURAL_DECLINE(A/A-); 阶段:Deteriorating(B); 触发:Consolidation(C); 置信度:Low,PASSED,C,tactical_override
01951,锦鑫生殖,2023-09-15,STRUCTURAL_DECLINE,Deteriorating,Consolidation,69.48460023006754,COST_DISADVANTAGE,Low,BULLISH_WARNING,55.0,Aligned,risk_off,结构:STRUCTURAL_DECLINE(A/A-); 阶段:Deteriorating(B); 触发:Consolidation(C); 置信度:Low,PASSED,C,tactical_override
01951,锦鑫生殖,2023-09-22,STRUCTURAL_DECLINE,Deteriorating,Consolidation,69.48460023006754,COST_DISADVANTAGE,Low,BULLISH_WARNING,55.0,Aligned,risk_off,结构:STRUCTURAL_DECLINE(A/A-); 阶段:Deteriorating(B); 触发:Consolidation(C); 置信度:Low,PASSED,C,tactical_override
01951,锦鑫生殖,2023-09-29,STRUCTURAL_DECLINE,Deteriorating,Consolidation,69.48460023006754,COST_DISADVANTAGE,Low,BULLISH_WARNING,55.0,Aligned,risk_off,结构:STRUCTURAL_DECLINE(A/A-); 阶段:Deteriorating(B); 触发:Consolidation(C); 置信度:Low,PASSED,C,tactical_override
01951,锦鑫生殖,2023-10-06,STRUCTURAL_DECLINE,Deteriorating,Consolidation,71.26781811141956,COST_DISADVANTAGE,Low,BULLISH_WARNING,55.0,Aligned,risk_off,结构:STRUCTURAL_DECLINE(A/A-); 阶段:Deteriorating(B); 触发:Consolidation(C); 置信度:Low,PASSED,C,tactical_override
01951,锦鑫生殖,2023-10-13,STRUCTURAL_DECLINE,Deteriorating,Consolidation,71.26781811141956,COST_DISADVANTAGE,Low,BULLISH_WARNING,55.0,Aligned,risk_off,结构:STRUCTURAL_DECLINE(A/A-); 阶段:Deteriorating(B); 触发:Consolidation(C); 置信度:Low,PASSED,C,tactical_override
01951,锦鑫生殖,2023-10-20,STRUCTURAL_DECLINE,Deteriorating,Consolidation,71.26781811141956,COST_DISADVANTAGE,Low,BULLISH_WARNING,55.0,Aligned,risk_off,结构:STRUCTURAL_DECLINE(A/A-); 阶段:Deteriorating(B); 触发:Consolidation(C); 置信度:Low,PASSED,C,tactical_override
01951,锦鑫生殖,2023-10-27,STRUCTURAL_DECLINE,Deteriorating,Consolidation,71.26781811141956,COST_DISADVANTAGE,Low,BULLISH_WARNING,55.0,Aligned,risk_off,结构:STRUCTURAL_DECLINE(A/A-); 阶段:Deteriorating(B); 触发:Consolidation(C); 置信度:Low,PASSED,C,tactical_override
01951,锦鑫生殖,2023-11-03,STRUCTURAL_DECLINE,Improving,Consolidation,67.62721681789442,COST_NEUTRAL,Low,BULLISH_WARNING,55.0,Divergence,risk_off,结构:STRUCTURAL_DECLINE(A/A-); 阶段:Improving(B); 触发:Consolidation(C); 置信度:Low,PASSED,C,tactical_override
01951,锦鑫生殖,2023-11-10,STRUCTURAL_DECLINE,Improving,Consolidation,67.62721681789442,COST_NEUTRAL,Low,BULLISH_WARNING,55.0,Divergence,risk_off,结构:STRUCTURAL_DECLINE(A/A-); 阶段:Improving(B); 触发:Consolidation(C); 置信度:Low,PASSED,C,tactical_override
01951,锦鑫生殖,2023-11-17,STRUCTURAL_DECLINE,Improving,Consolidation,67.62721681789442,COST_NEUTRAL,Medium,BULLISH_WARNING,55.0,Divergence,neutral,结构:STRUCTURAL_DECLINE(A/A-); 阶段:Improving(B); 触发:Consolidation(C); 置信度:Medium,PASSED,C,tactical_override
01951,锦鑫生殖,2023-11-24,STRUCTURAL_DECLINE,Improving,Consolidation,67.62721681789442,COST_NEUTRAL,Medium,BULLISH_WARNING,55.0,Divergence,risk_off,结构:STRUCTURAL_DECLINE(A/A-); 阶段:Improving(B); 触发:Consolidation(C); 置信度:Medium,PASSED,C,tactical_override
01951,锦鑫生殖,2023-12-01,STRUCTURAL_DECLINE,Stable,Consolidation,65.09747705486147,COST_DISADVANTAGE,Medium,BULLISH_WARNING,55.0,Aligned,risk_off,结构:STRUCTURAL_DECLINE(A/A-); 阶段:Stable(B); 触发:Consolidation(C); 置信度:Medium,PASSED,C,tactical_override
01951,锦鑫生殖,2023-12-08,STRUCTURAL_DECLINE,Stable,Breakdown,65.09747705486147,COST_DISADVANTAGE,Medium,BEARISH_CONFIRMED,20.0,Aligned,risk_off,结构:STRUCTURAL_DECLINE(A/A-); 阶段:Stable(B); 触发:Breakdown(C); 置信度:Medium,PASSED,C,fallback
01951,锦鑫生殖,2023-12-15,STRUCTURAL_DECLINE,Stable,Breakdown,65.09747705486147,COST_DISADVANTAGE,Medium,BEARISH_CONFIRMED,20.0,Aligned,risk_off,结构:STRUCTURAL_DECLINE(A/A-); 阶段:Stable(B); 触发:Breakdown(C); 置信度:Medium,PASSED,C,fallback
01951,锦鑫生殖,2023-12-22,STRUCTURAL_DECLINE,Stable,Consolidation,65.09747705486147,COST_DISADVANTAGE,Medium,BULLISH_WARNING,55.0,Aligned,risk_off,结构:STRUCTURAL_DECLINE(A/A-); 阶段:Stable(B); 触发:Consolidation(C); 置信度:Medium,PASSED,C,tactical_override
01951,锦鑫生殖,2023-12-29,STRUCTURAL_DECLINE,Stable,Consolidation,65.09747705486147,COST_DISADVANTAGE,Medium,BULLISH_WARNING,55.0,Aligned,neutral,结构:STRUCTURAL_DECLINE(A/A-); 阶段:Stable(B); 触发:Consolidation(C); 置信度:Medium,PASSED,C,tactical_override
01951,锦鑫生殖,2024-01-05,STRUCTURAL_DECLINE,Deteriorating,Breakdown,64.78354279466339,COST_DISADVANTAGE,Medium,BEARISH_CONFIRMED,20.0,Aligned,risk_off,结构:STRUCTURAL_DECLINE(A/A-); 阶段:Deteriorating(B); 触发:Breakdown(C); 置信度:Medium,PASSED,C,matrix
01951,锦鑫生殖,2024-01-12,STRUCTURAL_DECLINE,Deteriorating,Breakdown,64.78354279466339,COST_DISADVANTAGE,Medium,BEARISH_CONFIRMED,20.0,Aligned,risk_off,结构:STRUCTURAL_DECLINE(A/A-); 阶段:Deteriorating(B); 触发:Breakdown(C); 置信度:Medium,PASSED,C,matrix
01951,锦鑫生殖,2024-01-19,STRUCTURAL_DECLINE,Deteriorating,Breakdown,64.78354279466339,COST_DISADVANTAGE,Medium,BEARISH_CONFIRMED,20.0,Aligned,risk_off,结构:STRUCTURAL_DECLINE(A/A-); 阶段:Deteriorating(B); 触发:Breakdown(C); 置信度:Medium,PASSED,C,matrix
01951,锦鑫生殖,2024-01-26,STRUCTURAL_DECLINE,Deteriorating,Breakdown,64.78354279466339,COST_DISADVANTAGE,Medium,BEARISH_CONFIRMED,20.0,Aligned,risk_off,结构:STRUCTURAL_DECLINE(A/A-); 阶段:Deteriorating(B); 触发:Breakdown(C); 置信度:Medium,PASSED,C,matrix
01951,锦鑫生殖,2024-02-02,STRUCTURAL_DECLINE,Deteriorating,Breakdown,62.56845227862555,COST_DISADVANTAGE,Medium,BEARISH_CONFIRMED,20.0,Aligned,risk_off,结构:STRUCTURAL_DECLINE(A/A-); 阶段:Deteriorating(B); 触发:Breakdown(C); 置信度:Medium,PASSED,C,matrix
01951,锦鑫生殖,2024-02-09,STRUCTURAL_DECLINE,Deteriorating,Consolidation,62.56845227862555,COST_DISADVANTAGE,Medium,BULLISH_WARNING,55.0,Aligned,risk_off,结构:STRUCTURAL_DECLINE(A/A-); 阶段:Deteriorating(B); 触发:Consolidation(C); 置信度:Medium,PASSED,C,tactical_override
01951,锦鑫生殖,2024-02-16,STRUCTURAL_DECLINE,Deteriorating,Consolidation,62.56845227862555,COST_DISADVANTAGE,Low,BULLISH_WARNING,55.0,Aligned,risk_off,结构:STRUCTURAL_DECLINE(A/A-); 阶段:Deteriorating(B); 触发:Consolidation(C); 置信度:Low,PASSED,C,tactical_override
01951,锦鑫生殖,2024-02-23,STRUCTURAL_DECLINE,Deteriorating,Consolidation,62.56845227862555,COST_DISADVANTAGE,Low,BULLISH_WARNING,55.0,Aligned,risk_off,结构:STRUCTURAL_DECLINE(A/A-); 阶段:Deteriorating(B); 触发:Consolidation(C); 置信度:Low,PASSED,C,tactical_override
01951,锦鑫生殖,2024-03-01,STRUCTURAL_DECLINE,Improving,Consolidation,70.9679861194792,COST_NEUTRAL,Low,BULLISH_WARNING,55.0,Divergence,neutral,结构:STRUCTURAL_DECLINE(A/A-); 阶段:Improving(B); 触发:Consolidation(C); 置信度:Low,PASSED,C,tactical_override
01951,锦鑫生殖,2024-03-08,STRUCTURAL_DECLINE,Improving,Consolidation,70.9679861194792,COST_NEUTRAL,Low,BULLISH_WARNING,55.0,Divergence,neutral,结构:STRUCTURAL_DECLINE(A/A-); 阶段:Improving(B); 触发:Consolidation(C); 置信度:Low,PASSED,C,tactical_override
01951,锦鑫生殖,2024-03-15,STRUCTURAL_DECLINE,Improving,Consolidation,70.9679861194792,COST_NEUTRAL,Low,BULLISH_WARNING,55.0,Divergence,neutral,结构:STRUCTURAL_DECLINE(A/A-); 阶段:Improving(B); 触发:Consolidation(C); 置信度:Low,PASSED,C,tactical_override
01951,锦鑫生殖,2024-03-22,STRUCTURAL_DECLINE,Improving,Consolidation,70.9679861194792,COST_NEUTRAL,Low,BULLISH_WARNING,55.0,Divergence,neutral,结构:STRUCTURAL_DECLINE(A/A-); 阶段:Improving(B); 触发:Consolidation(C); 置信度:Low,PASSED,C,tactical_override
01951,锦鑫生殖,2024-03-29,STRUCTURAL_DECLINE,Improving,Consolidation,70.9679861194792,COST_NEUTRAL,Low,BULLISH_WARNING,55.0,Divergence,neutral,结构:STRUCTURAL_DECLINE(A/A-); 阶段:Improving(B); 触发:Consolidation(C); 置信度:Low,PASSED,C,tactical_override
01951,锦鑫生殖,2024-04-05,STRUCTURAL_DECLINE,Deteriorating,Consolidation,70.68667702374736,COST_DISADVANTAGE,Low,BULLISH_WARNING,55.0,Aligned,neutral,结构:STRUCTURAL_DECLINE(A/A-); 阶段:Deteriorating(B); 触发:Consolidation(C); 置信度:Low,PASSED,C,tactical_override
01951,锦鑫生殖,2024-04-12,STRUCTURAL_DECLINE,Deteriorating,Consolidation,70.68667702374736,COST_DISADVANTAGE,Low,BULLISH_WARNING,55.0,Aligned,risk_on,结构:STRUCTURAL_DECLINE(A/A-); 阶段:Deteriorating(B); 触发:Consolidation(C); 置信度:Low,PASSED,C,tactical_override
01951,锦鑫生殖,2024-04-19,STRUCTURAL_DECLINE,Deteriorating,Consolidation,70.68667702374736,COST_DISADVANTAGE,Low,BULLISH_WARNING,55.0,Aligned,risk_on,结构:STRUCTURAL_DECLINE(A/A-); 阶段:Deteriorating(B); 触发:Consolidation(C); 置信度:Low,PASSED,C,tactical_override
01951,锦鑫生殖,2024-04-26,STRUCTURAL_DECLINE,Deteriorating,Consolidation,70.68667702374736,COST_DISADVANTAGE,Low,BULLISH_WARNING,55.0,Aligned,risk_on,结构:STRUCTURAL_DECLINE(A/A-); 阶段:Deteriorating(B); 触发:Consolidation(C); 置信度:Low,PASSED,C,tactical_override
01951,锦鑫生殖,2024-05-03,STRUCTURAL_DECLINE,Stable,Consolidation,77.75907039273028,COST_ADVANTAGE,Low,BULLISH_WARNING,55.0,Aligned,risk_on,结构:STRUCTURAL_DECLINE(A/A-); 阶段:Stable(B); 触发:Consolidation(C); 置信度:Low,PASSED,C,tactical_override
01951,锦鑫生殖,2024-05-10,STRUCTURAL_DECLINE,Stable,Consolidation,77.75907039273028,COST_ADVANTAGE,Low,BULLISH_WARNING,55.0,Aligned,risk_on,结构:STRUCTURAL_DECLINE(A/A-); 阶段:Stable(B); 触发:Consolidation(C); 置信度:Low,PASSED,C,tactical_override
01951,锦鑫生殖,2024-05-17,STRUCTURAL_DECLINE,Stable,Consolidation,77.75907039273028,COST_ADVANTAGE,Medium,BULLISH_WARNING,55.0,Aligned,risk_on,结构:STRUCTURAL_DECLINE(A/A-); 阶段:Stable(B); 触发:Consolidation(C); 置信度:Medium,PASSED,C,tactical_override
01951,锦鑫生殖,2024-05-24,STRUCTURAL_DECLINE,Stable,Consolidation,77.75907039273028,COST_ADVANTAGE,Medium,BULLISH_WARNING,55.0,Aligned,risk_on,结构:STRUCTURAL_DECLINE(A/A-); 阶段:Stable(B); 触发:Consolidation(C); 置信度:Medium,PASSED,C,tactical_override
01951,锦鑫生殖,2024-05-31,STRUCTURAL_DECLINE,Deteriorating,Consolidation,36.24283181599437,COST_NEUTRAL,Low,BULLISH_WARNING,55.0,Aligned,risk_on,结构:STRUCTURAL_DECLINE(A/A-); 阶段:Deteriorating(B); 触发:Consolidation(C); 置信度:Low,PASSED,C,tactical_override
01951,锦鑫生殖,2024-06-07,STRUCTURAL_DECLINE,Deteriorating,Consolidation,36.24283181599437,COST_NEUTRAL,Low,BULLISH_WARNING,55.0,Aligned,risk_on,结构:STRUCTURAL_DECLINE(A/A-); 阶段:Deteriorating(B); 触发:Consolidation(C); 置信度:Low,PASSED,C,tactical_override
01951,锦鑫生殖,2024-06-14,STRUCTURAL_DECLINE,Deteriorating,Consolidation,36.24283181599437,COST_NEUTRAL,Low,BULLISH_WARNING,55.0,Aligned,risk_on,结构:STRUCTURAL_DECLINE(A/A-); 阶段:Deteriorating(B); 触发:Consolidation(C); 置信度:Low,PASSED,C,tactical_override
01951,锦鑫生殖,2024-06-21,STRUCTURAL_DECLINE,Deteriorating,Pullback,36.24283181599437,COST_NEUTRAL,Low,BULLISH_WARNING,55.0,Aligned,risk_on,结构:STRUCTURAL_DECLINE(A/A-); 阶段:Deteriorating(B); 触发:Pullback(C); 置信度:Low,PASSED,C,tactical_override
01951,锦鑫生殖,2024-06-28,STRUCTURAL_DECLINE,Deteriorating,Consolidation,36.24283181599437,COST_NEUTRAL,Low,BULLISH_WARNING,55.0,Aligned,risk_on,结构:STRUCTURAL_DECLINE(A/A-); 阶段:Deteriorating(B); 触发:Consolidation(C); 置信度:Low,PASSED,C,tactical_override
01951,锦鑫生殖,2024-07-05,STRUCTURAL_DECLINE,Deteriorating,Pullback,46.051991806361485,COST_DISADVANTAGE,Low,BULLISH_WARNING,55.0,Aligned,risk_on,结构:STRUCTURAL_DECLINE(A/A-); 阶段:Deteriorating(B); 触发:Pullback(C); 置信度:Low,PASSED,C,tactical_override
01951,锦鑫生殖,2024-07-12,STRUCTURAL_DECLINE,Deteriorating,Pullback,46.051991806361485,COST_DISADVANTAGE,Low,BULLISH_WARNING,55.0,Aligned,risk_on,结构:STRUCTURAL_DECLINE(A/A-); 阶段:Deteriorating(B); 触发:Pullback(C); 置信度:Low,PASSED,C,tactical_override
01951,锦鑫生殖,2024-07-19,STRUCTURAL_DECLINE,Deteriorating,Consolidation,46.051991806361485,COST_DISADVANTAGE,Low,BULLISH_WARNING,55.0,Aligned,risk_on,结构:STRUCTURAL_DECLINE(A/A-); 阶段:Deteriorating(B); 触发:Consolidation(C); 置信度:Low,PASSED,C,tactical_override
01951,锦鑫生殖,2024-07-26,STRUCTURAL_DECLINE,Deteriorating,Consolidation,46.051991806361485,COST_DISADVANTAGE,Low,BULLISH_WARNING,55.0,Aligned,risk_off,结构:STRUCTURAL_DECLINE(A/A-); 阶段:Deteriorating(B); 触发:Consolidation(C); 置信度:Low,PASSED,C,tactical_override
01951,锦鑫生殖,2024-08-02,STRUCTURAL_DECLINE,Deteriorating,Consolidation,48.39054039496591,COST_DISADVANTAGE,Low,BULLISH_WARNING,55.0,Aligned,risk_off,结构:STRUCTURAL_DECLINE(A/A-); 阶段:Deteriorating(B); 触发:Consolidation(C); 置信度:Low,PASSED,C,tactical_override
01951,锦鑫生殖,2024-08-09,STRUCTURAL_DECLINE,Deteriorating,Consolidation,48.39054039496591,COST_DISADVANTAGE,Low,BULLISH_WARNING,55.0,Aligned,risk_off,结构:STRUCTURAL_DECLINE(A/A-); 阶段:Deteriorating(B); 触发:Consolidation(C); 置信度:Low,PASSED,C,tactical_override
01951,锦鑫生殖,2024-08-16,STRUCTURAL_DECLINE,Deteriorating,Consolidation,48.39054039496591,COST_DISADVANTAGE,Medium,BEARISH_CONFIRMED,20.0,Aligned,risk_off,结构:STRUCTURAL_DECLINE(A/A-); 阶段:Deteriorating(B); 触发:Consolidation(C); 置信度:Medium,PASSED,C,fallback
01951,锦鑫生殖,2024-08-23,STRUCTURAL_DECLINE,Deteriorating,Consolidation,48.39054039496591,COST_DISADVANTAGE,Medium,BEARISH_CONFIRMED,20.0,Aligned,risk_off,结构:STRUCTURAL_DECLINE(A/A-); 阶段:Deteriorating(B); 触发:Consolidation(C); 置信度:Medium,PASSED,C,fallback
01951,锦鑫生殖,2024-08-30,STRUCTURAL_DECLINE,Deteriorating,Consolidation,48.39054039496591,COST_DISADVANTAGE,Medium,BEARISH_CONFIRMED,20.0,Aligned,risk_off,结构:STRUCTURAL_DECLINE(A/A-); 阶段:Deteriorating(B); 触发:Consolidation(C); 置信度:Medium,PASSED,C,fallback
01951,锦鑫生殖,2024-09-06,STRUCTURAL_DECLINE,Deteriorating,Consolidation,64.19181062405627,COST_DISADVANTAGE,Medium,BEARISH_CONFIRMED,20.0,Aligned,risk_off,结构:STRUCTURAL_DECLINE(A/A-); 阶段:Deteriorating(B); 触发:Consolidation(C); 置信度:Medium,PASSED,C,fallback
01951,锦鑫生殖,2024-09-13,STRUCTURAL_DECLINE,Deteriorating,Consolidation,64.19181062405627,COST_DISADVANTAGE,Medium,BEARISH_CONFIRMED,20.0,Aligned,risk_off,结构:STRUCTURAL_DECLINE(A/A-); 阶段:Deteriorating(B); 触发:Consolidation(C); 置信度:Medium,PASSED,C,fallback
01951,锦鑫生殖,2024-09-20,STRUCTURAL_DECLINE,Deteriorating,Consolidation,64.19181062405627,COST_DISADVANTAGE,Medium,BEARISH_CONFIRMED,20.0,Aligned,neutral,结构:STRUCTURAL_DECLINE(A/A-); 阶段:Deteriorating(B); 触发:Consolidation(C); 置信度:Medium,PASSED,C,fallback
01951,锦鑫生殖,2024-09-27,STRUCTURAL_DECLINE,Deteriorating,Consolidation,64.19181062405627,COST_DISADVANTAGE,Medium,BEARISH_CONFIRMED,20.0,Aligned,risk_off,结构:STRUCTURAL_DECLINE(A/A-); 阶段:Deteriorating(B); 触发:Consolidation(C); 置信度:Medium,PASSED,C,fallback
01951,锦鑫生殖,2024-10-04,STRUCTURAL_DECLINE,Stable,Breakout,35.981079761175025,COST_ADVANTAGE,Medium,BEARISH_CONFIRMED,20.0,Aligned,risk_off,结构:STRUCTURAL_DECLINE(A/A-); 阶段:Stable(B); 触发:Breakout(C); 置信度:Medium,PASSED,C,fallback
01951,锦鑫生殖,2024-10-11,STRUCTURAL_DECLINE,Stable,Consolidation,35.981079761175025,COST_ADVANTAGE,Medium,BEARISH_CONFIRMED,20.0,Aligned,risk_off,结构:STRUCTURAL_DECLINE(A/A-); 阶段:Stable(B); 触发:Consolidation(C); 置信度:Medium,PASSED,C,fallback
01951,锦鑫生殖,2024-10-18,STRUCTURAL_DECLINE,Stable,Consolidation,35.981079761175025,COST_ADVANTAGE,Medium,BEARISH_CONFIRMED,20.0,Aligned,risk_off,结构:STRUCTURAL_DECLINE(A/A-); 阶段:Stable(B); 触发:Consolidation(C); 置信度:Medium,PASSED,C,fallback
01951,锦鑫生殖,2024-10-25,STRUCTURAL_DECLINE,Stable,Consolidation,35.981079761175025,COST_ADVANTAGE,Medium,BEARISH_CONFIRMED,20.0,Aligned,risk_off,结构:STRUCTURAL_DECLINE(A/A-); 阶段:Stable(B); 触发:Consolidation(C); 置信度:Medium,PASSED,C,fallback
01951,锦鑫生殖,2024-11-01,STRUCTURAL_DECLINE,Deteriorating,Pullback,17.004612340097015,COST_NEUTRAL,Low,BEARISH_CONFIRMED,20.0,Aligned,risk_off,结构:STRUCTURAL_DECLINE(A/A-); 阶段:Deteriorating(B); 触发:Pullback(C); 置信度:Low,PASSED,C,fallback
01951,锦鑫生殖,2024-11-08,STRUCTURAL_DECLINE,Deteriorating,Consolidation,17.004612340097015,COST_NEUTRAL,Low,BEARISH_CONFIRMED,20.0,Aligned,risk_off,结构:STRUCTURAL_DECLINE(A/A-); 阶段:Deteriorating(B); 触发:Consolidation(C); 置信度:Low,PASSED,C,fallback
01951,锦鑫生殖,2024-11-15,STRUCTURAL_DECLINE,Deteriorating,Pullback,17.004612340097015,COST_NEUTRAL,Low,BEARISH_CONFIRMED,20.0,Aligned,risk_off,结构:STRUCTURAL_DECLINE(A/A-); 阶段:Deteriorating(B); 触发:Pullback(C); 置信度:Low,PASSED,C,fallback
01951,锦鑫生殖,2024-11-22,STRUCTURAL_DECLINE,Deteriorating,Consolidation,17.004612340097015,COST_NEUTRAL,Low,BEARISH_CONFIRMED,20.0,Aligned,risk_on,结构:STRUCTURAL_DECLINE(A/A-); 阶段:Deteriorating(B); 触发:Consolidation(C); 置信度:Low,PASSED,C,fallback
01951,锦鑫生殖,2024-11-29,STRUCTURAL_DECLINE,Deteriorating,Consolidation,17.004612340097015,COST_NEUTRAL,Low,BEARISH_CONFIRMED,20.0,Aligned,risk_on,结构:STRUCTURAL_DECLINE(A/A-); 阶段:Deteriorating(B); 触发:Consolidation(C); 置信度:Low,PASSED,C,fallback
01951,锦鑫生殖,2024-12-06,STRUCTURAL_DECLINE,Stable,Pullback,23.492656362538604,COST_NEUTRAL,Low,BEARISH_CONFIRMED,20.0,Aligned,risk_on,结构:STRUCTURAL_DECLINE(A/A-); 阶段:Stable(B); 触发:Pullback(C); 置信度:Low,PASSED,C,fallback
01951,锦鑫生殖,2024-12-13,STRUCTURAL_DECLINE,Stable,Pullback,23.492656362538604,COST_NEUTRAL,Low,BEARISH_CONFIRMED,20.0,Aligned,risk_on,结构:STRUCTURAL_DECLINE(A/A-); 阶段:Stable(B); 触发:Pullback(C); 置信度:Low,PASSED,C,fallback
01951,锦鑫生殖,2024-12-20,STRUCTURAL_DECLINE,Stable,Consolidation,23.492656362538604,COST_NEUTRAL,Low,BEARISH_CONFIRMED,20.0,Aligned,risk_on,结构:STRUCTURAL_DECLINE(A/A-); 阶段:Stable(B); 触发:Consolidation(C); 置信度:Low,PASSED,C,fallback
01951,锦鑫生殖,2024-12-27,STRUCTURAL_DECLINE,Stable,Consolidation,23.492656362538604,COST_NEUTRAL,Low,BEARISH_CONFIRMED,20.0,Aligned,risk_off,结构:STRUCTURAL_DECLINE(A/A-); 阶段:Stable(B); 触发:Consolidation(C); 置信度:Low,PASSED,C,fallback
01951,锦鑫生殖,2025-01-03,STRUCTURAL_DECLINE,Deteriorating,Consolidation,31.190439512756125,COST_DISADVANTAGE,Low,BEARISH_CONFIRMED,20.0,Aligned,risk_off,结构:STRUCTURAL_DECLINE(A/A-); 阶段:Deteriorating(B); 触发:Consolidation(C); 置信度:Low,PASSED,C,fallback
01951,锦鑫生殖,2025-01-10,STRUCTURAL_DECLINE,Deteriorating,Consolidation,31.190439512756125,COST_DISADVANTAGE,Low,BEARISH_CONFIRMED,20.0,Aligned,risk_off,结构:STRUCTURAL_DECLINE(A/A-); 阶段:Deteriorating(B); 触发:Consolidation(C); 置信度:Low,PASSED,C,fallback
01951,锦鑫生殖,2025-01-17,STRUCTURAL_DECLINE,Deteriorating,Consolidation,31.190439512756125,COST_DISADVANTAGE,Low,BEARISH_CONFIRMED,20.0,Aligned,risk_off,结构:STRUCTURAL_DECLINE(A/A-); 阶段:Deteriorating(B); 触发:Consolidation(C); 置信度:Low,PASSED,C,fallback
01951,锦鑫生殖,2025-01-24,STRUCTURAL_DECLINE,Deteriorating,Consolidation,31.190439512756125,COST_DISADVANTAGE,Low,BEARISH_CONFIRMED,20.0,Aligned,risk_off,结构:STRUCTURAL_DECLINE(A/A-); 阶段:Deteriorating(B); 触发:Consolidation(C); 置信度:Low,PASSED,C,fallback
01951,锦鑫生殖,2025-01-31,STRUCTURAL_DECLINE,Deteriorating,Consolidation,29.435791064169536,COST_DISADVANTAGE,Low,BEARISH_CONFIRMED,20.0,Aligned,neutral,结构:STRUCTURAL_DECLINE(A/A-); 阶段:Deteriorating(B); 触发:Consolidation(C); 置信度:Low,PASSED,C,fallback
01951,锦鑫生殖,2025-02-07,STRUCTURAL_DECLINE,Deteriorating,Consolidation,29.435791064169536,COST_DISADVANTAGE,Low,BEARISH_CONFIRMED,20.0,Aligned,risk_off,结构:STRUCTURAL_DECLINE(A/A-); 阶段:Deteriorating(B); 触发:Consolidation(C); 置信度:Low,PASSED,C,fallback
01951,锦鑫生殖,2025-02-14,STRUCTURAL_DECLINE,Deteriorating,Consolidation,29.435791064169536,COST_DISADVANTAGE,Low,BEARISH_CONFIRMED,20.0,Aligned,risk_off,结构:STRUCTURAL_DECLINE(A/A-); 阶段:Deteriorating(B); 触发:Consolidation(C); 置信度:Low,PASSED,C,fallback
01951,锦鑫生殖,2025-02-21,STRUCTURAL_DECLINE,Deteriorating,Consolidation,29.435791064169536,COST_DISADVANTAGE,Low,BEARISH_CONFIRMED,20.0,Aligned,risk_off,结构:STRUCTURAL_DECLINE(A/A-); 阶段:Deteriorating(B); 触发:Consolidation(C); 置信度:Low,PASSED,C,fallback
01951,锦鑫生殖,2025-02-28,STRUCTURAL_DECLINE,Stable,Consolidation,21.215257178124194,COST_DISADVANTAGE,Low,BEARISH_CONFIRMED,20.0,Aligned,risk_off,结构:STRUCTURAL_DECLINE(A/A-); 阶段:Stable(B); 触发:Consolidation(C); 置信度:Low,PASSED,C,fallback
01951,锦鑫生殖,2025-03-07,STRUCTURAL_DECLINE,Stable,Consolidation,21.215257178124194,COST_DISADVANTAGE,Low,BEARISH_CONFIRMED,20.0,Aligned,risk_off,结构:STRUCTURAL_DECLINE(A/A-); 阶段:Stable(B); 触发:Consolidation(C); 置信度:Low,PASSED,C,fallback
01951,锦鑫生殖,2025-03-14,STRUCTURAL_DECLINE,Stable,Consolidation,21.215257178124194,COST_DISADVANTAGE,Low,BEARISH_CONFIRMED,20.0,Aligned,risk_off,结构:STRUCTURAL_DECLINE(A/A-); 阶段:Stable(B); 触发:Consolidation(C); 置信度:Low,PASSED,C,fallback
01951,锦鑫生殖,2025-03-21,STRUCTURAL_DECLINE,Stable,Consolidation,21.215257178124194,COST_DISADVANTAGE,Low,BEARISH_CONFIRMED,20.0,Aligned,risk_on,结构:STRUCTURAL_DECLINE(A/A-); 阶段:Stable(B); 触发:Consolidation(C); 置信度:Low,PASSED,C,fallback
01951,锦鑫生殖,2025-03-28,STRUCTURAL_DECLINE,Stable,Pullback,21.215257178124194,COST_DISADVANTAGE,Low,BEARISH_CONFIRMED,20.0,Aligned,risk_on,结构:STRUCTURAL_DECLINE(A/A-); 阶段:Stable(B); 触发:Pullback(C); 置信度:Low,PASSED,C,fallback
01951,锦鑫生殖,2025-04-04,STRUCTURAL_DECLINE,Deteriorating,Consolidation,17.91298849265041,COST_DISADVANTAGE,Low,BEARISH_CONFIRMED,20.0,Aligned,risk_on,结构:STRUCTURAL_DECLINE(A/A-); 阶段:Deteriorating(B); 触发:Consolidation(C); 置信度:Low,PASSED,C,fallback
01951,锦鑫生殖,2025-04-11,STRUCTURAL_DECLINE,Deteriorating,Consolidation,17.91298849265041,COST_DISADVANTAGE,Low,BEARISH_CONFIRMED,20.0,Aligned,risk_off,结构:STRUCTURAL_DECLINE(A/A-); 阶段:Deteriorating(B); 触发:Consolidation(C); 置信度:Low,PASSED,C,fallback
01951,锦鑫生殖,2025-04-18,STRUCTURAL_DECLINE,Deteriorating,Pullback,17.91298849265041,COST_DISADVANTAGE,Low,BEARISH_CONFIRMED,20.0,Aligned,risk_off,结构:STRUCTURAL_DECLINE(A/A-); 阶段:Deteriorating(B); 触发:Pullback(C); 置信度:Low,PASSED,C,fallback
01951,锦鑫生殖,2025-04-25,STRUCTURAL_DECLINE,Deteriorating,Pullback,17.91298849265041,COST_DISADVANTAGE,Low,BEARISH_CONFIRMED,20.0,Aligned,risk_off,结构:STRUCTURAL_DECLINE(A/A-); 阶段:Deteriorating(B); 触发:Pullback(C); 置信度:Low,PASSED,C,fallback
01951,锦鑫生殖,2025-05-02,STRUCTURAL_DECLINE,Deteriorating,Pullback,17.66659120481338,COST_DISADVANTAGE,Low,BEARISH_CONFIRMED,20.0,Aligned,risk_off,结构:STRUCTURAL_DECLINE(A/A-); 阶段:Deteriorating(B); 触发:Pullback(C); 置信度:Low,PASSED,C,fallback
01951,锦鑫生殖,2025-05-09,STRUCTURAL_DECLINE,Deteriorating,Pullback,17.66659120481338,COST_DISADVANTAGE,Low,BEARISH_CONFIRMED,20.0,Aligned,risk_off,结构:STRUCTURAL_DECLINE(A/A-); 阶段:Deteriorating(B); 触发:Pullback(C); 置信度:Low,PASSED,C,fallback
01951,锦鑫生殖,2025-05-16,STRUCTURAL_DECLINE,Deteriorating,Consolidation,17.66659120481338,COST_DISADVANTAGE,Low,BEARISH_CONFIRMED,20.0,Aligned,risk_on,结构:STRUCTURAL_DECLINE(A/A-); 阶段:Deteriorating(B); 触发:Consolidation(C); 置信度:Low,PASSED,C,fallback
01951,锦鑫生殖,2025-05-23,STRUCTURAL_DECLINE,Deteriorating,Consolidation,17.66659120481338,COST_DISADVANTAGE,Low,BEARISH_CONFIRMED,20.0,Aligned,neutral,结构:STRUCTURAL_DECLINE(A/A-); 阶段:Deteriorating(B); 触发:Consolidation(C); 置信度:Low,PASSED,C,fallback
01951,锦鑫生殖,2025-05-30,STRUCTURAL_DECLINE,Deteriorating,Consolidation,17.66659120481338,COST_DISADVANTAGE,Low,BEARISH_CONFIRMED,20.0,Aligned,neutral,结构:STRUCTURAL_DECLINE(A/A-); 阶段:Deteriorating(B); 触发:Consolidation(C); 置信度:Low,PASSED,C,fallback
01951,锦鑫生殖,2025-06-06,STRUCTURAL_DECLINE,Deteriorating,Consolidation,24.119901007106765,COST_DISADVANTAGE,Low,BEARISH_CONFIRMED,20.0,Aligned,neutral,结构:STRUCTURAL_DECLINE(A/A-); 阶段:Deteriorating(B); 触发:Consolidation(C); 置信度:Low,PASSED,C,fallback
01951,锦鑫生殖,2025-06-13,STRUCTURAL_DECLINE,Deteriorating,Consolidation,24.119901007106765,COST_DISADVANTAGE,Low,BEARISH_CONFIRMED,20.0,Aligned,neutral,结构:STRUCTURAL_DECLINE(A/A-); 阶段:Deteriorating(B); 触发:Consolidation(C); 置信度:Low,PASSED,C,fallback
01951,锦鑫生殖,2025-06-20,STRUCTURAL_DECLINE,Deteriorating,Consolidation,24.119901007106765,COST_DISADVANTAGE,Low,BEARISH_CONFIRMED,20.0,Aligned,neutral,结构:STRUCTURAL_DECLINE(A/A-); 阶段:Deteriorating(B); 触发:Consolidation(C); 置信度:Low,PASSED,C,fallback
01951,锦鑫生殖,2025-06-27,STRUCTURAL_DECLINE,Deteriorating,Consolidation,24.119901007106765,COST_DISADVANTAGE,Low,BEARISH_CONFIRMED,20.0,Aligned,risk_on,结构:STRUCTURAL_DECLINE(A/A-); 阶段:Deteriorating(B); 触发:Consolidation(C); 置信度:Low,PASSED,C,fallback
01951,锦鑫生殖,2025-07-04,STRUCTURAL_DECLINE,Improving,Consolidation,24.95832883436902,COST_NEUTRAL,Low,BEARISH_CONFIRMED,20.0,Divergence,risk_on,结构:STRUCTURAL_DECLINE(A/A-); 阶段:Improving(B); 触发:Consolidation(C); 置信度:Low,PASSED,C,fallback
01951,锦鑫生殖,2025-07-11,STRUCTURAL_DECLINE,Improving,Consolidation,24.95832883436902,COST_NEUTRAL,Low,BEARISH_CONFIRMED,20.0,Divergence,risk_on,结构:STRUCTURAL_DECLINE(A/A-); 阶段:Improving(B); 触发:Consolidation(C); 置信度:Low,PASSED,C,fallback
01951,锦鑫生殖,2025-07-18,STRUCTURAL_DECLINE,Improving,Consolidation,24.95832883436902,COST_NEUTRAL,Low,BEARISH_CONFIRMED,20.0,Divergence,risk_on,结构:STRUCTURAL_DECLINE(A/A-); 阶段:Improving(B); 触发:Consolidation(C); 置信度:Low,PASSED,C,fallback
01951,锦鑫生殖,2025-07-25,STRUCTURAL_DECLINE,Improving,Consolidation,24.95832883436902,COST_NEUTRAL,Low,BEARISH_CONFIRMED,20.0,Divergence,risk_on,结构:STRUCTURAL_DECLINE(A/A-); 阶段:Improving(B); 触发:Consolidation(C); 置信度:Low,PASSED,C,fallback
01951,锦鑫生殖,2025-08-01,STRUCTURAL_DECLINE,Stable,Consolidation,18.89944204592235,COST_NEUTRAL,Low,BEARISH_CONFIRMED,20.0,Aligned,risk_on,结构:STRUCTURAL_DECLINE(A/A-); 阶段:Stable(B); 触发:Consolidation(C); 置信度:Low,PASSED,C,fallback
01951,锦鑫生殖,2025-08-08,STRUCTURAL_DECLINE,Stable,Consolidation,18.89944204592235,COST_NEUTRAL,Low,BEARISH_CONFIRMED,20.0,Aligned,risk_on,结构:STRUCTURAL_DECLINE(A/A-); 阶段:Stable(B); 触发:Consolidation(C); 置信度:Low,PASSED,C,fallback
01951,锦鑫生殖,2025-08-15,STRUCTURAL_DECLINE,Stable,Pullback,18.89944204592235,COST_NEUTRAL,Low,BEARISH_CONFIRMED,20.0,Aligned,risk_on,结构:STRUCTURAL_DECLINE(A/A-); 阶段:Stable(B); 触发:Pullback(C); 置信度:Low,PASSED,C,fallback
01951,锦鑫生殖,2025-08-22,STRUCTURAL_DECLINE,Stable,Consolidation,18.89944204592235,COST_NEUTRAL,Low,BEARISH_CONFIRMED,20.0,Aligned,risk_on,结构:STRUCTURAL_DECLINE(A/A-); 阶段:Stable(B); 触发:Consolidation(C); 置信度:Low,PASSED,C,fallback
01951,锦鑫生殖,2025-08-29,STRUCTURAL_DECLINE,Stable,Consolidation,18.89944204592235,COST_NEUTRAL,Low,BEARISH_CONFIRMED,20.0,Aligned,risk_on,结构:STRUCTURAL_DECLINE(A/A-); 阶段:Stable(B); 触发:Consolidation(C); 置信度:Low,PASSED,C,fallback
01951,锦鑫生殖,2025-09-05,STRUCTURAL_DECLINE,Stable,Consolidation,24.66171536363552,COST_DISADVANTAGE,Low,BEARISH_CONFIRMED,20.0,Aligned,risk_on,结构:STRUCTURAL_DECLINE(A/A-); 阶段:Stable(B); 触发:Consolidation(C); 置信度:Low,PASSED,C,fallback
01951,锦鑫生殖,2025-09-12,STRUCTURAL_DECLINE,Stable,Consolidation,24.66171536363552,COST_DISADVANTAGE,Low,BEARISH_CONFIRMED,20.0,Aligned,risk_on,结构:STRUCTURAL_DECLINE(A/A-); 阶段:Stable(B); 触发:Consolidation(C); 置信度:Low,PASSED,C,fallback
01951,锦鑫生殖,2025-09-19,STRUCTURAL_DECLINE,Stable,Consolidation,24.66171536363552,COST_DISADVANTAGE,Low,BEARISH_CONFIRMED,20.0,Aligned,risk_on,结构:STRUCTURAL_DECLINE(A/A-); 阶段:Stable(B); 触发:Consolidation(C); 置信度:Low,PASSED,C,fallback
01951,锦鑫生殖,2025-09-26,STRUCTURAL_DECLINE,Stable,Consolidation,24.66171536363552,COST_DISADVANTAGE,Low,BEARISH_CONFIRMED,20.0,Aligned,risk_on,结构:STRUCTURAL_DECLINE(A/A-); 阶段:Stable(B); 触发:Consolidation(C); 置信度:Low,PASSED,C,fallback
01951,锦鑫生殖,2025-10-03,STRUCTURAL_DECLINE,Stable,Consolidation,37.79989467702051,COST_NEUTRAL,Low,BEARISH_CONFIRMED,20.0,Aligned,risk_on,结构:STRUCTURAL_DECLINE(A/A-); 阶段:Stable(B); 触发:Consolidation(C); 置信度:Low,PASSED,C,fallback
01951,锦鑫生殖,2025-10-10,STRUCTURAL_DECLINE,Stable,Consolidation,37.79989467702051,COST_NEUTRAL,Low,BEARISH_CONFIRMED,20.0,Aligned,risk_on,结构:STRUCTURAL_DECLINE(A/A-); 阶段:Stable(B); 触发:Consolidation(C); 置信度:Low,PASSED,C,fallback
01951,锦鑫生殖,2025-10-17,STRUCTURAL_DECLINE,Stable,Breakdown,37.79989467702051,COST_NEUTRAL,Low,BEARISH_CONFIRMED,20.0,Aligned,risk_off,结构:STRUCTURAL_DECLINE(A/A-); 阶段:Stable(B); 触发:Breakdown(C); 置信度:Low,PASSED,C,fallback
01951,锦鑫生殖,2025-10-24,STRUCTURAL_DECLINE,Stable,Consolidation,37.79989467702051,COST_NEUTRAL,Low,BEARISH_CONFIRMED,20.0,Aligned,risk_off,结构:STRUCTURAL_DECLINE(A/A-); 阶段:Stable(B); 触发:Consolidation(C); 置信度:Low,PASSED,C,fallback
01951,锦鑫生殖,2025-10-31,STRUCTURAL_DECLINE,Deteriorating,Consolidation,48.56983885800671,COST_DISADVANTAGE,Low,BEARISH_CONFIRMED,20.0,Aligned,risk_on,结构:STRUCTURAL_DECLINE(A/A-); 阶段:Deteriorating(B); 触发:Consolidation(C); 置信度:Low,PASSED,C,fallback
01951,锦鑫生殖,2025-11-07,STRUCTURAL_DECLINE,Deteriorating,Breakdown,48.56983885800671,COST_DISADVANTAGE,Low,BEARISH_CONFIRMED,20.0,Aligned,risk_on,结构:STRUCTURAL_DECLINE(A/A-); 阶段:Deteriorating(B); 触发:Breakdown(C); 置信度:Low,PASSED,C,matrix
01951,锦鑫生殖,2025-11-14,STRUCTURAL_BOTTOM_CANDIDATE,Deteriorating,Consolidation,48.56983885800671,COST_DISADVANTAGE,Low,BULLISH_WARNING,55.0,Aligned,risk_on,结构:STRUCTURAL_BOTTOM_CANDIDATE(A/A-); 阶段:Deteriorating(B); 触发:Consolidation(C); 置信度:Low,PASSED,C,fallback
01951,锦鑫生殖,2025-11-21,STRUCTURAL_BOTTOM_CANDIDATE,Deteriorating,Consolidation,48.56983885800671,COST_DISADVANTAGE,Low,BULLISH_WARNING,55.0,Aligned,neutral,结构:STRUCTURAL_BOTTOM_CANDIDATE(A/A-); 阶段:Deteriorating(B); 触发:Consolidation(C); 置信度:Low,PASSED,C,fallback
01951,锦鑫生殖,2025-11-28,STRUCTURAL_BOTTOM_CANDIDATE,Deteriorating,Consolidation,48.56983885800671,COST_DISADVANTAGE,Low,BULLISH_WARNING,55.0,Aligned,neutral,结构:STRUCTURAL_BOTTOM_CANDIDATE(A/A-); 阶段:Deteriorating(B); 触发:Consolidation(C); 置信度:Low,PASSED,C,fallback
01951,锦鑫生殖,2025-12-05,STRUCTURAL_BOTTOM_CANDIDATE,Deteriorating,Consolidation,48.567495605202446,COST_DISADVANTAGE,Low,BULLISH_WARNING,55.0,Aligned,neutral,结构:STRUCTURAL_BOTTOM_CANDIDATE(A/A-); 阶段:Deteriorating(B); 触发:Consolidation(C); 置信度:Low,PASSED,C,fallback
01951,锦鑫生殖,2025-12-12,STRUCTURAL_BOTTOM_CANDIDATE,Deteriorating,Consolidation,48.567495605202446,COST_DISADVANTAGE,Low,BULLISH_WARNING,55.0,Aligned,neutral,结构:STRUCTURAL_BOTTOM_CANDIDATE(A/A-); 阶段:Deteriorating(B); 触发:Consolidation(C); 置信度:Low,PASSED,C,fallback
01951,锦鑫生殖,2025-12-19,STRUCTURAL_BOTTOM_CANDIDATE,Deteriorating,Consolidation,48.567495605202446,COST_DISADVANTAGE,Low,BULLISH_WARNING,55.0,Aligned,neutral,结构:STRUCTURAL_BOTTOM_CANDIDATE(A/A-); 阶段:Deteriorating(B); 触发:Consolidation(C); 置信度:Low,PASSED,C,fallback
01951,锦鑫生殖,2025-12-26,STRUCTURAL_BOTTOM_CANDIDATE,Deteriorating,Consolidation,48.567495605202446,COST_DISADVANTAGE,Low,BULLISH_WARNING,55.0,Aligned,neutral,结构:STRUCTURAL_BOTTOM_CANDIDATE(A/A-); 阶段:Deteriorating(B); 触发:Consolidation(C); 置信度:Low,PASSED,C,fallback
01951,锦鑫生殖,2026-01-02,STRUCTURAL_BOTTOM_CANDIDATE,Stable,Consolidation,55.84751613126569,COST_DISADVANTAGE,Low,BULLISH_WARNING,55.0,Aligned,risk_off,结构:STRUCTURAL_BOTTOM_CANDIDATE(A/A-); 阶段:Stable(B); 触发:Consolidation(C); 置信度:Low,PASSED,C,fallback
01951,锦鑫生殖,2026-01-09,STRUCTURAL_BOTTOM_CANDIDATE,Stable,Consolidation,55.84751613126569,COST_DISADVANTAGE,Low,BULLISH_WARNING,55.0,Aligned,neutral,结构:STRUCTURAL_BOTTOM_CANDIDATE(A/A-); 阶段:Stable(B); 触发:Consolidation(C); 置信度:Low,PASSED,C,fallback
01951,锦鑫生殖,2026-01-16,STRUCTURAL_BOTTOM_CANDIDATE,Stable,Consolidation,55.84751613126569,COST_DISADVANTAGE,Low,BULLISH_WARNING,55.0,Aligned,risk_on,结构:STRUCTURAL_BOTTOM_CANDIDATE(A/A-); 阶段:Stable(B); 触发:Consolidation(C); 置信度:Low,PASSED,C,fallback
01951,锦鑫生殖,2026-01-23,STRUCTURAL_BOTTOM_CANDIDATE,Stable,Consolidation,55.84751613126569,COST_DISADVANTAGE,Low,BULLISH_WARNING,55.0,Aligned,neutral,结构:STRUCTURAL_BOTTOM_CANDIDATE(A/A-); 阶段:Stable(B); 触发:Consolidation(C); 置信度:Low,PASSED,C,fallback
01951,锦鑫生殖,2026-01-30,STRUCTURAL_BOTTOM_CANDIDATE,Stable,Consolidation,55.84751613126569,COST_DISADVANTAGE,Low,BULLISH_WARNING,55.0,Aligned,risk_on,结构:STRUCTURAL_BOTTOM_CANDIDATE(A/A-); 阶段:Stable(B); 触发:Consolidation(C); 置信度:Low,PASSED,C,fallback
01951,锦鑫生殖,2026-02-06,STRUCTURAL_BOTTOM_CANDIDATE,Improving,Consolidation,48.52402505809585,COST_DISADVANTAGE,Low,BULLISH_WARNING,55.0,Aligned,neutral,结构:STRUCTURAL_BOTTOM_CANDIDATE(A/A-); 阶段:Improving(B); 触发:Consolidation(C); 置信度:Low,PASSED,C,fallback
01951,锦鑫生殖,2026-02-13,STRUCTURAL_BOTTOM_CANDIDATE,Improving,Consolidation,48.52402505809585,COST_DISADVANTAGE,Low,BULLISH_WARNING,55.0,Aligned,risk_on,结构:STRUCTURAL_BOTTOM_CANDIDATE(A/A-); 阶段:Improving(B); 触发:Consolidation(C); 置信度:Low,PASSED,C,fallback
01951,锦鑫生殖,2026-02-20,STRUCTURAL_DECLINE,Improving,Consolidation,48.52402505809585,COST_DISADVANTAGE,Low,BULLISH_WARNING,55.0,Divergence,risk_on,结构:STRUCTURAL_DECLINE(A/A-); 阶段:Improving(B); 触发:Consolidation(C); 置信度:Low,PASSED,C,tactical_override
01951,锦鑫生殖,2026-02-27,STRUCTURAL_DECLINE,Improving,Consolidation,48.52402505809585,COST_DISADVANTAGE,Low,BULLISH_WARNING,55.0,Divergence,risk_on,结构:STRUCTURAL_DECLINE(A/A-); 阶段:Improving(B); 触发:Consolidation(C); 置信度:Low,PASSED,C,tactical_override
01951,锦鑫生殖,2026-03-06,STRUCTURAL_DECLINE,Improving,Consolidation,55.84403972291268,COST_NEUTRAL,Low,BULLISH_WARNING,55.0,Divergence,risk_off,结构:STRUCTURAL_DECLINE(A/A-); 阶段:Improving(B); 触发:Consolidation(C); 置信度:Low,PASSED,C,tactical_override
01951,锦鑫生殖,2026-03-13,STRUCTURAL_DECLINE,Improving,Breakdown,55.84403972291268,COST_NEUTRAL,Low,BEARISH_CONFIRMED,20.0,Divergence,risk_off,结构:STRUCTURAL_DECLINE(A/A-); 阶段:Improving(B); 触发:Breakdown(C); 置信度:Low,PASSED,C,fallback
01951,锦鑫生殖,2026-03-20,STRUCTURAL_DECLINE,Improving,Breakdown,55.84403972291268,COST_NEUTRAL,Low,BEARISH_CONFIRMED,20.0,Divergence,neutral,结构:STRUCTURAL_DECLINE(A/A-); 阶段:Improving(B); 触发:Breakdown(C); 置信度:Low,PASSED,C,fallback
01951,锦鑫生殖,2026-03-27,STRUCTURAL_DECLINE,Improving,Consolidation,55.84403972291268,COST_NEUTRAL,Low,BULLISH_WARNING,55.0,Divergence,risk_off,结构:STRUCTURAL_DECLINE(A/A-); 阶段:Improving(B); 触发:Consolidation(C); 置信度:Low,PASSED,C,tactical_override
01951,锦鑫生殖,2026-04-03,STRUCTURAL_DECLINE,Deteriorating,Consolidation,42.255763371294954,COST_NEUTRAL,Low,BULLISH_WARNING,55.0,Aligned,risk_off,结构:STRUCTURAL_DECLINE(A/A-); 阶段:Deteriorating(B); 触发:Consolidation(C); 置信度:Low,PASSED,C,tactical_override
01951,锦鑫生殖,2026-04-10,STRUCTURAL_DECLINE,Deteriorating,Consolidation,42.255763371294954,COST_NEUTRAL,Low,BULLISH_WARNING,55.0,Aligned,neutral,结构:STRUCTURAL_DECLINE(A/A-); 阶段:Deteriorating(B); 触发:Consolidation(C); 置信度:Low,PASSED,C,tactical_override
01951,锦鑫生殖,2026-04-17,STRUCTURAL_DECLINE,Deteriorating,Consolidation,42.255763371294954,COST_NEUTRAL,Low,BULLISH_WARNING,55.0,Aligned,risk_off,结构:STRUCTURAL_DECLINE(A/A-); 阶段:Deteriorating(B); 触发:Consolidation(C); 置信度:Low,PASSED,C,tactical_override
01951,锦鑫生殖,2026-04-24,STRUCTURAL_DECLINE,Deteriorating,Consolidation,42.255763371294954,COST_NEUTRAL,Low,BULLISH_WARNING,55.0,Aligned,risk_off,结构:STRUCTURAL_DECLINE(A/A-); 阶段:Deteriorating(B); 触发:Consolidation(C); 置信度:Low,PASSED,C,tactical_override
01951,锦鑫生殖,2026-05-01,STRUCTURAL_DECLINE,Stable,Consolidation,53.84835956887665,COST_DISADVANTAGE,Low,BULLISH_WARNING,55.0,Aligned,risk_off,结构:STRUCTURAL_DECLINE(A/A-); 阶段:Stable(B); 触发:Consolidation(C); 置信度:Low,PASSED,C,tactical_override
01951,锦鑫生殖,2026-05-08,STRUCTURAL_DECLINE,Stable,Consolidation,53.84835956887665,COST_DISADVANTAGE,Low,BULLISH_WARNING,55.0,Aligned,neutral,结构:STRUCTURAL_DECLINE(A/A-); 阶段:Stable(B); 触发:Consolidation(C); 置信度:Low,PASSED,C,tactical_override
01951,锦鑫生殖,2026-05-15,STRUCTURAL_DECLINE,Stable,Consolidation,53.84835956887665,COST_DISADVANTAGE,Medium,BEARISH_CONFIRMED,20.0,Aligned,risk_off,结构:STRUCTURAL_DECLINE(A/A-); 阶段:Stable(B); 触发:Consolidation(C); 置信度:Medium,PASSED,C,fallback
01951,锦鑫生殖,2026-05-22,STRUCTURAL_DECLINE,Stable,Consolidation,53.84835956887665,COST_DISADVANTAGE,Medium,BEARISH_CONFIRMED,20.0,Aligned,risk_off,结构:STRUCTURAL_DECLINE(A/A-); 阶段:Stable(B); 触发:Consolidation(C); 置信度:Medium,PASSED,C,fallback
01951,锦鑫生殖,2026-05-29,STRUCTURAL_DECLINE,Stable,Consolidation,53.84835956887665,COST_DISADVANTAGE,Medium,BEARISH_CONFIRMED,20.0,Aligned,risk_off,结构:STRUCTURAL_DECLINE(A/A-); 阶段:Stable(B); 触发:Consolidation(C); 置信度:Medium,PASSED,C,fallback
01951,锦鑫生殖,2026-06-05,STRUCTURAL_DECLINE,Deteriorating,Consolidation,52.88499805316383,COST_DISADVANTAGE,Medium,BEARISH_CONFIRMED,20.0,Aligned,risk_off,结构:STRUCTURAL_DECLINE(A/A-); 阶段:Deteriorating(B); 触发:Consolidation(C); 置信度:Medium,PASSED,C,fallback
01951,锦鑫生殖,2026-06-12,STRUCTURAL_DECLINE,Deteriorating,Consolidation,52.88499805316383,COST_DISADVANTAGE,Medium,BEARISH_CONFIRMED,20.0,Aligned,risk_off,结构:STRUCTURAL_DECLINE(A/A-); 阶段:Deteriorating(B); 触发:Consolidation(C); 置信度:Medium,PASSED,C,fallback
01951,锦鑫生殖,2026-06-19,STRUCTURAL_DECLINE,Deteriorating,Breakdown,52.88499805316383,COST_DISADVANTAGE,Medium,BEARISH_CONFIRMED,20.0,Aligned,risk_off,结构:STRUCTURAL_DECLINE(A/A-); 阶段:Deteriorating(B); 触发:Breakdown(C); 置信度:Medium,PASSED,C,matrix
01951,锦鑫生殖,2026-06-26,STRUCTURAL_DECLINE,Deteriorating,Breakdown,52.88499805316383,COST_DISADVANTAGE,Medium,BEARISH_CONFIRMED,20.0,Aligned,risk_off,结构:STRUCTURAL_DECLINE(A/A-); 阶段:Deteriorating(B); 触发:Breakdown(C); 置信度:Medium,PASSED,C,matrix
01951,锦鑫生殖,2026-07-03,STRUCTURAL_DECLINE,Deteriorating,Consolidation,48.06494498630156,COST_DISADVANTAGE,Medium,BEARISH_CONFIRMED,20.0,Aligned,risk_off,结构:STRUCTURAL_DECLINE(A/A-); 阶段:Deteriorating(B); 触发:Consolidation(C); 置信度:Medium,PASSED,C,fallback
01951,锦鑫生殖,2026-07-10,STRUCTURAL_DECLINE,Deteriorating,Consolidation,48.06494498630156,COST_DISADVANTAGE,Medium,BEARISH_CONFIRMED,20.0,Aligned,risk_off,结构:STRUCTURAL_DECLINE(A/A-); 阶段:Deteriorating(B); 触发:Consolidation(C); 置信度:Medium,PASSED,C,fallback
01951,锦鑫生殖,2026-07-17,STRUCTURAL_DECLINE,Deteriorating,Consolidation,48.06494498630156,COST_DISADVANTAGE,Medium,BEARISH_CONFIRMED,20.0,Aligned,risk_off,结构:STRUCTURAL_DECLINE(A/A-); 阶段:Deteriorating(B); 触发:Consolidation(C); 置信度:Medium,PASSED,C,fallback
01951,锦鑫生殖,2026-07-24,STRUCTURAL_DECLINE,Deteriorating,Consolidation,48.06494498630156,COST_DISADVANTAGE,Medium,BEARISH_CONFIRMED,20.0,Aligned,risk_off,结构:STRUCTURAL_DECLINE(A/A-); 阶段:Deteriorating(B); 触发:Consolidation(C); 置信度:Medium,PASSED,C,fallback
01951,锦鑫生殖,2026-07-31,STRUCTURAL_DECLINE,Improving,Consolidation,51.659718711036014,COST_NEUTRAL,Medium,BEARISH_CONFIRMED,20.0,Divergence,neutral,结构:STRUCTURAL_DECLINE(A/A-); 阶段:Improving(B); 触发:Consolidation(C); 置信度:Medium,PASSED,C,fallback
01951,锦鑫生殖,2026-08-07,STRUCTURAL_DECLINE,Improving,Consolidation,51.659718711036014,COST_NEUTRAL,Medium,BEARISH_CONFIRMED,20.0,Divergence,risk_off,结构:STRUCTURAL_DECLINE(A/A-); 阶段:Improving(B); 触发:Consolidation(C); 置信度:Medium,PASSED,C,fallback
01951,锦鑫生殖,2026-08-14,STRUCTURAL_DECLINE,Improving,Consolidation,51.659718711036014,COST_NEUTRAL,Medium,BULLISH_WARNING,55.0,Divergence,risk_off,结构:STRUCTURAL_DECLINE(A/A-); 阶段:Improving(B); 触发:Consolidation(C); 置信度:Medium,PASSED,C,tactical_override
01951,锦鑫生殖,2026-08-21,STRUCTURAL_DECLINE,Improving,Consolidation,51.659718711036014,COST_NEUTRAL,Medium,BULLISH_WARNING,55.0,Divergence,risk_on,结构:STRUCTURAL_DECLINE(A/A-); 阶段:Improving(B); 触发:Consolidation(C); 置信度:Medium,PASSED,C,tactical_override
