week_end,n_selected,portfolio_return,turnover,gross_turnover,equity
2021-01-01,0,0.0,0.0,0.0,1.0
2021-01-08,5,0.02217906,0.49,0.49,1.02217906
2021-01-15,5,-0.02505554,0.0,0.0,0.9965678116750076
2021-01-22,5,0.12263521,0.0,0.0,1.1187821145390124
2021-01-29,5,0.02504543,0.0,0.0,1.1468024936739514
2021-02-05,5,0.03862841,0.23,0.23,1.1911016505886112
2021-02-12,5,0.02800647,0.23,0.23,1.2244602032327716
2021-02-19,5,-0.03658135,0.0,0.0,1.1796677959772426
2021-02-26,5,-0.12190544,0.84,0.84,1.0358598742548066
2021-03-05,5,-0.02949334,0.10999999999999999,0.10999999999999999,1.0053089067910523
2021-03-12,4,-0.01553709,0.15,0.15,0.9896893318284381
2021-03-19,4,0.00354699,0.21999999999999997,0.21999999999999997,0.9931997499915403
2021-03-26,4,-0.00184656,0.08,0.08,0.9913657470611958
2021-04-02,5,0.02273976,0.04,0.04,1.0139091662215882
2021-04-09,5,-0.00366888,0.08,0.08,1.0101892551598213
2021-04-16,4,0.00515849,0.22999999999999998,0.22999999999999998,1.0154003063306705
2021-04-23,5,0.02897789,0.04,0.04,1.0448244647134868
2021-04-30,5,-0.00999597,0.0,0.0,1.0343804307089448
2021-05-07,4,-0.011183,0.22999999999999998,0.22999999999999998,1.0228129543523266
2021-05-14,3,-0.00035486,0.12,0.12,1.0224499989473452
2021-05-21,4,0.00438488,0.23,0.23,1.0269333194987293
2021-05-28,4,0.01841305,0.19,0.19,1.0458422940573253
2021-06-04,5,-0.00802601,0.15,0.15,1.0374483533467982
2021-06-11,5,0.04014465,0.10999999999999999,0.10999999999999999,1.0790963543849816
2021-06-18,4,-0.00087579,0.2,0.2,1.0781512925887748
2021-06-25,5,0.01257676,0.09000000000000002,0.09000000000000002,1.0917109426393536
2021-07-02,5,-0.02074791,0.0,0.0,1.0690602222554573
2021-07-09,2,0.00771962,0.28,0.28,1.077312960928385
2021-07-16,3,0.00596319,0.04,0.04,1.0837371828038633
2021-07-23,5,-0.01047543,0.08,0.08,1.0723845698070043
2021-07-30,4,-0.00584087,0.04,0.04,1.0661209109447556
2021-08-06,3,0.00400749,0.04,0.04,1.0703933798341576
2021-08-13,3,0.0157939,0.08,0.08,1.0872990658359203
2021-08-20,4,-0.0201874,0.04,0.04,1.0653493246742642
2021-08-27,3,0.01114057,0.21,0.21,1.0772179234002506
2021-09-03,4,0.02202627,0.04,0.04,1.100945016229904
2021-09-10,5,-0.01378835,0.31999999999999995,0.31999999999999995,1.0857648010153704
2021-09-17,5,-0.02441396,0.0,0.0,1.0592569825939733
2021-09-24,5,-0.00358879,0.060000000000000005,0.060000000000000005,1.05545553172741
2021-10-01,3,0.00113985,0.19,0.19,1.0566585927152494
2021-10-08,5,0.00406687,0.19,0.19,1.0609558858462051
2021-10-15,4,-0.01025247,0.1,0.1,1.0500784674552435
2021-10-22,4,0.00472902,0.0,0.0,1.0550443095294089
2021-10-29,5,-0.03079257,0.30999999999999994,0.30999999999999994,1.0225567837751228
2021-11-05,3,-0.00794154,0.24,0.24,1.0144361081745012
2021-11-12,2,0.00150062,0.1,0.1,1.0159583912871502
2021-11-19,3,0.00241591,0.04,0.04,1.0184128553242449
2021-11-26,5,-0.02646993,0.19,0.19,0.991455538332712
2021-12-03,1,-0.00546489,0.27,0.27,0.9860373428758329
2021-12-10,2,0.00089154,0.12,0.12,0.9869164346085004
2021-12-17,3,-0.0022312,0.23,0.23,0.984714426659602
2021-12-24,3,0.01345207,0.08,0.08,0.9979608740570368
2021-12-31,4,0.00693692,0.04,0.04,1.0048836488035007
2022-01-07,4,-0.00552902,0.19,0.19,0.9993276270115932
2022-01-14,2,0.00311083,0.14,0.14,1.0024363653735298
2022-01-21,4,0.0116358,0.19,0.19,1.0141005144337432
2022-01-28,4,-0.02103768,0.3,0.3,0.9927661923232507
2022-02-04,3,0.00964363,0.22999999999999998,0.22999999999999998,1.002340062158525
2022-02-11,3,0.00640327,0.24,0.24,1.0087583162083429
2022-02-18,4,-0.00059146,0.04,0.04,1.0081616760146384
2022-02-25,2,-0.00806133,0.24,0.24,1.0000345520509313
2022-03-04,3,-0.00302256,0.23,0.23,0.9970118876152843
2022-03-11,4,-0.03630148,0.04,0.04,0.9608188805172557
2022-03-18,2,-0.00910278,0.25,0.25,0.9520727576280609
2022-03-25,2,-0.00146426,0.08,0.08,0.9506786755719764
2022-04-01,2,-0.00323041,0.16,0.16,0.947607593671622
2022-04-08,1,-0.00121105,0.04,0.04,0.946459993495306
2022-04-15,2,0.00545716,0.12,0.12,0.9516249771134088
2022-04-22,4,-0.01250058,0.08,0.08,0.9397291129570045
2022-04-29,4,0.00928405,0.08,0.08,0.9484536050281529
2022-05-06,5,-0.01335447,0.04,0.04,0.9357875098134126
2022-05-13,3,0.00091492,0.08,0.08,0.9366436805218912
2022-05-20,5,0.0139752,0.08,0.08,0.9497334632859207
2022-05-27,4,-0.00537094,0.04,0.04,0.9446325018386198
2022-06-03,4,0.00996083,0.08,0.08,0.954041825601909
2022-06-10,3,0.00338342,0.04,0.04,0.957269749795487
2022-06-17,5,-0.01700184,0.19,0.19,0.940994402672624
2022-06-24,5,0.02226087,0.14,0.14,0.9619417567412469
2022-07-01,5,0.00778754,0.08,0.08,0.9694329166495397
2022-07-08,5,-0.01051123,0.060000000000000005,0.060000000000000005,0.9592429842930655
2022-07-15,5,-0.02746382,0.0,0.0,0.9328985076361779
2022-07-22,3,0.00468796,0.14,0.14,0.937271898524036
2022-07-29,4,-0.02149004,0.04,0.04,0.9171298879338786
2022-08-05,4,-0.00705785,0.25,0.25,0.9106569227543244
2022-08-12,2,-0.00224683,0.2,0.2,0.9086108314605723
2022-08-19,3,-0.00755145,0.23,0.23,0.9017495021973394
2022-08-26,4,-0.03074463,0.12,0.12,0.8740255473995979
2022-09-02,4,-0.01057784,0.38,0.38,0.8647802450032926
2022-09-09,4,-0.00329353,0.19,0.19,0.861932065322967
2022-09-16,3,-0.00514277,0.04,0.04,0.857499346955386
2022-09-23,4,-0.00941857,0.12,0.12,0.8494229293311324
2022-09-30,1,-0.00431783,0.2,0.2,0.8457552655241786
2022-10-07,1,0.00031436,0.08,0.08,0.8460211371494487
2022-10-14,3,0.00298451,0.08,0.08,0.8485460956934827
2022-10-21,4,0.013362,0.04,0.04,0.8598843686241391
2022-10-28,4,-0.00618144,0.0,0.0,0.8545690449925512
2022-11-04,3,0.01275214,0.04,0.04,0.8654666290939624
2022-11-11,3,0.01206877,0.0,0.0,0.8759117467831727
2022-11-18,4,0.01267034,0.04,0.04,0.8870098464249093
2022-11-25,5,-0.02771759,0.21,0.21,0.8624240711757407
2022-12-02,4,0.03977103,0.16,0.16,0.8967235647831933
2022-12-09,5,0.03409482,0.09,0.09,0.9272971933142345
2022-12-16,5,-0.00417758,0.16999999999999998,0.16999999999999998,0.9234233351053889
2022-12-23,5,-0.00245367,0.060000000000000005,0.060000000000000005,0.9211575589707409
2022-12-30,5,0.01168905,0.060000000000000005,0.060000000000000005,0.9319250157354279
2023-01-06,5,0.01730052,0.0,0.0,0.948047803108659
2023-01-13,5,0.00912484,0.16999999999999998,0.16999999999999998,0.9566985876243769
2023-01-20,5,0.01651687,0.09999999999999998,0.09999999999999998,0.9725002538253523
2023-01-27,5,0.03112285,0.10999999999999999,0.10999999999999999,1.0027672333501207
2023-02-03,5,-0.02843881,0.0,0.0,0.974249726526651
2023-02-10,5,-0.04960274,0.0,0.0,0.9259242706466785
2023-02-17,4,-0.01554342,0.37,0.37,0.9115322408198235
2023-02-24,4,-0.00263215,0.3,0.3,0.9091329512321495
2023-03-03,4,0.0095911,0.21999999999999997,0.21999999999999997,0.9178525362807122
2023-03-10,4,-0.03041578,0.22999999999999998,0.22999999999999998,0.889935335464756
2023-03-17,4,0.00899632,0.22999999999999998,0.22999999999999998,0.8979414785219043
2023-03-24,3,0.01276202,0.15,0.15,0.9094010256296304
2023-03-31,5,-0.01394562,0.14,0.14,0.8967188644985894
2023-04-07,5,0.04073687,0.24,0.24,0.933248384308216
2023-04-14,3,-0.02556622,0.19,0.19,0.9093887508003476
2023-04-21,5,-0.04011087,0.08,0.08,0.8729123768375325
2023-04-28,2,0.0010101,0.33999999999999997,0.33999999999999997,0.8737941056293761
2023-05-05,2,0.00374071,0.08,0.08,0.8770627159782449
2023-05-12,3,-0.01486828,0.1,0.1,0.8640223019395199
2023-05-19,2,-0.00381121,0.21,0.21,0.860729331502145
2023-05-26,4,-0.02615885,0.19,0.19,0.8382136420287802
2023-06-02,2,0.0123858,0.08,0.08,0.8485955885562202
2023-06-09,5,-0.00992291,0.22999999999999998,0.22999999999999998,0.8401750509045798
2023-06-16,5,0.01100358,0.10999999999999999,0.10999999999999999,0.8494199842912123
2023-06-23,5,-0.0193982,0.10999999999999999,0.10999999999999999,0.8329427655519345
2023-06-30,2,-0.0024267,0.23,0.23,0.8309214633427696
2023-07-07,4,-0.0047275,0.08,0.08,0.8269932821248167
2023-07-14,5,0.01114373,0.12,0.12,0.8362090719726294
2023-07-21,5,-0.0120403,0.08,0.08,0.8261408638833574
2023-07-28,5,0.02316073,0.19,0.19,0.8452748893737266
2023-08-04,4,-0.00466455,0.15,0.15,0.8413320623884984
2023-08-11,4,-0.01525179,0.08,0.08,0.8285002424526822
2023-08-18,5,-0.01048656,0.15,0.15,0.8198121249501875
2023-08-25,3,0.00214066,0.13,0.13,0.8215670639735834
2023-09-01,4,0.0008343,0.14,0.14,0.8222524973750565
2023-09-08,4,0.00507719,0.05,0.05,0.826427229532204
2023-09-15,2,-0.00085145,0.19,0.19,0.8257235680676188
2023-09-22,3,-0.00250648,0.04,0.04,0.8236539084587287
2023-09-29,5,-0.00363473,0.08,0.08,0.8206601488880364
2023-10-06,2,-0.00182596,0.12,0.12,0.8191616562825728
2023-10-13,4,0.00247894,0.08,0.08,0.8211923088787979
2023-10-20,3,-0.00353779,0.04,0.04,0.8182871029403695
2023-10-27,4,0.00063472,0.12,0.12,0.8188064861303479
2023-11-03,3,0.0018485,0.12,0.12,0.8203200499199598
2023-11-10,4,-0.00076805,0.04,0.04,0.8196900031056187
2023-11-17,4,0.00130683,0.08,0.08,0.8207611985923773
2023-11-24,3,-0.00153116,0.12,0.12,0.8195044818755406
2023-12-01,4,-0.00719038,0.04,0.04,0.8136119332391523
2023-12-08,3,-0.00674317,0.04,0.04,0.808125609659292
2023-12-15,2,8.35e-05,0.12,0.12,0.8081930881476985
2023-12-22,2,-0.00065744,0.08,0.08,0.8076617496838266
2023-12-29,2,0.00618892,0.08,0.08,0.8126603036396799
2024-01-05,4,-0.00476398,0.08,0.08,0.8087888062063465
2024-01-12,3,0.00967315,0.22999999999999998,0.22999999999999998,0.8166123416471015
2024-01-19,4,-0.03326402,0.04,0.04,0.7894485323823055
2024-01-26,2,0.01677177,0.08,0.08,0.8026889815942592
2024-02-02,3,-0.01344176,0.04,0.04,0.7918994289490248
2024-02-09,2,-0.00509774,0.09,0.09,0.7878625315540942
2024-02-16,2,0.01015756,0.14,0.14,0.7958652924901067
2024-02-23,2,0.00572371,0.08,0.08,0.8004205946233853
2024-03-01,4,-0.00776069,0.14,0.14,0.7942087785188976
2024-03-08,4,0.00180802,0.15999999999999998,0.15999999999999998,0.7956447238746353
2024-03-15,5,0.00752271,0.04,0.04,0.8016301283953742
2024-03-22,4,-0.00185797,0.04,0.04,0.8001407236657194
2024-03-29,3,-0.03233736,0.12,0.12,0.7742662850338805
2024-04-05,4,-0.02305971,0.22999999999999998,0.22999999999999998,0.756411929038222
2024-04-12,2,-0.00315662,0.19,0.19,0.7540242240147813
2024-04-19,1,-0.0005216,0.12,0.12,0.7536309249795352
2024-04-26,3,0.01494879,0.19,0.19,0.76489679541456
2024-05-03,5,0.018801,0.16,0.16,0.7792776200651492
2024-05-10,5,0.01305802,0.10999999999999999,0.10999999999999999,0.7894534428135123
2024-05-17,5,0.0103764,0.060000000000000005,0.060000000000000005,0.7976451275175224
2024-05-24,5,-0.01427302,0.33,0.33,0.7862603226595622
2024-05-31,5,-0.01366635,0.10999999999999999,0.10999999999999999,0.7755150138989837
2024-06-07,5,0.03036792,0.10999999999999999,0.10999999999999999,0.7990657917998669
2024-06-14,4,-0.01704464,0.04,0.04,0.7854460030423233
2024-06-21,5,-0.01181862,0.15,0.15,0.7761631152018472
2024-06-28,5,-0.00919834,0.0,0.0,0.7690237029727615
2024-07-05,4,-0.00134121,0.15,0.15,0.7679922806920974
2024-07-12,5,-0.01088411,0.04,0.04,0.7596333682298937
2024-07-19,4,-0.01784414,0.26,0.26,0.7460783640585279
2024-07-26,2,-0.00587693,0.19,0.19,0.7416937137384414
2024-08-02,4,-0.00387777,0.14,0.14,0.7388175961061179
2024-08-09,3,0.00379299,0.04,0.04,0.7416199238599724
2024-08-16,4,-0.00107541,0.15,0.15,0.7408223783776542
2024-08-23,5,-0.00197811,0.2,0.2,0.7393569502227615
2024-08-30,5,-0.00098681,0.10999999999999999,0.10999999999999999,0.7386273453907122
2024-09-06,5,-0.00406089,0.0,0.0,0.7356278609900885
2024-09-20,3,0.01527968,0.23,0.23,0.7468680193051015
2024-09-27,4,0.02803774,0.04,0.04,0.7678085106446929
2024-10-04,5,0.05817215,0.04,0.04,0.8124735824971927
2024-10-11,4,-0.03290174,0.22,0.22,0.7857417879290015
2024-10-18,5,-0.01424372,0.29000000000000004,0.29000000000000004,0.7745499019094415
2024-10-25,5,-0.01506066,0.0,0.0,0.7628846691837501
2024-11-01,5,-0.01156655,0.0,0.0,0.7540607255134029
2024-11-08,4,0.02703299,0.04,0.04,0.7744452415655994
2024-11-15,4,-0.02836944,0.060000000000000005,0.060000000000000005,0.7524746637517186
2024-11-22,4,-0.00181144,0.36,0.36,0.7511116010468122
2024-11-29,3,0.00926545,0.22999999999999998,0.22999999999999998,0.7580709880307314
2024-12-06,5,0.02019799,0.41,0.41,0.7733824982662661
2024-12-13,5,0.00180938,0.060000000000000005,0.060000000000000005,0.7747818410909793
2024-12-20,5,-0.00500835,0.21999999999999997,0.21999999999999997,0.7709014624571513
2024-12-27,4,0.01650197,0.26,0.26,0.7836228552635753
2025-01-03,5,-0.03162708,0.26,0.26,0.7588391525303257
2025-01-10,3,-0.01027434,0.19,0.19,0.7510425810719172
2025-01-17,2,0.00621918,0.04,0.04,0.7557134500712681
2025-01-24,2,-0.00658012,0.0,0.0,0.7507407648841852
2025-01-31,3,0.00090432,0.18000000000000002,0.18000000000000002,0.7514196747726853
2025-02-07,4,0.01704191,0.26,0.26,0.7642253012423907
2025-02-14,4,0.01407485,0.04999999999999999,0.04999999999999999,0.7749816577235823
2025-02-21,5,0.00511271,0.18,0.18,0.7789439141948422
2025-02-28,5,-0.0194279,0.0,0.0,0.7638106697242562
2025-03-07,5,0.02345184,0.0,0.0,0.7817234353409221
2025-03-14,5,0.00916881,0.0,0.0,0.7888909089921103
2025-03-21,5,-0.03123581,0.0,0.0,0.7642492624481055
2025-03-28,3,-2.349e-05,0.25,0.25,0.7642313102329307
2025-04-04,3,0.01078601,0.0,0.0,0.7724743167874161
2025-04-11,5,-0.02017522,0.29999999999999993,0.29999999999999993,0.7568894775018802
2025-04-18,5,0.00326842,0.10999999999999999,0.10999999999999999,0.7593633102079368
2025-04-25,3,0.00404289,0.08,0.08,0.7624333325411434
2025-05-02,4,0.00048225,0.04,0.04,0.7628010160157613
2025-05-09,5,-0.00329912,0.04,0.04,0.7602844439278035
2025-05-16,5,0.00336178,0.0,0.0,0.7628403529657112
2025-05-23,4,-0.0056603,0.33999999999999997,0.33999999999999997,0.7585224477158194
2025-05-30,5,-0.00086894,0.11999999999999998,0.11999999999999998,0.7578633372201012
2025-06-06,4,0.00153155,0.01,0.01,0.7590240428142206
2025-06-13,4,0.00384078,0.0,0.0,0.7619392871773807
2025-06-20,4,-0.00662116,0.10999999999999999,0.10999999999999999,0.7568943652466933
2025-06-27,4,0.02824625,0.10999999999999999,0.10999999999999999,0.7782737927110427
2025-07-04,4,0.00275652,0.060000000000000005,0.060000000000000005,0.7804191199861265
2025-07-11,4,0.03460779,0.10999999999999999,0.10999999999999999,0.8074277010025911
2025-07-18,3,0.01120371,0.1,0.1,0.8164738868105909
2025-07-25,4,0.01979131,0.04,0.04,0.8326329746113642
2025-08-01,4,-0.00493781,0.10999999999999999,0.10999999999999999,0.8285215911829984
2025-08-08,4,0.00595562,0.10999999999999999,0.10999999999999999,0.8334559509418796
2025-08-15,4,-0.00912544,0.0,0.0,0.8258502986689166
2025-08-22,5,-0.00425544,0.38999999999999996,0.38999999999999996,0.8223359422739489
2025-08-29,5,-0.01708445,0.0,0.0,0.8082867849849668
2025-09-05,5,0.0023451,0.0,0.0,0.8101822983244351
2025-09-12,5,-0.0023706,0.10999999999999999,0.10999999999999999,0.8082616801680272
2025-09-19,5,-0.01496725,0.0,0.0,0.7961642255355323
2025-09-26,5,-0.02187484,0.43999999999999995,0.43999999999999995,0.7787482604882187
2025-10-03,3,0.01123272,0.19,0.19,0.7874957216487699
2025-10-10,4,-0.01727634,0.22999999999999998,0.22999999999999998,0.7738906778130203
2025-10-17,5,-0.03200069,0.15,0.15,0.7491256421384359
2025-10-24,1,-0.0023373,0.49,0.49,0.7473747107750658
2025-10-31,3,-0.00278823,0.14,0.14,0.7452908581852414
2025-11-07,5,0.00529214,0.13,0.13,0.7492350417474778
2025-11-14,3,0.00285854,0.08,0.08,0.7513767600837147
2025-11-21,3,-0.02098536,0.19,0.19,0.7356088482777243
2025-11-28,4,0.00664233,0.18,0.18,0.740495004998905
2025-12-05,4,-0.00092712,0.22000000000000003,0.22000000000000003,0.7398084772698704
2025-12-12,5,0.00756927,0.12,0.12,0.745408287382615
2025-12-19,4,0.00349545,0.15,0.15,0.7480138247807465
2025-12-26,4,0.00227876,0.08,0.08,0.7497183687641039
2026-01-02,5,-0.00279963,0.04,0.04,0.7476194347273608
2026-01-09,5,0.01398363,0.0,0.0,0.7580738682833974
2026-01-16,5,0.00039612,0.0,0.0,0.7583741565041018
2026-01-23,5,-0.00049052,0.21999999999999997,0.21999999999999997,0.7580021588128534
2026-01-30,5,-5.199e-05,0.0,0.0,0.7579627502806167
2026-02-06,4,0.02227588,0.04,0.04,0.7748470375503377
2026-02-13,4,0.00275625,0.010000000000000009,0.010000000000000009,0.7769827096975858
2026-02-20,4,0.00932029,0.010000000000000009,0.010000000000000009,0.7842244138769531
2026-02-27,4,-0.02529508,0.08,0.08,0.7643873945899824
2026-03-06,3,-0.01558262,0.04,0.04,0.7524762362872967
2026-03-13,4,-0.00810097,0.30999999999999994,0.30999999999999994,0.7463804488714204
2026-03-20,3,-0.00798518,0.12,0.12,0.7404204666387013
2026-03-27,3,-0.00600081,0.21,0.21,0.7359773440982912
2026-04-03,2,0.00487031,0.09,0.09,0.7395617819170266
2026-04-10,4,-0.00700249,0.19,0.19,0.7343830079347704
2026-04-17,4,-0.00943965,0.13,0.13,0.7274506893739189
2026-04-24,4,-0.00208233,0.15999999999999998,0.15999999999999998,0.7259358969799149
2026-05-01,3,-0.00323971,0.04,0.04,0.7235840751951101
2026-05-08,2,0.00141397,0.04,0.04,0.7246072013699137
2026-05-15,5,-0.00335587,0.16999999999999998,0.16999999999999998,0.7221755138010525
2026-05-22,2,-0.007226,0.25,0.25,0.7169570735383262
2026-05-29,2,0.00122937,0.08,0.08,0.7178384790558219
2026-06-05,4,0.00297725,0.08,0.08,0.7199756636675908
2026-06-12,2,0.00025653,0.08,0.08,0.7201603590245914
2026-06-19,2,-0.00461968,0.0,0.0,0.7168334486172127
2026-06-26,3,-0.00982109,0.29,0.29,0.7097933628033326
2026-07-03,1,0.00947165,0.08,0.08,0.7165162771081288
2026-07-10,2,-0.00559,0.04,0.04,0.7125109511190943
2026-07-17,2,0.00230724,0.0,0.0,0.7141548848859544
2026-07-24,3,0.00188336,0.15,0.15,0.7154998956299531
2026-07-31,5,0.01408705,0.08,0.08,0.7255791784346871
2026-08-07,4,-0.00116428,0.26,0.26,0.7247344011088191
2026-08-14,4,-0.01390916,0.27999999999999997,0.27999999999999997,0.7146539543662924
2026-08-21,4,0.01811132,0.0,0.0,0.7275972808230857
