stock_code,stock_name,month_end,change_percent,turnover_rate,m_turnover_zscore,m_turnover_pctl,m_turnover_ma_ratio,turnover_liquidity_regime,m_volume_ma_ratio,m_volume_accel,vol_dir,turn_dir,m_vp_regime,cbi_score,cbi_state,cost_position,cost_vs_weekly_vwap,cost_vs_monthly_vwap,cost_vs_quarterly_vwap,monthly_behavior_state,m_vwap_deviation,m_turnover_efficiency,data_quality
01093,石药集团,2010-01-31,0.0,6.62,,,,,,,,,,,,,-1.0334688166596728,-1.031160820830966,,,-1.031160820830966,0.0,C
01093,石药集团,2010-02-28,-128.57142857142856,3.6,,,,,,,,,,,,,-0.990791614312411,-0.9906951629067328,,,-0.9906951629067328,-35.71428571428571,C
01093,石药集团,2010-03-31,1700.0,8.32,,,1.3462783171521038,,1.3461086411694003,,↑,↑,VP_EXPANSION,,,COST_DISADVANTAGE,-0.8514694701907787,-0.846999384255851,-0.8417776082437579,Improving,-0.846999384255851,204.32692307692307,C
01093,石药集团,2010-04-30,136.11111111111111,16.13,,,1.8609749062590133,,1.8620778963732914,1.445600157432465,↑↑,↑↑,VP_OVERHEAT,,,COST_DISADVANTAGE,-0.7246443587362763,-0.7053711014998918,-0.6264193527977617,Deteriorating,-0.7053711014998918,8.438382585933734,C
01093,石药集团,2010-05-31,-55.294117647058826,10.43,,,1.1563192904656319,,1.1563566098436506,1.8842438491565137,↑,↑,VP_SELLING_ACTIVE,,,COST_DISADVANTAGE,-0.8424248485819297,-0.8610788500506112,-0.8329874753684111,Deteriorating,-0.8610788500506112,-5.301449438835937,C
01093,石药集团,2010-06-30,15.789473684210531,4.44,-1.090682722518956,0.3333333333333333,0.5377472749293501,T2,0.5364425644848693,-0.4674211807559393,↓,↓,VP_LOCKED_CANDIDATE,50.0,CBI_STABLE,COST_DISADVANTAGE,-0.8209976120736249,-0.8178025090042947,-0.841011482438776,Improving,-0.8178025090042947,3.5561877667140833,C
01093,石药集团,2010-07-31,-40.90909090909091,4.78,-0.8285338023163034,0.42857142857142855,0.6012578616352201,T2,0.6026004544332134,-0.703034345582159,↓,↓,VP_DECLINE_SILENT,50.0,CBI_STABLE,COST_DISADVANTAGE,-0.8857587411344208,-0.8850262037533543,-0.906052239622913,Deteriorating,-0.8850262037533543,-8.558387219475085,C
01093,石药集团,2010-08-31,-73.07692307692307,7.8100000000000005,0.01228220035742182,0.625,0.9027162396455404,T3,0.9023242756869837,-0.25151469368567136,→,→,VP_NEUTRAL,50.0,CBI_STABLE,COST_DISADVANTAGE,-0.9671236284876565,-0.9686632022137289,-0.9747063722061688,Stable,-0.9686632022137289,-9.356840342755834,C
01093,石药集团,2010-09-30,0.0,9.0,0.32398523452853784,0.7777777777777778,1.026811180832858,T3,1.0281200766162237,1.0359290913208898,→,→,VP_NEUTRAL,50.0,CBI_STABLE,COST_DISADVANTAGE,-0.9676725718526378,-0.9676703840116585,-0.9683444363491762,Stable,-0.9676703840116585,0.0,C
01093,石药集团,2010-10-31,242.8571428571428,12.89,1.3809143175416965,0.9,1.5671732522796353,T4,1.568174239350385,1.6927642342187026,↑↑,↑↑,VP_OVERHEAT,50.0,CBI_STABLE,COST_DISADVANTAGE,-0.8957750254165926,-0.892356524644085,-0.8914666389114612,Deteriorating,-0.892356524644085,18.84074033026709,C
01093,石药集团,2010-11-30,-4.1666666666666625,8.06,-0.09148743419165697,0.5454545454545454,1.0293742017879948,T3,1.0267758232284303,0.0300469432669479,→,→,VP_NEUTRAL,50.0,CBI_STABLE,COST_DISADVANTAGE,-0.8991993673045978,-0.9020382054845658,-0.8959888622901503,Stable,-0.9020382054845658,-0.5169561621174519,C
01093,石药集团,2010-12-31,8.695652173913038,4.7700000000000005,-1.009900706532839,0.25,0.6049461001902346,T2,0.6033810631750596,-0.47214696988530425,↓,↓,VP_LOCKED_CANDIDATE,50.0,CBI_STABLE,COST_DISADVANTAGE,-0.8873019196758806,-0.8847590333361268,-0.8891565538208837,Improving,-0.8847590333361268,1.8229878771306156,C
01093,石药集团,2011-01-31,-7.9999999999999964,3.66,-1.2324840132891317,0.16666666666666666,0.47542758172764665,T2,0.4755797503377589,-0.7163209029137094,↓,↓,VP_DECLINE_SILENT,50.0,CBI_STABLE,COST_DISADVANTAGE,-0.8996609740121924,-0.901378004476066,-0.898024029515213,Deteriorating,-0.901378004476066,-2.185792349726775,C
01093,石药集团,2011-02-28,134.7826086956522,4.6,-0.9807364940942436,0.25,0.6421591437878081,T2,0.6452832177411376,-0.42480666689661073,↓,↓,VP_LOCKED_CANDIDATE,50.0,CBI_STABLE,COST_DISADVANTAGE,-0.7851298489219571,-0.7783292706749793,-0.7605781562531088,Improving,-0.7783292706749793,29.300567107750478,C
01093,石药集团,2011-03-31,-27.77777777777778,6.73,-0.29831615953851176,0.5,0.9918938835666913,T3,0.9933644662592769,0.4172673446861188,→,→,VP_NEUTRAL,50.0,CBI_STABLE,COST_DISADVANTAGE,-0.8341598004401887,-0.8408520033434035,-0.8386592447881771,Stable,-0.8408520033434035,-4.127455836222552,C
01093,石药集团,2011-04-30,2.564102564102577,4.88,-0.7651619239518365,0.5,0.8954128440366972,T2,0.8951189030171991,0.332944649231554,↓,↓,VP_LOCKED_CANDIDATE,50.0,CBI_STABLE,COST_DISADVANTAGE,-0.8348921096977623,-0.8339251748174782,-0.8345223023468482,Improving,-0.8339251748174782,0.5254308532997084,C
01093,石药集团,2011-05-31,-64.99999999999999,3.97,-0.9680840540257863,0.16666666666666666,0.8325760223698008,T2,0.8301375656101649,-0.14357505504267165,↓,↓,VP_DECLINE_SILENT,50.0,CBI_STABLE,COST_DISADVANTAGE,-0.9319347731516234,-0.9365411704151292,-0.9420828058213969,Deteriorating,-0.9365411704151292,-16.372795969773296,C
01093,石药集团,2011-06-30,-50.0,4.87,-0.6004571142424013,0.5,1.0177638453500522,T2,1.0125572398601963,-0.28139600528136266,→,→,VP_NEUTRAL,50.0,CBI_STABLE,COST_DISADVANTAGE,-0.9620353463836487,-0.962928486248782,-0.967678617030752,Stable,-0.962928486248782,-10.266940451745379,C
01093,石药集团,2011-07-31,-171.42857142857144,2.69,-1.4252989174556951,0.08333333333333333,0.581831290555155,T2,0.580342880967719,-0.4501691202110655,↓,↓,VP_DECLINE_SILENT,50.0,CBI_STABLE,COST_DISADVANTAGE,-1.0270423730388867,-1.0264193936042947,-1.0230867021208914,Deteriorating,-1.0264193936042947,-63.72809346787043,C
01093,石药集团,2011-08-31,839.9999999999999,4.64,-0.48522997734195517,0.4166666666666667,1.0021598272138228,T3,0.9971634491653459,0.1631049561743092,→,→,VP_STABLE_ASCENT,50.0,CBI_STABLE,COST_DISADVANTAGE,-1.296503689385331,-1.2888195200032793,-1.2170149999363793,Improving,-1.2888195200032793,181.03448275862067,C
01093,石药集团,2011-09-30,91.48936170212767,6.18,0.21097144660470935,0.75,1.361733382298935,T3,1.3672401926289293,0.2774519701479674,↑,↑,VP_EXPANSION,50.0,CBI_STABLE,COST_DISADVANTAGE,-1.9437498510186084,-1.8004309268272434,-1.6210552562826144,Improving,-1.8004309268272434,14.80410383529574,C
01093,石药集团,2011-10-31,-14.444444444444448,14.85,6.912465245151132,1.0,2.3951612903225805,T5,2.3966065114189927,4.52503777537894,↑↑,↑↑,VP_PANIC,50.0,CBI_STABLE,COST_DISADVANTAGE,-1.6944005179260346,-1.7266128793392512,-1.5313472748195702,Deteriorating,-1.7266128793392512,-0.9726898615787507,C
01093,石药集团,2011-11-30,19.480519480519476,7.5200000000000005,0.6122849650191028,0.9166666666666666,1.107239263803681,T4,1.1092065385760796,0.6319429098870801,↑,↑,VP_EXPANSION,57.309290661143756,CBI_STABLE,COST_DISADVANTAGE,-1.8368505379369802,-1.8520339602821156,-1.634856484200006,Stable,-1.8520339602821156,2.5904946117712067,C
01093,石药集团,2011-12-31,8.695652173913038,3.0,-0.9168968863714286,0.16666666666666666,0.462962962962963,T2,0.4629535710218754,-0.5161909399826959,↓,↓,VP_LOCKED_CANDIDATE,54.77966313975105,CBI_STABLE,COST_DISADVANTAGE,-2.1264712489797297,-2.0545352415122498,-1.9501265795225033,Improving,-2.0545352415122498,2.8985507246376794,C
01093,石药集团,2012-01-31,-7.9999999999999964,2.18,-1.1421316883276345,0.08333333333333333,0.34089132134480066,T2,0.3405246224932907,-0.8533286952969293,↓,↓,VP_DECLINE_SILENT,51.08607460233607,CBI_STABLE,COST_DISADVANTAGE,-1.9244353310979745,-1.967443861077332,-1.874116453160703,Deteriorating,-1.967443861077332,-3.6697247706422,C
01093,石药集团,2012-02-29,-19.56521739130436,7.8500000000000005,0.676918800008775,0.9166666666666666,1.1327561327561328,T4,1.1320112062878933,0.04239947919564657,↑,↑,VP_SELLING_ACTIVE,45.306303541437565,CBI_ACTIVE,COST_DISADVANTAGE,-1.6657336178702415,-1.6609525841704729,-1.7030936688466525,Deteriorating,-1.6609525841704729,-2.49238438105788,C
01093,石药集团,2012-03-31,29.729729729729737,3.86,-0.5415546326586433,0.3333333333333333,0.5899133978604177,T2,0.5885170508082532,0.2834985094799458,↓,↓,VP_LOCKED_CANDIDATE,41.631176502536334,CBI_ACTIVE,COST_DISADVANTAGE,-2.0062565297322523,-1.9047839761494458,-1.891461063480254,Improving,-1.9047839761494458,7.702002520655372,C
01093,石药集团,2012-04-30,10.416666666666675,1.74,-1.1286975838440148,0.08333333333333333,0.39923518164435945,T2,0.3947792964895774,-0.21059023615814132,↓,↓,VP_LOCKED_CANDIDATE,47.683783945945294,CBI_ACTIVE,COST_DISADVANTAGE,-2.245328966380888,-2.206711151709383,-1.984321590926114,Improving,-2.206711151709383,5.986590038314181,C
01093,石药集团,2012-05-31,12.264150943396213,4.15,-0.34924228074668795,0.5,1.093064091308165,T3,1.0957555112158608,-0.47066886613318415,→,→,VP_STABLE_ASCENT,35.74388935014351,CBI_ACTIVE,COST_DISADVANTAGE,-2.630590375990442,-2.534063819995794,-2.105040276605732,Improving,-2.534063819995794,2.955217094794268,C
01093,石药集团,2012-06-30,-26.050420168067223,11.59,1.743165232713702,0.9166666666666666,2.216767612368505,T5,2.048824126222472,1.6599923916177368,↑↑,↑↑,VP_PANIC,17.492437063946394,CBI_TURBULENT,COST_DISADVANTAGE,-1.8814238823499392,-1.955579915991835,-2.0012034851389013,Deteriorating,-1.955579915991835,-2.247663517520899,C
01093,石药集团,2012-07-31,0.0,5.12,-0.26247858701881915,0.5833333333333334,0.8953657825706791,T3,0.9125686955733477,1.9024924517067898,→,↓,VP_NEUTRAL,33.127224732970454,CBI_ACTIVE,COST_DISADVANTAGE,-1.8762621858802837,-1.8417409053865175,-2.0012034851389013,Stable,-1.8417409053865175,0.0,C
01093,石药集团,2012-08-31,-15.909090909090907,6.9,0.18423037046321517,0.6666666666666666,1.2410071942446044,T3,1.2952185107658094,0.653497747983341,↑,↑,VP_SELLING_ACTIVE,33.30519527787707,CBI_ACTIVE,COST_DISADVANTAGE,-1.6185331497080018,-1.6330550767217127,-1.841921112503167,Deteriorating,-1.6330550767217127,-2.3056653491436094,C
01093,石药集团,2012-09-30,-1.3513513513513487,2.56,-0.9502927840648112,0.25,0.479101684341859,T2,0.4967897342963539,-0.7534197376864492,↓,↓,VP_SHRINK,41.48943010874898,CBI_ACTIVE,COST_DISADVANTAGE,-1.652902688564363,-1.6407497212312858,-1.6512620501562698,Stable,-1.6407497212312858,-0.5278716216216206,C
01093,石药集团,2012-10-31,5.47945205479452,3.58,-0.5375566350362866,0.4166666666666667,0.6336283185840709,T2,0.6649357143066238,-0.28104060812740184,↓,↓,VP_LOCKED_CANDIDATE,81.54507783651394,CBI_LOCKED_CANDIDATE,COST_DISADVANTAGE,-1.6485053680779296,-1.6301032887418108,-1.6869476419456544,Improving,-1.6301032887418108,1.5305731996632739,C
01093,石药集团,2012-11-30,-1.2987012987012991,1.67,-1.1030165336778655,0.08333333333333333,0.3189051559516231,T2,0.5691187534309603,-0.5696434661861215,↓,↓,VP_SHRINK,91.00444247445,CBI_LOCKED_CANDIDATE,COST_DISADVANTAGE,-1.6772141729045353,-1.6718305202203778,-1.6780262439983082,Stable,-1.6718305202203778,-0.7776654483241312,C
01093,石药集团,2012-12-31,-3.9473684210526327,2.07,-0.886381471335248,0.25,0.5671232876712329,T2,0.9005251513790212,0.4634729911156472,→,↓,VP_NEUTRAL,83.4004292441667,CBI_LOCKED_CANDIDATE,COST_DISADVANTAGE,-1.6099363533169115,-1.63325216970832,-1.6234964366782578,Stable,-1.63325216970832,-1.9069412662090015,C
01093,石药集团,2013-01-31,-49.31506849315068,5.58,0.3198699491757229,0.75,1.4973166368515207,T3,2.009730854473662,1.7568721925584105,↑↑,↑,VP_NEUTRAL,64.01429335945014,CBI_STABLE,COST_DISADVANTAGE,-1.2476928328330201,-1.2655815032144029,-1.316018741878021,Stable,-1.2655815032144029,-8.837825894829871,C
01093,石药集团,2013-02-28,-29.729729729729726,3.26,-0.42581983525940437,0.4166666666666667,1.044871794871795,T3,1.2254250963136675,0.966578672355128,↑,→,VP_NEUTRAL,78.49480029543497,CBI_LOCKED_CANDIDATE,COST_DISADVANTAGE,-1.1579697235358724,-1.1627712773973573,-1.222067224022393,Stable,-1.1627712773973573,-9.119548996849609,C
01093,石药集团,2013-03-31,-34.61538461538461,3.42,-0.34618605731959584,0.5,1.0480081716036773,T3,1.1400474922548784,0.6466649360690264,↑,→,VP_NEUTRAL,77.78811357704926,CBI_LOCKED_CANDIDATE,COST_DISADVANTAGE,-1.0968711572469731,-1.100345196266738,-1.1109868456403909,Stable,-1.100345196266738,-10.121457489878543,C
01093,石药集团,2013-04-30,-135.29411764705884,24.19,7.337708064868867,1.0,3.611346105996516,T5,3.6118398935471747,3.3496676698480705,↑↑,↑↑,VP_PANIC,16.294639257053376,CBI_TURBULENT,COST_DISADVANTAGE,-0.9689062048549563,-0.9692774321198887,-0.9608281721269208,Deteriorating,-0.9692774321198887,-5.592977166062788,C
01093,石药集团,2013-05-31,350.0000000000001,6.45,0.014710881282897841,0.75,0.8605737158105403,T3,0.9862981257310441,1.3176187702861961,→,↓,VP_NEUTRAL,23.229480920930065,CBI_TURBULENT,COST_DISADVANTAGE,-0.8697192744478246,-0.8675895581020762,-0.823726774571144,Stable,-0.8675895581020762,54.26356589147289,C
01093,石药集团,2013-06-30,-33.333333333333336,5.470000000000001,-0.06990864340140764,0.6666666666666666,0.6785197436427538,T3,0.8938366503943966,1.2516469896121487,↓,↓,VP_DECLINE_SILENT,28.776168343341975,CBI_TURBULENT,COST_DISADVANTAGE,-0.9068747993067031,-0.9132134165278903,-0.909690236128284,Deteriorating,-0.9132134165278903,-6.093845216331505,C
01093,石药集团,2013-07-31,61.111111111111114,2.85,-0.5106224792506204,0.3333333333333333,0.37467134092900956,T2,0.48122461002462025,-0.8335848033378087,↓,↓,VP_LOCKED_CANDIDATE,38.513961127332294,CBI_ACTIVE,COST_DISADVANTAGE,-0.8680948022093122,-0.8633667916400887,-0.8545009359844576,Improving,-0.8633667916400887,21.442495126705655,C
01093,石药集团,2013-08-31,-6.896551724137923,2.91,-0.43565881032977133,0.4166666666666667,0.38551556635018763,T3,0.47690975137905867,-0.4653449111364585,↓,↓,VP_DECLINE_SILENT,31.260517884984885,CBI_ACTIVE,COST_DISADVANTAGE,-0.872378095184599,-0.8739788336057441,-0.8645353541924261,Deteriorating,-0.8739788336057441,-2.3699490460955057,C
01093,石药集团,2013-09-30,18.518518518518512,3.7399999999999998,-0.3049149077545397,0.6666666666666666,0.49199736899802665,T3,0.5980959595661715,-0.3167848313955035,↓,↓,VP_LOCKED_CANDIDATE,35.495633379221154,CBI_ACTIVE,COST_DISADVANTAGE,-0.8468864126629388,-0.845330705914595,-0.8481559237818732,Improving,-0.845330705914595,4.951475539710833,C
01093,石药集团,2013-10-31,112.5,20.91,2.530137970781354,0.9166666666666666,2.9638554216867465,T5,3.100610303030272,6.60455637824939,↑↑,↑↑,VP_OVERHEAT,17.243308566845275,CBI_TURBULENT,COST_DISADVANTAGE,-0.7075278000457242,-0.6876380652365306,-0.6773313380364807,Deteriorating,-0.6876380652365306,5.380200860832137,C
01093,石药集团,2013-11-30,16.176470588235283,3.37,-0.5443732900632713,0.4166666666666667,0.5151592356687898,T2,0.7082730351800249,0.7066097534632925,↓,↓,VP_LOCKED_CANDIDATE,32.64972749098612,CBI_ACTIVE,COST_DISADVANTAGE,-0.6886151218721261,-0.6854791974954118,-0.6251349368364996,Improving,-0.6854791974954118,4.8001396404259,C
01093,石药集团,2013-12-31,70.88607594936708,3.17,-0.5940846425423547,0.25,0.5147496617050067,T2,0.6793144551437283,0.2335990755049857,↓,↓,VP_LOCKED_CANDIDATE,39.44115853124711,CBI_ACTIVE,COST_DISADVANTAGE,-0.5328615655811313,-0.5160822696050396,-0.41809140948040857,Improving,-0.5160822696050396,22.361538154374475,C
01093,石药集团,2014-01-31,11.851851851851848,5.61,-0.22377402946601466,0.75,0.847645429362881,T3,1.06349558998821,-0.6246343369082534,→,↓,VP_NEUTRAL,25.04041482056686,CBI_TURBULENT,COST_DISADVANTAGE,-0.5473759645620437,-0.537888812987062,-0.34912446541882736,Stable,-0.537888812987062,2.112629563609955,C
01093,石药集团,2014-02-28,19.867549668874183,5.95,-0.20896719329249783,0.75,0.8350877192982455,T3,1.002165460613755,0.7625378187150758,→,↓,VP_NEUTRAL,26.638669108863073,CBI_TURBULENT,COST_DISADVANTAGE,-0.5022510961979905,-0.4830776751336323,-0.2198114453033626,Stable,-0.4830776751336323,3.3390839779620474,C
01093,石药集团,2014-03-31,-3.8674033149171283,8.43,0.10316460023942016,0.8333333333333334,1.0661888701517706,T3,1.2208512409708834,1.6628230017160996,↑,→,VP_NEUTRAL,25.54178681284395,CBI_TURBULENT,COST_DISADVANTAGE,-0.5235083681475585,-0.5520168926694634,-0.5163154094041695,Stable,-0.5520168926694634,-0.45876670402338415,C
01093,石药集团,2014-04-30,-12.643678160919535,3.89,-0.4804988842784905,0.5,0.7672583826429978,T3,0.764988397297336,-0.30843535494104823,↓,↓,VP_DECLINE_SILENT,47.475709119266114,CBI_ACTIVE,COST_DISADVANTAGE,-0.5730597630449898,-0.5552141301462016,-0.5774709323530676,Deteriorating,-0.5552141301462016,-3.250302869130986,C
01093,石药集团,2014-05-31,-8.552631578947379,15.87,1.9772050984489793,0.9166666666666666,2.2185461323392355,T5,2.2942336287417793,1.8149793751711445,↑↑,↑↑,VP_PANIC,30.026193695242142,CBI_ACTIVE,COST_DISADVANTAGE,-0.5732792475246478,-0.5727967442001578,-0.613608286822871,Deteriorating,-0.5727967442001578,-0.5389181839286313,C
01093,石药集团,2014-06-30,2.877697841726623,4.7700000000000005,-0.3853974808157925,0.5833333333333334,0.6428571428571428,T3,0.6612831367185968,-0.4039172770435673,↓,↓,VP_LOCKED_CANDIDATE,41.62247513127123,CBI_ACTIVE,COST_DISADVANTAGE,-0.5465985566630444,-0.556231358964373,-0.5630012028491133,Improving,-0.556231358964373,0.603290952143946,C
01093,石药集团,2014-07-31,-5.594405594405583,5.68,-0.2612972412290122,0.6666666666666666,0.7642969275622336,T3,0.7841446694556349,0.5521215430405044,↓,↓,VP_DECLINE_SILENT,40.1229924650258,CBI_ACTIVE,COST_DISADVANTAGE,-0.5948395291766679,-0.5854935020237699,-0.5874486880044076,Deteriorating,-0.5854935020237699,-0.9849305623953492,C
01093,石药集团,2014-08-31,17.037037037037027,18.73,2.0676250206489373,0.9166666666666666,1.9588635175178664,T5,1.927925446430229,0.1342780986356198,↑↑,↑↑,VP_OVERHEAT,29.13660279663698,CBI_TURBULENT,COST_DISADVANTAGE,-0.524982579351585,-0.5249194615411229,-0.5171621681829364,Deteriorating,-0.5249194615411229,0.9096122283522171,C
01093,石药集团,2014-09-30,-1.898734177215189,9.06,0.04797561608979223,0.75,0.9372413793103449,T3,0.955696838203138,0.9078699068014335,→,→,VP_NEUTRAL,36.15904449248093,CBI_ACTIVE,COST_DISADVANTAGE,-0.5651603424835169,-0.5552993829534306,-0.5384262129241187,Stable,-0.5552993829534306,-0.20957330874339833,C
01093,石药集团,2014-10-31,23.870967741935466,5.95,-0.3536131938304964,0.6666666666666666,0.5944055944055944,T3,0.6022097535517323,0.044995529120608335,↓,↓,VP_LOCKED_CANDIDATE,46.38714253066278,CBI_ACTIVE,COST_DISADVANTAGE,-0.4682579685267443,-0.4509725173984276,-0.42824408310600515,Improving,-0.4509725173984276,4.0119273515857925,C
01093,石药集团,2014-11-30,-6.249999999999989,6.1,-0.38275667723221335,0.6666666666666666,0.7277788824816066,T3,0.7419895607360961,-0.6587041332636024,↓,↓,VP_DECLINE_SILENT,48.04152696210224,CBI_ACTIVE,COST_DISADVANTAGE,-0.5092393511575741,-0.5138609816368637,-0.46397882791187983,Deteriorating,-0.5138609816368637,-1.0245901639344246,C
01093,石药集团,2014-12-31,-1.6666666666666718,5.41,-0.6090453616738495,0.25,0.637345376006283,T2,0.6473800117932716,-0.40297719219229244,↓,↓,VP_DECLINE_SILENT,62.99920325902177,CBI_STABLE,COST_DISADVANTAGE,-0.4724468176525314,-0.48654101460331445,-0.501920355488171,Deteriorating,-0.48654101460331445,-0.3080714725816399,C
01093,石药集团,2015-01-31,-8.47457627118644,4.07,-0.8970133512449624,0.16666666666666666,0.4951338199513382,T2,0.5048890812050302,-0.31215932340290087,↓,↓,VP_DECLINE_SILENT,65.4272576527558,CBI_STABLE,COST_DISADVANTAGE,-0.5286978307985615,-0.535507164305216,-0.5441304948535803,Deteriorating,-0.535507164305216,-2.08220547203598,C
01093,石药集团,2015-02-28,-6.790123456790131,4.62,-0.7212586571178659,0.25,0.78727634194831,T2,0.7892447647265901,-0.24220496801513114,↓,↓,VP_DECLINE_SILENT,62.912194777893234,CBI_STABLE,COST_DISADVANTAGE,-0.5466082787801838,-0.5324327494837189,-0.5750845970548805,Deteriorating,-0.5324327494837189,-1.4697236919459158,C
01093,石药集团,2015-03-31,7.284768211920545,4.77,-0.6029775106001792,0.3333333333333333,0.9256144890038809,T2,0.9210140573021143,-0.12216318268115678,→,→,VP_STABLE_ASCENT,59.9617525684249,CBI_STABLE,COST_DISADVANTAGE,-0.5135039284363513,-0.5189315268917731,-0.5173448329371585,Improving,-0.5189315268917731,1.527205075874328,C
01093,石药集团,2015-04-30,48.14814814814814,39.300000000000004,6.689006976938589,1.0,3.6688968414501324,T5,3.6653435348127683,8.608605021146186,↑↑,↑↑,VP_OVERHEAT,23.12482848804909,CBI_TURBULENT,COST_DISADVANTAGE,-0.41769264496369707,-0.37567935947330944,-0.28495530805504965,Deteriorating,-0.37567935947330944,1.2251437187823953,C
01093,石药集团,2015-05-31,0.4166666666666874,6.21,-0.36083683292729,0.75,0.5787511649580616,T3,0.5773258330307013,0.3346755955032996,↓,↓,VP_SHRINK,28.251760081442328,CBI_TURBULENT,COST_DISADVANTAGE,-0.4171236224711844,-0.40677595028519475,-0.2819759551719456,Stable,-0.40677595028519475,0.06709608158883855,C
01093,石药集团,2015-06-30,-6.6390041493776035,5.76,-0.42065909238474547,0.5,0.5339100880580874,T3,0.5353874780521961,0.21527698199867973,↓,↓,VP_DECLINE_SILENT,36.933456239170134,CBI_ACTIVE,COST_DISADVANTAGE,-0.4379900902022086,-0.4300588663438464,-0.42043839791823534,Deteriorating,-0.4300588663438464,-1.152604887044723,C
01093,石药集团,2015-07-31,-13.33333333333333,6.48,-0.3499035685601192,0.75,0.579088471849866,T3,0.5783562428585016,-0.8353070357324326,↓,↓,VP_DECLINE_SILENT,29.136481633434393,CBI_TURBULENT,COST_DISADVANTAGE,-0.4699546358141862,-0.479980505150847,-0.4977132781958039,Deteriorating,-0.479980505150847,-2.0576131687242794,C
01093,石药集团,2015-08-31,0.0,4.91,-0.40983172701583825,0.3333333333333333,0.43689752335755594,T3,0.43558859515896675,-0.2104286628503802,↓,↓,VP_SHRINK,43.52457534485258,CBI_ACTIVE,COST_DISADVANTAGE,-0.43836460488155193,-0.4653514293441604,-0.4977132781958039,Stable,-0.4653514293441604,0.0,C
01093,石药集团,2015-09-30,-8.205128205128197,4.23,-0.43805105139933165,0.16666666666666666,0.37942891314097776,T3,0.38070256941079955,-0.2656356432187805,↓,↓,VP_DECLINE_SILENT,49.180144131645314,CBI_ACTIVE,COST_DISADVANTAGE,-0.4957731996728538,-0.49138929047748114,-0.5102648193062316,Deteriorating,-0.49138929047748114,-1.9397466205976823,C
01093,石药集团,2015-10-31,13.407821229050265,3.04,-0.5409551959928507,0.08333333333333333,0.5954946131243878,T2,0.6016271229141044,-0.5250259817468796,↓,↓,VP_LOCKED_CANDIDATE,51.39445728530805,CBI_STABLE,COST_DISADVANTAGE,-0.45793620836139837,-0.451778415622232,-0.4446020017830449,Improving,-0.451778415622232,4.410467509556009,C
01093,石药集团,2015-11-30,0.9852216748768461,4.49,-0.36115094388672525,0.3333333333333333,0.9318574887582152,T3,0.9322100683052006,-0.08032976536585301,→,→,VP_NEUTRAL,44.07749950473373,CBI_ACTIVE,COST_DISADVANTAGE,-0.4558561689103039,-0.44422748356379826,-0.4391301003227793,Stable,-0.44422748356379826,0.21942576277880757,C
01093,石药集团,2015-12-31,16.09756097560977,4.73,-0.3276704827943777,0.5,1.0179340028694404,T3,1.0169503864973652,0.11484605245809232,→,→,VP_STABLE_ASCENT,39.36476087965225,CBI_ACTIVE,COST_DISADVANTAGE,-0.4134907169351615,-0.4139670698404302,-0.37946763337259215,Improving,-0.4139670698404302,3.4032898468519597,C
01093,石药集团,2016-01-31,-30.252100840336137,5.33,-0.2739806832854274,0.6666666666666666,1.1964085297418627,T3,1.1951138295156891,0.7348226665120885,↑,↑,VP_SELLING_ACTIVE,34.82220949418299,CBI_ACTIVE,COST_DISADVANTAGE,-0.523349970076848,-0.562622458488818,-0.56719171067164,Deteriorating,-0.562622458488818,-5.675816292745992,C
01093,石药集团,2016-02-29,-10.843373493975905,4.75,-0.3396183490596142,0.4166666666666667,1.0726383138878433,T3,1.0729245664852054,0.05896610969277094,→,→,VP_NEUTRAL,43.48952032773829,CBI_ACTIVE,COST_DISADVANTAGE,-0.5524592421989999,-0.5478742860643544,-0.6141227299964018,Stable,-0.5478742860643544,-2.28281547241598,C
01093,石药集团,2016-03-31,29.054054054054056,7.46,-0.06580843924542061,0.9166666666666666,1.5020134228187918,T3,1.4986311414370568,0.5764935397900786,↑,↑↑,VP_NEUTRAL,27.7601447550892,CBI_TURBULENT,COST_DISADVANTAGE,-0.4604960413385687,-0.4371203639454445,-0.45160303486130593,Stable,-0.4371203639454445,3.894645315556844,C
01093,石药集团,2016-04-30,-2.617801047120405,4.34,-0.7585840384739803,0.25,0.837299035369775,T2,0.8320931238922951,-0.19125794124525464,↓,↓,VP_DECLINE_SILENT,81.28526426923193,CBI_LOCKED_CANDIDATE,COST_DISADVANTAGE,-0.47454834216040354,-0.4875769565003033,-0.46595897635708317,Deteriorating,-0.4875769565003033,-0.6031799647742869,C
01093,石药集团,2016-05-31,4.3010752688172005,4.54,-0.4468237182969831,0.4166666666666667,0.874478330658106,T3,0.8722123794165104,-0.05043219540450883,↓,↓,VP_LOCKED_CANDIDATE,75.8130439536999,CBI_LOCKED_CANDIDATE,COST_DISADVANTAGE,-0.45685400937052634,-0.45412717353821097,-0.4429894699638395,Improving,-0.45412717353821097,0.9473734072284582,C
01093,石药集团,2016-06-30,-1.5463917525773252,3.23,-1.5239114945328858,0.16666666666666666,0.6536256323777403,T1,0.6577273292085348,-0.5643117764215693,↓,↓,VP_DECLINE_SILENT,79.90243623443422,CBI_LOCKED_CANDIDATE,COST_DISADVANTAGE,-0.4503579360410713,-0.46389344811253486,-0.4669830512578186,Deteriorating,-0.46389344811253486,-0.47875905652548767,C
01093,石药集团,2016-07-31,-5.235602094240832,2.95,-1.5342942035773721,0.08333333333333333,0.649064906490649,T1,0.6483849344641632,-0.3170928237536176,↓,↓,VP_DECLINE_SILENT,82.31361051637009,CBI_LOCKED_CANDIDATE,COST_DISADVANTAGE,-0.49606637471074677,-0.49888606452361617,-0.49488969778882275,Deteriorating,-0.49888606452361617,-1.7747803709290955,C
01093,石药集团,2016-08-31,23.756906077348084,4.39,-0.0606869189107177,0.5,0.9788182831661091,T3,0.9861664991313988,-0.02229240608491223,→,→,VP_STABLE_ASCENT,68.71906373425267,CBI_STABLE,COST_DISADVANTAGE,-0.4252967283287056,-0.4127094455545518,-0.37489111770550443,Improving,-0.4127094455545518,5.411595917391364,C
01093,石药集团,2016-09-30,5.357142857142838,3.16,-1.1009773751141385,0.25,0.8385670057496684,T2,0.8579416302666347,-0.0010205478822814529,↓,↓,VP_LOCKED_CANDIDATE,75.17870420638002,CBI_LOCKED_CANDIDATE,COST_DISADVANTAGE,-0.42272801368135215,-0.41415244669352236,-0.3827711909808442,Improving,-0.41415244669352236,1.6952983725135562,C
01093,石药集团,2016-10-31,5.932203389830515,3.63,-0.7249486021871029,0.3333333333333333,0.9945205479452054,T2,1.0079087465825496,0.26056952887131635,→,→,VP_STABLE_ASCENT,73.36305362231474,CBI_LOCKED_CANDIDATE,COST_DISADVANTAGE,-0.4176869303604275,-0.4197087708415913,-0.34615592264919937,Improving,-0.4197087708415913,1.6342158098706654,C
01093,石药集团,2016-11-30,6.000000000000005,5.83,1.1743232374027195,0.9166666666666666,1.5084087968952136,T4,1.5212865004027445,0.3496859793167042,↑↑,↑↑,VP_OVERHEAT,52.98279501976832,CBI_STABLE,COST_DISADVANTAGE,-0.3586120721961896,-0.3707670631632769,-0.3069252780081513,Deteriorating,-0.3707670631632769,1.0291595197255583,C
01093,石药集团,2016-12-31,-0.7547169811320753,3.7800000000000002,-0.5724509884419433,0.4166666666666667,0.9553496208930076,T2,0.9630402056646998,0.19554865260319243,→,→,VP_NEUTRAL,67.74507179678231,CBI_STABLE,COST_DISADVANTAGE,-0.3823081254258097,-0.39372379081421727,-0.38467077094201463,Stable,-0.39372379081421727,-0.19966057701906753,C
01093,石药集团,2017-01-31,9.505703422053235,3.64,-0.5775451505116518,0.4166666666666667,0.8939828080229227,T2,0.8950227661285899,0.0027066839220064587,↓,↓,VP_LOCKED_CANDIDATE,67.4740847798164,CBI_STABLE,COST_DISADVANTAGE,-0.37038359797444,-0.3502568960512116,-0.326179399358556,Improving,-0.3502568960512116,2.6114569840805593,C
01093,石药集团,2017-02-28,13.194444444444443,6.37,1.652060015036783,0.9166666666666666,1.4471790988262023,T5,1.4438555934507884,0.08986292433670418,↑,↑,VP_EXPANSION,48.7369136555553,CBI_ACTIVE,COST_DISADVANTAGE,-0.3478949856081147,-0.327800802981395,-0.23727251455169884,Stable,-0.327800802981395,2.0713413570556427,C
01093,石药集团,2017-03-31,11.042944785276077,6.3,2.046467839439609,0.9166666666666666,1.2791878172588833,T5,1.2799804703166882,0.6626127804052777,↑,↑,VP_EXPANSION,52.99091089326514,CBI_STABLE,COST_DISADVANTAGE,-0.30795200243301857,-0.29674232429642455,-0.25694782239564506,Stable,-0.29674232429642455,1.7528483786152504,C
01093,石药集团,2017-04-30,8.83977900552486,4.15,-0.16311778646919578,0.5833333333333334,0.8280678417026938,T3,0.8286066357458878,0.1420054751447566,↓,↓,VP_LOCKED_CANDIDATE,62.71720929676903,CBI_STABLE,COST_DISADVANTAGE,-0.3001635704675162,-0.27469459940555496,-0.19126365199967998,Improving,-0.27469459940555496,2.1300672302469543,C
01093,石药集团,2017-05-31,12.944162436548234,4.92,0.5030723658162943,0.75,1.0123456790123455,T4,1.01430446438724,-0.22416365079869194,→,→,VP_STABLE_ASCENT,57.27718084677082,CBI_STABLE,COST_DISADVANTAGE,-0.24815558991224695,-0.24142409975907209,-0.08657950543111059,Stable,-0.24142409975907209,2.6309273245016738,C
01093,石药集团,2017-06-30,-3.146067415730347,3.98,-0.4154875899359725,0.5,0.8133514986376021,T3,0.8141795844934411,-0.3678052832109824,↓,↓,VP_DECLINE_SILENT,66.01809542176191,CBI_STABLE,COST_DISADVANTAGE,-0.28950063579507257,-0.28996170019486334,-0.25567402968455333,Deteriorating,-0.28996170019486334,-0.790469199932248,C
01093,石药集团,2017-07-31,9.512761020881676,3.49,-0.9887863638858311,0.16666666666666666,0.7168777815816502,T2,0.7174551298945804,-0.15859576686464794,↓,↓,VP_LOCKED_CANDIDATE,77.15254888878293,CBI_LOCKED_CANDIDATE,COST_DISADVANTAGE,-0.26169429143147227,-0.23024729273755062,-0.18486807891208612,Improving,-0.23024729273755062,2.725719490223976,C
01093,石药集团,2017-08-31,0.4237288135593209,4.1,-0.33561709191980793,0.5833333333333334,0.9131403118040088,T3,0.9116853010723188,-0.16919768042879046,→,→,VP_NEUTRAL,64.7061135291531,CBI_STABLE,COST_DISADVANTAGE,-0.2749109225717018,-0.2622306079295438,-0.18141413009391694,Stable,-0.2622306079295438,0.1033484911120295,C
01093,石药集团,2017-09-30,9.493670886075956,4.2700000000000005,-0.27765327602166817,0.6666666666666666,1.0285026093938179,T3,1.0242625816547604,0.06732384489439802,→,→,VP_STABLE_ASCENT,62.65838172941574,CBI_STABLE,COST_DISADVANTAGE,-0.2295114582915866,-0.21186345043647425,-0.188547654465542,Improving,-0.21186345043647425,2.2233421278866405,C
01093,石药集团,2017-10-31,4.816955684007707,6.55,1.8945054259081129,1.0,1.439033321127792,T5,1.4479781001543919,0.8898678230607129,↑,↑,VP_EXPANSION,50.7066585563693,CBI_STABLE,COST_DISADVANTAGE,-0.23059104069641556,-0.21889279221461988,-0.14946035458430607,Stable,-0.21889279221461988,0.7354130815278942,C
01093,石药集团,2017-11-30,18.566176470588225,7.87,2.8613345756563566,1.0,1.5604758757435557,T5,1.5947527470111214,0.9821605423092556,↑↑,↑↑,VP_OVERHEAT,43.45630590971381,CBI_ACTIVE,COST_NEUTRAL,-0.22540489716487855,-0.19636800742675453,0.008452336935887095,Deteriorating,-0.19636800742675453,2.35910755661858,C
01093,石药集团,2017-12-31,2.325581395348819,5.05,-0.005864460425344554,0.6666666666666666,0.967124162144909,T3,0.9825592749778466,0.22337611785749023,→,→,VP_STABLE_ASCENT,54.17039518638923,CBI_STABLE,COST_DISADVANTAGE,-0.20249076277458555,-0.185558180229913,-0.14224869677918595,Improving,-0.185558180229913,0.4605111673958058,C
01093,石药集团,2018-01-31,12.424242424242426,8.290000000000001,2.3480166084650125,1.0,1.3766952670910604,T5,1.393881640066091,0.2958106381520793,↑,↑,VP_EXPANSION,40.64151432777444,CBI_ACTIVE,COST_DISADVANTAGE,-0.20091910028237037,-0.19047487328695845,-0.03567959546993327,Stable,-0.19047487328695845,1.4987023430931754,C
01093,石药集团,2018-02-28,4.986522911051217,6.3100000000000005,0.6044987683719523,0.75,0.9874804381846636,T4,0.9971894142098766,-0.19645794597570565,→,→,VP_STABLE_ASCENT,47.67440324360416,CBI_ACTIVE,COST_NEUTRAL,-0.15816491191794468,-0.11223077442123675,0.012406462437900334,Stable,-0.11223077442123675,0.790257196680066,C
01093,石药集团,2018-03-31,18.61360718870346,10.95,3.558009064152733,1.0,1.459351399378054,T5,1.4652441789378634,1.1742131681060064,↑,↑,VP_EXPANSION,32.6665277556954,CBI_ACTIVE,COST_DISADVANTAGE,-0.16759312555729156,-0.1179883152997675,-0.040568489112408845,Stable,-0.1179883152997675,1.6998728026213208,C
01093,石药集团,2018-04-30,-3.6796536796536827,7.78,0.8224409922929169,0.75,1.0092972972972973,T4,1.011526184364403,-0.05881737925503017,→,→,VP_NEUTRAL,39.977404522243766,CBI_ACTIVE,COST_DISADVANTAGE,-0.15539884103755075,-0.19015377076650652,-0.07587224600654097,Stable,-0.19015377076650652,-0.47296319789893093,C
01093,石药集团,2018-05-31,26.292134831460668,15.21,4.046127073987228,1.0,1.7029296510543013,T5,1.7037998370948233,1.4098233947962595,↑↑,↑↑,VP_OVERHEAT,26.778933893066544,CBI_TURBULENT,COST_NEUTRAL,-0.096950360565766,-0.06051640571330241,0.16710066908836851,Deteriorating,-0.06051640571330241,1.7286084701815034,C
01093,石药集团,2018-06-30,-3.9145907473309594,13.040000000000001,1.7648366726825417,0.9166666666666666,1.2705423838908738,T5,1.2691670913542943,0.18989760532079236,↑,↑,VP_SELLING_ACTIVE,28.606789988499557,CBI_TURBULENT,COST_DISADVANTAGE,-0.10386710046902192,-0.14875410708425607,-0.1011040882721368,Deteriorating,-0.14875410708425607,-0.3001986769425582,C
01093,石药集团,2018-07-31,-15.462962962962957,11.23,0.9060723953662295,0.8333333333333334,1.0443273403595783,T4,1.0423619708102494,0.43784299431732654,→,→,VP_NEUTRAL,31.77205125002014,CBI_ACTIVE,COST_DISADVANTAGE,-0.1797099034823859,-0.1983680506330604,-0.24010003017820447,Stable,-0.1983680506330604,-1.3769334784472802,C
01093,石药集团,2018-08-31,-3.9430449069003393,12.99,1.2884222265866343,0.8333333333333334,1.0946629213483146,T4,1.0928174133719402,-0.14842091798048795,→,→,VP_NEUTRAL,32.126977640584336,CBI_ACTIVE,COST_DISADVANTAGE,-0.1681380933303127,-0.131259750845931,-0.2700632272358001,Stable,-0.131259750845931,-0.3035446425635365,C
01093,石药集团,2018-09-30,-18.92816419612314,13.48,1.247166681391405,0.9166666666666666,1.0969754509697545,T4,1.0976841453986181,0.034864053292137376,→,→,VP_NEUTRAL,30.633881196753496,CBI_ACTIVE,COST_DISADVANTAGE,-0.19050539682312273,-0.20476294237886383,-0.29373101278167446,Stable,-0.20476294237886383,-1.4041664833919243,C
01093,石药集团,2018-10-31,-0.5625879043600568,9.81,-0.12337392454982368,0.5,0.7769271383315735,T3,0.7783205986947965,-0.12361395207911163,↓,↓,VP_SHRINK,43.786864151614004,CBI_ACTIVE,COST_DISADVANTAGE,-0.19057899817095658,-0.15383440270556425,-0.297704396676011,Stable,-0.15383440270556425,-0.05734841023038295,C
01093,石药集团,2018-11-30,-5.233380480905236,10.79,0.13432954296653712,0.5,0.9074852817493692,T3,0.9067816465697869,-0.16892264102164445,→,→,VP_NEUTRAL,44.49464351551636,CBI_ACTIVE,COST_DISADVANTAGE,-0.20058522557042102,-0.2509765023474533,-0.3344581976986243,Stable,-0.2509765023474533,-0.4850213606028949,C
01093,石药集团,2018-12-31,-35.22388059701493,17.93,2.7276358151168623,1.0,1.4112554112554114,T5,1.4111995344151433,0.3285922451951002,↑,↑,VP_SELLING_ACTIVE,28.2899718696383,CBI_TURBULENT,COST_DISADVANTAGE,-0.2423808846069334,-0.3408020427612405,-0.4360842149550248,Deteriorating,-0.3408020427612405,-1.9645220634141067,C
01093,石药集团,2019-01-31,25.806451612903224,16.75,1.5930340181491154,0.9166666666666666,1.2293577981651376,T5,1.2275206453740481,0.7007225136494204,↑,↑,VP_EXPANSION,29.853585890729175,CBI_TURBULENT,COST_DISADVANTAGE,-0.18820964169936916,-0.13359328708135876,-0.29055756074986994,Stable,-0.13359328708135876,1.5406836783822822,C
01093,石药集团,2019-02-28,-0.5494505494505586,10.65,-0.7159086485183564,0.25,0.8046845485455233,T2,0.8033741639364848,-0.014088932844774082,↓,↓,VP_SHRINK,51.589952613660216,CBI_STABLE,COST_DISADVANTAGE,-0.21315819617470777,-0.22316906404765424,-0.2944555961303652,Stable,-0.22316906404765424,-0.051591600887376396,C
01093,石药集团,2019-03-31,11.602209944751385,11.55,-0.3933394813236197,0.5,0.8944243675787301,T3,0.89395828361065,-0.3565453765347869,↓,↓,VP_LOCKED_CANDIDATE,44.35775034526546,CBI_ACTIVE,COST_DISADVANTAGE,-0.18916576476939895,-0.16924097326278642,-0.10678062415373502,Improving,-0.16924097326278642,1.0045203415369164,C
01093,石药集团,2019-04-30,4.455445544554459,9.23,-1.517743604955453,0.08333333333333333,0.7201560468140443,T1,0.7188106874948694,-0.44976241958095986,↓,↓,VP_LOCKED_CANDIDATE,56.953452140894676,CBI_STABLE,COST_DISADVANTAGE,-0.18696921438214908,-0.21293920810753808,-0.06698372126949548,Improving,-0.21293920810753808,0.48271349345118736,C
01093,石药集团,2019-05-31,-18.95734597156399,10.9,-0.6076583488912584,0.4166666666666667,0.8492403583950136,T2,0.8522000938383617,0.02814411595212918,↓,↓,VP_DECLINE_SILENT,47.85258993825389,CBI_ACTIVE,COST_DISADVANTAGE,-0.2397251554369486,-0.28108191163690255,-0.2438588451994489,Deteriorating,-0.28108191163690255,-1.7392060524370632,C
01093,石药集团,2019-06-30,-0.3898635477582735,8.96,-1.257344320904064,0.08333333333333333,0.7901234567901234,T2,0.7900202182555365,-0.22428141907131005,↓,↓,VP_SHRINK,57.21027328727171,CBI_STABLE,COST_DISADVANTAGE,-0.21033407421124717,-0.18070064824806642,-0.28492284085402886,Stable,-0.18070064824806642,-0.04351155666945016,C
01093,石药集团,2019-07-31,11.741682974559687,12.17,0.02679787872824554,0.6666666666666666,1.1506460762685156,T3,1.151248833017003,0.32242897524560754,↑,↑,VP_EXPANSION,41.37673776451526,CBI_ACTIVE,COST_DISADVANTAGE,-0.1938116755929843,-0.17316326686030314,-0.20096074780362128,Improving,-0.17316326686030314,0.9648055032505906,C
01093,石药集团,2019-08-31,17.513134851138346,17.52,1.9630114451186607,0.9166666666666666,1.494667993743779,T5,1.4932451214760674,0.6002181621332916,↑,↑,VP_EXPANSION,31.485165956377976,CBI_ACTIVE,COST_DISADVANTAGE,-0.1840431363987931,-0.0999871731098464,-0.061023926052942046,Stable,-0.0999871731098464,0.999608153603787,C
01093,石药集团,2019-09-30,0.5961251862891315,10.96,-0.44533805177353614,0.5833333333333334,0.9429308861485517,T3,0.9442403998067,0.2257721473344223,→,→,VP_NEUTRAL,41.220282777338674,CBI_ACTIVE,COST_DISADVANTAGE,-0.1679352947889624,-0.17470504711047952,-0.09833911329422218,Stable,-0.17470504711047952,0.0543909841504682,C
01093,石药集团,2019-10-31,33.92592592592592,12.69,0.0631718805704947,0.75,1.0401639344262295,T3,1.0398646609920383,0.04249240885900418,→,→,VP_STABLE_ASCENT,36.12194608942297,CBI_ACTIVE,COST_NEUTRAL,-0.009170435632820606,-0.0004049918525497187,0.20755769123262668,Improving,-0.0004049918525497187,2.6734378192219004,C
01093,石药集团,2019-11-30,-13.38495575221238,14.5,0.5938654508055703,0.75,1.1328125,T4,1.1326632985563085,-0.1715746388251067,↑,↑,VP_SELLING_ACTIVE,36.07970785745862,CBI_ACTIVE,COST_NEUTRAL,-0.2019262112852649,-0.2532540461559022,0.04592662857870233,Deteriorating,-0.2532540461559022,-0.923100396704302,C
01093,石药集团,2019-12-31,5.108556832694777,9.89,-0.915205523030861,0.25,0.7634118101119259,T2,0.7632717533977202,-0.09916686380076756,↓,↓,VP_LOCKED_CANDIDATE,52.27099517938759,CBI_STABLE,COST_DISADVANTAGE,-0.15176746115995,-0.11333757266276057,-0.14900011248993839,Improving,-0.11333757266276057,0.5165375968346589,C
01093,石药集团,2020-01-31,-8.140947752126381,11.51,-0.09220837872084148,0.5833333333333334,0.8960685091475281,T3,0.8953643372723438,-0.09407133397220369,↓,↓,VP_DECLINE_SILENT,45.20710419660919,CBI_ACTIVE,COST_DISADVANTAGE,-0.18774058635182223,-0.21260241133129287,-0.21827956870278675,Deteriorating,-0.21260241133129287,-0.7072934623915188,C
01093,石药集团,2020-02-29,3.1746031746031855,9.89,-0.814720754635458,0.3333333333333333,0.8545506912442398,T2,0.8519557732142915,-0.3201888519988759,↓,↓,VP_LOCKED_CANDIDATE,52.72528925018395,CBI_STABLE,COST_DISADVANTAGE,-0.17318351004461063,-0.20513054418427412,-0.19346304707430373,Improving,-0.20513054418427412,0.32099122089010973,C
01093,石药集团,2020-03-31,-15.000000000000002,15.0,1.383209854471057,0.9166666666666666,1.224823081110506,T4,1.2251639193565942,0.516250551758678,↑,↑,VP_SELLING_ACTIVE,33.9947026986476,CBI_ACTIVE,COST_DISADVANTAGE,-0.18332225308144623,-0.21111601666101054,-0.2765879945135761,Deteriorating,-0.21111601666101054,-1.0000000000000002,C
01093,石药集团,2020-04-30,-0.9049773755656076,10.76,-0.5777125514278154,0.3333333333333333,0.9023060796645703,T2,0.9021310969461855,-0.06531964791460843,→,→,VP_NEUTRAL,52.166068944589504,CBI_STABLE,COST_DISADVANTAGE,-0.20031408866845968,-0.2046569997991905,-0.2831347094953537,Stable,-0.2046569997991905,-0.08410570404884829,C
01093,石药集团,2020-05-31,-1.82648401826484,13.34,0.47509523380361995,0.75,1.1370933371217502,T3,1.1367914181702372,0.35150971181616897,↑,↑,VP_SELLING_ACTIVE,40.10248478125678,CBI_ACTIVE,COST_DISADVANTAGE,-0.21273507419947402,-0.20796123877234174,-0.2962281394589088,Deteriorating,-0.20796123877234174,-0.1369178424486387,C
01093,石药集团,2020-06-30,20.93023255813953,13.33,0.3376745333866563,0.6666666666666666,1.0832994717594475,T3,1.0831384535660498,-0.1123377130187182,→,→,VP_STABLE_ASCENT,43.79320491186941,CBI_ACTIVE,COST_DISADVANTAGE,-0.1317378821951669,-0.08317307260679774,-0.06101380090245956,Improving,-0.08317307260679774,1.5701599818559286,C
01093,石药集团,2020-07-31,13.076923076923075,15.85,1.4015909623624088,0.9166666666666666,1.2165792503517971,T4,1.2186546998878163,0.4756675918090898,↑,↑,VP_EXPANSION,35.14252194749831,CBI_ACTIVE,COST_NEUTRAL,-0.1047911466295881,-0.09791592819363593,0.061776702056449695,Stable,-0.09791592819363593,0.8250424654210142,C
01093,石药集团,2020-08-31,6.689342403628107,10.22,-1.1646204104672466,0.25,0.7811464968152866,T2,0.7817429380838287,-0.23263064517914445,↓,↓,VP_LOCKED_CANDIDATE,57.6995116858969,CBI_STABLE,COST_NEUTRAL,-0.10352145269381186,-0.07400769828777998,0.13280258121895594,Improving,-0.07400769828777998,0.6545344817640026,C
01093,石药集团,2020-09-30,-14.34643995749203,7.69,-2.336426156566182,0.08333333333333333,0.6481247366203119,T1,0.6489884364384265,-0.4217124629268234,↓,↓,VP_DECLINE_SILENT,59.92988959877824,CBI_STABLE,COST_DISADVANTAGE,-0.15878045110044792,-0.1873380487792322,-0.18797702543955142,Deteriorating,-0.1873380487792322,-1.8655968735360247,C
01093,石药集团,2020-10-31,-14.888337468982627,6.49,-2.2476271467204683,0.08333333333333333,0.5818888224745965,T1,0.5805392358516623,-0.591998922711954,↓,↓,VP_DECLINE_SILENT,56.91199548048635,CBI_STABLE,COST_DISADVANTAGE,-0.17657241536515889,-0.24167976534312274,-0.3088737462177821,Deteriorating,-0.24167976534312274,-2.2940427533101118,C
01093,石药集团,2020-11-30,-8.746355685131203,14.43,1.1414049710462804,0.8333333333333334,1.2730480811645346,T4,1.272976430999474,0.4110438626510098,↑,↑,VP_SELLING_ACTIVE,35.71940623401842,CBI_ACTIVE,COST_DISADVANTAGE,-0.19275012208702624,-0.21800330556419434,-0.36932210660689735,Deteriorating,-0.21800330556419434,-0.6061230551026474,C
01093,石药集团,2020-12-31,5.7507987220447365,16.2,1.5747178007123972,1.0,1.371331828442438,T5,1.371220775172375,1.1043329465419904,↑,↑,VP_EXPANSION,30.387539326809012,CBI_ACTIVE,COST_DISADVANTAGE,-0.1375868348560947,-0.13368829371342505,-0.17539047359980808,Stable,-0.13368829371342505,0.3549875754348603,C
01093,石药集团,2021-01-31,-0.151057401812682,11.74,-0.11730732763207947,0.5,1.0549648045529432,T3,1.0561511123384384,0.8160201172758488,→,→,VP_NEUTRAL,44.662046936881005,CBI_ACTIVE,COST_DISADVANTAGE,-0.2024432939885692,-0.20487789172174176,-0.17663610732548818,Stable,-0.20487789172174176,-0.012866899643328962,C
01093,石药集团,2021-02-28,2.7231467473525006,10.05,-0.7250690961713409,0.25,0.9054054054054054,T2,0.9049752953018494,-0.3037404886864776,→,→,VP_STABLE_ASCENT,51.79883364876139,CBI_STABLE,COST_DISADVANTAGE,-0.18762217295757078,-0.19206666014205076,-0.15421470026324735,Improving,-0.19206666014205076,0.2709598753584578,C
01093,石药集团,2021-03-31,19.14580265095729,15.56,1.2435140000479898,0.8333333333333334,1.2536591916207869,T4,1.2539042672027387,-0.03946168778147541,↑,↑,VP_EXPANSION,34.49965452002815,CBI_ACTIVE,COST_DISADVANTAGE,-0.11214915437333606,-0.11482938549899846,-0.06816635490792033,Stable,-0.11482938549899846,1.2304500418353013,C
01093,石药集团,2021-04-30,2.71940667490731,5.99,-1.9855624798053146,0.08333333333333333,0.4858726510747601,T1,0.4843016499383622,-0.49214218449344704,↓,↓,VP_LOCKED_CANDIDATE,54.892014509721356,CBI_STABLE,COST_DISADVANTAGE,-0.14601139309970057,-0.1355920397337802,-0.042826008564254336,Improving,-0.1355920397337802,0.4539910976472971,C
01093,石药集团,2021-05-31,31.88929001203369,10.02,-0.43679294611474795,0.3333333333333333,0.8642898217366302,T3,0.8658454842970291,-0.0005433677034449858,↓,↓,VP_LOCKED_CANDIDATE,46.850152254554224,CBI_ACTIVE,COST_NEUTRAL,-0.05786746171173185,0.009001926538362515,0.26240998148444916,Improving,0.009001926538362515,3.182563873456456,C
01093,石药集团,2021-06-30,-8.576642335766438,8.01,-0.9155199085210582,0.3333333333333333,0.7831187876812775,T2,0.7816237436532163,-0.4862911678403412,↓,↓,VP_DECLINE_SILENT,46.69639154430376,CBI_ACTIVE,COST_DISADVANTAGE,-0.12760857921377966,-0.15502653436084768,-0.07933296786216748,Deteriorating,-0.15502653436084768,-1.0707418646400049,C
01093,石药集团,2021-07-31,-7.584830339321358,9.91,-0.19847730109508163,0.4166666666666667,0.9986563654685925,T3,0.9988995227774273,0.6598521858942559,→,→,VP_NEUTRAL,45.452865562811795,CBI_ACTIVE,COST_DISADVANTAGE,-0.08964822152413143,-0.1081714957939982,-0.1491640002398873,Stable,-0.1081714957939982,-0.7653713763190069,C
01093,石药集团,2021-08-31,-6.5874730021598165,7.65,-0.8567713696945536,0.25,0.8032901645082254,T2,0.8024585239119386,-0.23918445633659646,↓,↓,VP_DECLINE_SILENT,49.54204252156199,CBI_ACTIVE,COST_DISADVANTAGE,-0.1501429971445014,-0.17544815269211367,-0.20521259201674136,Deteriorating,-0.17544815269211367,-0.8611075819816754,C
01093,石药集团,2021-09-30,-5.202312138728338,5.24,-1.5653856782717757,0.08333333333333333,0.671507902605724,T1,0.6706708772939083,-0.3458914911579709,↓,↓,VP_DECLINE_SILENT,54.036077950995534,CBI_STABLE,COST_DISADVANTAGE,-0.13084890802990756,-0.14699258339271914,-0.19940422162465388,Deteriorating,-0.14699258339271914,-0.99280766006266,C
01093,石药集团,2021-10-31,-14.634146341463406,5.7700000000000005,-1.3167723809818184,0.16666666666666666,0.7429184549356224,T2,0.7424504871816928,-0.41839994673582537,↓,↓,VP_DECLINE_SILENT,51.0759042674227,CBI_STABLE,COST_DISADVANTAGE,-0.16514482162429844,-0.20047496566974032,-0.31656457943568006,Deteriorating,-0.20047496566974032,-2.5362471995603824,C
01093,石药集团,2021-11-30,-0.8571428571428563,5.5200000000000005,-1.1693687153440906,0.16666666666666666,0.7866983372921615,T2,0.7860052585752036,-0.2789860089109688,↓,↓,VP_SHRINK,52.38732183662367,CBI_STABLE,COST_DISADVANTAGE,-0.15037524998222251,-0.15355767958052435,-0.32242259732623135,Stable,-0.15355767958052435,-0.1552795031055899,C
01093,石药集团,2021-12-31,5.619596541786742,5.84,-0.9370339565786215,0.3333333333333333,0.8775356874530427,T2,0.8807909292686674,0.12028403412408828,↓,↓,VP_LOCKED_CANDIDATE,50.00894182624524,CBI_STABLE,COST_DISADVANTAGE,-0.11310469457166172,-0.11281424519736372,-0.1281822371199851,Improving,-0.11281424519736372,0.9622596818127983,C
01093,石药集团,2022-01-31,13.369713506139158,7.37,-0.26067506553728365,0.5,1.1826691628777748,T3,1.1814069642661948,0.2761067372232524,↑,↑,VP_EXPANSION,45.84318482400866,CBI_ACTIVE,COST_DISADVANTAGE,-0.09752688115479025,-0.1051926357272126,-0.011622699927295477,Improving,-0.1051926357272126,1.8140723888926944,C
01093,石药集团,2022-02-28,-2.4067388688327473,3.63,-1.470006903492373,0.08333333333333333,0.6526820497452801,T2,0.6531619973722171,-0.34097034589192365,↓,↓,VP_DECLINE_SILENT,57.72259713257353,CBI_STABLE,COST_DISADVANTAGE,-0.1282122562563598,-0.14124731777459776,-0.03541036057886493,Deteriorating,-0.14124731777459776,-0.6630134624883601,C
01093,石药集团,2022-03-31,-2.4660912453760675,8.98,1.1459856803726043,0.8333333333333334,1.451899757477769,T4,1.4493091569965617,0.5283837628948407,↑,↑,VP_SELLING_ACTIVE,43.52500039676547,CBI_ACTIVE,COST_DISADVANTAGE,-0.12294037555248039,-0.09324165670728335,-0.12716581271031457,Deteriorating,-0.09324165670728335,-0.27462040594388276,C
01093,石药集团,2022-04-30,-12.01011378002529,4.69,-1.2185159033472077,0.16666666666666666,0.7810158201498751,T2,0.7811307364234334,-0.36293346644448976,↓,↓,VP_DECLINE_SILENT,60.93578600557901,CBI_STABLE,COST_DISADVANTAGE,-0.12974832351588128,-0.18347294931911562,-0.23199419171476476,Deteriorating,-0.18347294931911562,-2.5607918507516607,C
01093,石药集团,2022-05-31,5.747126436781613,5.43,-0.6379596849031901,0.3333333333333333,0.9065108514190318,T2,0.9061505846084542,0.4938954282807113,→,→,VP_STABLE_ASCENT,58.30375721817168,CBI_STABLE,COST_DISADVANTAGE,-0.03679327687652123,-0.06314577565496071,-0.18785592687078567,Improving,-0.06314577565496071,1.0584026587074795,C
01093,石药集团,2022-06-30,-8.288043478260876,7.75,0.7665834294713735,0.8333333333333334,1.2285336856010567,T4,1.226060590987864,-0.1381757379600872,↑,↑,VP_SELLING_ACTIVE,44.04519490837215,CBI_ACTIVE,COST_DISADVANTAGE,-0.09888083561989347,-0.09691861991447592,-0.14191957671422928,Deteriorating,-0.09691861991447592,-1.0694249649368872,C
01093,石药集团,2022-07-31,11.851851851851848,6.3,0.08663376958193378,0.6666666666666666,1.0277324632952691,T3,1.028907763619708,0.3432642747519916,→,→,VP_STABLE_ASCENT,54.60908390643003,CBI_STABLE,COST_DISADVANTAGE,-0.11102366437281852,-0.08898589908872512,-0.04022115617665645,Improving,-0.08898589908872512,1.8812463256907694,C
01093,石药集团,2022-08-31,-7.947019867549665,4.78,-0.8874736981737771,0.25,0.7561297126285264,T2,0.7531503711148121,-0.12451980025233189,↓,↓,VP_DECLINE_SILENT,66.65726383960896,CBI_STABLE,COST_DISADVANTAGE,-0.11893551520357748,-0.145909983340478,-0.11649497157983602,Deteriorating,-0.145909983340478,-1.6625564576463734,C
01093,石药集团,2022-09-30,-1.5827338129496438,4.86,-0.7859489741954534,0.3333333333333333,0.862466725820763,T2,0.8604246736365817,-0.37375896956724153,↓,↓,VP_DECLINE_SILENT,64.32034157589533,CBI_STABLE,COST_DISADVANTAGE,-0.08265817687506971,-0.09883360697017396,-0.14822384139731049,Deteriorating,-0.09883360697017396,-0.3256653936110378,C
01093,石药集团,2022-10-31,4.2397660818713545,6.6899999999999995,0.5136361455459166,0.75,1.120915945266685,T4,1.122662095932984,0.06105867247823271,↑,↑,VP_EXPANSION,52.2910010455895,CBI_STABLE,COST_DISADVANTAGE,-0.15181789488558295,-0.12341288040683107,-0.11211052473140692,Stable,-0.12341288040683107,0.6337467984860022,C
01093,石药集团,2022-11-30,26.928471248246865,13.83,5.190330892449175,1.0,1.8769509160823343,T5,1.8771681671893683,1.9030151031587939,↑↑,↑↑,VP_OVERHEAT,31.791078711910686,CBI_ACTIVE,COST_NEUTRAL,-0.06582950559963574,-0.05889706429139008,0.12698453733250603,Deteriorating,-0.05889706429139008,1.9471056578631138,C
01093,石药集团,2022-12-31,-19.779005524861894,14.18,2.755457703715971,1.0,1.680094786729858,T5,1.6802796488052474,1.9245660143418144,↑↑,↑↑,VP_PANIC,28.255993414237317,CBI_TURBULENT,COST_DISADVANTAGE,-0.1315097177839537,-0.16206295175629382,-0.18802168343923786,Deteriorating,-0.16206295175629382,-1.3948522937138148,C
01093,石药集团,2023-01-31,10.192837465564741,8.040000000000001,0.19328024998803955,0.75,0.9209621993127148,T3,0.9220091802737692,0.20098598265492296,→,→,VP_STABLE_ASCENT,35.18407556189934,CBI_ACTIVE,COST_DISADVANTAGE,-0.1438538754569323,-0.10691738273314821,-0.10525805337657057,Improving,-0.10691738273314821,1.2677658539259626,C
01093,石药集团,2023-02-28,-6.374999999999997,5.21,-0.7932761372699031,0.3333333333333333,0.591933345957205,T2,0.5926488485533083,-0.6226801971022836,↓,↓,VP_DECLINE_SILENT,47.70918022562069,CBI_ACTIVE,COST_DISADVANTAGE,-0.14204061053147587,-0.15060430612258469,-0.16229785247381423,Deteriorating,-0.15060430612258469,-1.2236084452975042,C
01093,石药集团,2023-03-31,-9.479305740987986,8.94,0.4584848448185741,0.8333333333333334,0.9428722095271576,T3,0.940800251698802,-0.37088458194941043,→,→,VP_NEUTRAL,33.45822708579579,CBI_ACTIVE,COST_DISADVANTAGE,-0.10846018643173072,-0.14725541498721695,-0.20422410901393762,Stable,-0.14725541498721695,-1.0603250269561506,C
01093,石药集团,2023-04-30,3.834808259587019,5.64,-0.6829328681553603,0.4166666666666667,0.6060171919770774,T2,0.6053356847530588,-0.30010304397701515,↓,↓,VP_LOCKED_CANDIDATE,45.95530336398877,CBI_ACTIVE,COST_DISADVANTAGE,-0.11349225052215683,-0.1071559307083908,-0.17370762941860185,Improving,-0.1071559307083908,0.679930542479968,C
01093,石药集团,2023-05-31,-16.47727272727273,5.3,-0.798916368979846,0.3333333333333333,0.672162333544705,T2,0.6686251440009515,0.009518644359186812,↓,↓,VP_DECLINE_SILENT,48.629610076426395,CBI_ACTIVE,COST_DISADVANTAGE,-0.21459553605285464,-0.21357368560289636,-0.30985807684394595,Deteriorating,-0.21357368560289636,-3.108919382504289,C
01093,石药集团,2023-06-30,1.7006802721088565,6.2,-0.43416237966624643,0.5,0.9458428680396644,T3,0.9430075532964605,-0.30842233740793046,→,→,VP_STABLE_ASCENT,44.4594956593309,CBI_ACTIVE,COST_DISADVANTAGE,-0.11912582012566597,-0.12086972075275793,-0.18834275188340777,Improving,-0.12086972075275793,0.27430326969497687,C
01093,石药集团,2023-07-31,-5.35117056856188,5.44,-0.6637166189239976,0.4166666666666667,0.8886468826572285,T2,0.8889124333549665,-0.03634248412777552,↓,↓,VP_DECLINE_SILENT,47.0554309867426,CBI_ACTIVE,COST_DISADVANTAGE,-0.11578205722187185,-0.12801791640662064,-0.2317759156622221,Deteriorating,-0.12801791640662064,-0.9836710603974044,C
01093,石药集团,2023-08-31,-10.424028268551233,9.31,0.5108882633215076,0.8333333333333334,1.3681116825863338,T4,1.369114530877162,0.7634907587867177,↑,↑,VP_SELLING_ACTIVE,34.795706699800185,CBI_ACTIVE,COST_DISADVANTAGE,-0.11238547976939273,-0.1428791793852664,-0.3118558113794109,Deteriorating,-0.1428791793852664,-1.1196593199303149,C
01093,石药集团,2023-09-30,-0.39447731755425375,5.5,-0.8247711026920448,0.3333333333333333,0.8825889275207275,T2,0.8827872996822849,-0.1112286411987613,↓,↓,VP_SHRINK,49.85588103331288,CBI_ACTIVE,COST_DISADVANTAGE,-0.11405415259797058,-0.1276762075411132,-0.16330630867247908,Stable,-0.1276762075411132,-0.07172314864622796,C
01093,石药集团,2023-10-31,21.584158415841582,9.13,0.3667073772180841,0.75,1.3400195694716244,T3,1.3408173552218656,0.6774117316392521,↑,↑,VP_EXPANSION,36.60388047125867,CBI_ACTIVE,COST_ADVANTAGE,-0.001414348410806232,0.029735372807117466,0.017286983119005672,Improving,0.029735372807117466,2.3640918308698335,C
01093,石药集团,2023-11-30,3.583061889250816,10.29,1.0453094593995458,0.9166666666666666,1.34597776324395,T4,1.3475562459229238,0.10616296408869719,↑,↑,VP_EXPANSION,34.76890046633506,CBI_ACTIVE,COST_NEUTRAL,-0.08434148026257748,-0.08740727166133877,0.053737005315452224,Stable,-0.08740727166133877,0.34820815250250886,C
01093,石药集团,2023-12-31,3.301886792452824,6.73,-0.24167663798059036,0.5833333333333334,0.8702586206896552,T3,0.8719007835267262,0.2272202741088074,↓,↓,VP_LOCKED_CANDIDATE,51.99921533242775,CBI_STABLE,COST_DISADVANTAGE,-0.07937837004437664,-0.04769950647853671,-0.004565016240538289,Improving,-0.04769950647853671,0.49062210883400054,C
01093,石药集团,2024-01-31,-23.135464231354653,8.85,0.9646835562378339,0.6666666666666666,1.06605099377635,T4,1.0668548425395268,-0.028932965141310052,→,→,VP_NEUTRAL,48.33331411017435,CBI_ACTIVE,COST_DISADVANTAGE,-0.1416887742844597,-0.19480242869512177,-0.2348635208545995,Stable,-0.19480242869512177,-2.6141767493056105,C
01093,石药集团,2024-02-29,7.524752475247531,4.7,-1.4824947170466458,0.08333333333333333,0.6238938053097345,T2,0.6254218323739956,-0.5420790404392479,↓,↓,VP_LOCKED_CANDIDATE,64.60188187821214,CBI_STABLE,COST_DISADVANTAGE,-0.13009635486302396,-0.10820874730056562,-0.17728889470108422,Improving,-0.10820874730056562,1.6010111649462833,C
01093,石药集团,2024-03-31,0.5524861878453136,8.13,0.5916613864253805,0.6666666666666666,1.0198620112899854,T4,1.0186481114842056,0.20502323788097376,→,→,VP_NEUTRAL,48.144327089895434,CBI_ACTIVE,COST_DISADVANTAGE,-0.1337196107467068,-0.13385492263623489,-0.12556268594048003,Stable,-0.13385492263623489,0.06795648066978026,C
01093,石药集团,2024-04-30,6.043956043956045,6.9,-0.1791297070682514,0.5833333333333334,0.9078947368421052,T3,0.9041439162531782,-0.22415628294120704,→,→,VP_STABLE_ASCENT,51.942037786874046,CBI_STABLE,COST_DISADVANTAGE,-0.07765435191931414,-0.06016897057902926,-0.07271207904677279,Improving,-0.06016897057902926,0.8759356585443543,C
01093,石药集团,2024-05-31,5.0086355785837755,8.43,0.5928531654749419,0.6666666666666666,1.1563786008230452,T4,1.155060750331327,0.7858016640517302,↑,↑,VP_EXPANSION,50.32489168261037,CBI_STABLE,COST_DISADVANTAGE,-0.10645531836997768,-0.09704651417345866,-0.026267606321999648,Stable,-0.09704651417345866,0.5941441967477789,C
01093,石药集团,2024-06-30,-6.743421052631582,7.25,-0.18991824313133138,0.5,0.9828287392679619,T3,0.9815400260416058,-0.10959316126451712,→,→,VP_NEUTRAL,55.73008736396383,CBI_STABLE,COST_DISADVANTAGE,-0.10958598664872798,-0.1483626433332237,-0.13228373365118684,Stable,-0.1483626433332237,-0.9301270417422872,C
01093,石药集团,2024-07-31,-7.054673721340398,6.25,-0.9223939833919897,0.25,0.9001440230436869,T2,0.9011919130892838,-0.09050630632330481,→,→,VP_NEUTRAL,64.97597651637803,CBI_STABLE,COST_DISADVANTAGE,-0.11320886289704879,-0.12608460932014842,-0.1934982850690926,Stable,-0.12608460932014842,-1.1287477954144638,C
01093,石药集团,2024-08-31,-18.9753320683112,13.21,3.602637990888603,1.0,1.5798285828184175,T5,1.5765923367378323,0.5622791409240788,↑↑,↑↑,VP_PANIC,35.03672882973624,CBI_ACTIVE,COST_DISADVANTAGE,-0.10926871292618667,-0.17447441719372103,-0.34653466361385676,Deteriorating,-0.17447441719372103,-1.4364369468819984,C
01093,石药集团,2024-09-30,28.805620608899307,17.689999999999998,4.395101265683741,1.0,1.7769964841788044,T5,1.7668397828879288,1.4190101753624416,↑↑,↑↑,VP_OVERHEAT,27.300532757807296,CBI_TURBULENT,COST_ADVANTAGE,0.021637112950761095,0.05619009724865198,0.031056763707133284,Deteriorating,0.05619009724865198,1.628356167829243,C
01093,石药集团,2024-10-31,-2.5454545454545396,27.740000000000002,5.370945378511123,1.0,2.0657813081792233,T5,2.051424003902826,3.3683660913315814,↑↑,↑↑,VP_PANIC,20.88441974418778,CBI_TURBULENT,COST_NEUTRAL,-0.15889503492418422,-0.18823187905064587,0.0048116824491335475,Deteriorating,-0.18823187905064587,-0.09176115881234821,C
01093,石药集团,2024-11-30,-12.686567164179118,12.08,0.2394277001220894,0.75,0.8606031821420089,T3,0.8545548317533909,-0.09786780403260342,↓,↓,VP_DECLINE_SILENT,28.23199414811352,CBI_TURBULENT,COST_DISADVANTAGE,-0.08120324651062516,-0.10547408623587395,-0.12266442651829401,Deteriorating,-0.10547408623587395,-1.0502125135909866,C
01093,石药集团,2024-12-31,-6.196581196581197,12.83,0.28487334549429477,0.75,0.8572383073496658,T3,0.850284796156811,-0.2822569318045838,↓,↓,VP_DECLINE_SILENT,28.39489762008571,CBI_TURBULENT,COST_DISADVANTAGE,-0.08348840485750586,-0.10003883515272172,-0.2520765461310891,Deteriorating,-0.10003883515272172,-0.48297593114428655,C
01093,石药集团,2025-01-31,-7.289293849658296,8.57,-0.44435842004416853,0.5833333333333334,0.5581849761181068,T3,0.5535068264227279,-0.6933767233948466,↓,↓,VP_DECLINE_SILENT,33.27649235942162,CBI_ACTIVE,COST_DISADVANTAGE,-0.09232246774303854,-0.08699290837082607,-0.30659488445410754,Deteriorating,-0.08699290837082607,-0.8505593756894161,C
01093,石药集团,2025-02-28,6.142506142506132,16.88,0.8504860598546248,0.8333333333333334,1.0573128719072973,T4,1.0446463338747805,0.3787986183474126,→,→,VP_STABLE_ASCENT,26.63343691702729,CBI_TURBULENT,COST_DISADVANTAGE,-0.12089800982122068,-0.10093142283315293,-0.2640024326392493,Stable,-0.10093142283315293,0.3638925439873301,C
01093,石药集团,2025-03-31,5.32407407407407,18.35,0.9542820958906979,0.9166666666666666,1.1415241057542769,T4,1.1321530707091536,0.4158094356578179,↑,↑,VP_EXPANSION,25.375578386472473,CBI_TURBULENT,COST_DISADVANTAGE,-0.06961191362396468,-0.07060017733666435,-0.04702602564977565,Stable,-0.07060017733666435,0.2901402765162981,C
01093,石药集团,2025-04-30,26.15384615384617,33.04,3.2309692544747035,1.0,1.9483046683046683,T5,1.942582507891796,2.828062049453722,↑↑,↑↑,VP_OVERHEAT,22.239549906130048,CBI_TURBULENT,COST_ADVANTAGE,-0.0556392550934488,0.03146914848106519,0.20221332148797533,Deteriorating,0.03146914848106519,0.7915813000558769,C
01093,石药集团,2025-05-31,34.32055749128919,35.34,2.453765077955172,1.0,1.6961843052555798,T5,1.69157800111372,1.0909635882345432,↑↑,↑↑,VP_OVERHEAT,20.477976514060494,CBI_TURBULENT,COST_ADVANTAGE,0.029823843505118353,0.15888734508397206,0.6148196356571933,Deteriorating,0.15888734508397206,0.9711532963013353,C
01093,石药集团,2025-06-30,-3.891050583657585,44.91,2.881891031686075,1.0,1.7153224266344131,T5,1.7120189250054094,1.4420682435714403,↑↑,↑↑,VP_PANIC,20.267048052396948,CBI_TURBULENT,COST_NEUTRAL,-0.047765436912692305,-0.10197398383754297,0.06344634487812884,Deteriorating,-0.10197398383754297,-0.08664107289373381,C
01093,石药集团,2025-07-31,29.959514170040503,34.1,1.1010611362836158,0.8333333333333334,1.120359215858066,T4,1.118818332580206,0.028624264052598214,↑,↑,VP_EXPANSION,24.443699618315772,CBI_TURBULENT,COST_ADVANTAGE,0.10041013506041607,0.08336828775762939,0.38204970326266974,Stable,0.08336828775762939,0.8785781281536804,C
01093,石药集团,2025-08-31,1.5576323987538832,33.63,0.8765346267356647,0.75,1.0120880774439485,T4,1.0114671825178474,-0.0490430630418508,→,→,VP_STABLE_ASCENT,26.763699364434043,CBI_TURBULENT,COST_NEUTRAL,-0.03078114633144713,-0.038957879077299196,0.4035769572075709,Stable,-0.038957879077299196,0.046316752862143415,C
01093,石药集团,2025-09-30,-7.157464212678932,31.75,0.572852809395032,0.5833333333333334,0.8953329886732152,T4,0.895307080939835,-0.2925136308003887,↓,↓,VP_DECLINE_SILENT,31.413598085319464,CBI_ACTIVE,COST_DISADVANTAGE,-0.039844869378882874,-0.11032054746175202,-0.06821559434026336,Deteriorating,-0.11032054746175202,-0.22543194370642305,C
01093,石药集团,2025-10-31,-17.400881057268723,25.67,0.007017784098787405,0.5,0.7498539435248296,T3,0.7501916305317167,-0.24639665036908764,↓,↓,VP_DECLINE_SILENT,34.07100580552762,CBI_ACTIVE,COST_DISADVANTAGE,-0.022647290338034698,-0.11728168997240995,-0.23035429047929246,Deteriorating,-0.11728168997240995,-0.6778683699754079,C
01093,石药集团,2025-11-30,3.4666666666666623,17.85,-0.8375908886039625,0.3333333333333333,0.5699537012399554,T2,0.5701557774239608,-0.4690221580229663,↓,↓,VP_LOCKED_CANDIDATE,39.92534694445098,CBI_ACTIVE,COST_NEUTRAL,-0.013913977223367069,0.010790210684972212,-0.20367323921590796,Improving,0.010790210684972212,0.19421101774042926,C
01093,石药集团,2025-12-31,6.70103092783505,21.82,-0.5351915696146203,0.4166666666666667,0.7943210775391336,T2,0.793648259749707,-0.3136510181283837,↓,↓,VP_LOCKED_CANDIDATE,38.035841275748545,CBI_ACTIVE,COST_ADVANTAGE,-0.03729075158315631,0.029319267852009112,0.019496102542450267,Improving,0.029319267852009112,0.307104992109764,C
01093,石药集团,2026-01-31,14.130434782608692,25.18,-0.38543138731244436,0.4166666666666667,0.969082745349583,T3,0.9698578248658957,-0.018575751002932073,→,→,VP_STABLE_ASCENT,39.23641471306004,CBI_ACTIVE,COST_NEUTRAL,-0.05071371608092534,-0.01870666730805659,0.1635553344234486,Improving,-0.01870666730805659,0.5611769174983595,C
01093,石药集团,2026-02-28,3.1746031746031855,14.81,-1.836656120895495,0.08333333333333333,0.6482346075284505,T1,0.6485000920084321,-0.16994384839878995,↓,↓,VP_LOCKED_CANDIDATE,48.661158905116935,CBI_ACTIVE,COST_NEUTRAL,-0.029160945289439577,-0.015314635417133182,0.2004935990083201,Improving,-0.015314635417133182,0.21435537978414487,C
01093,石药集团,2026-03-31,-8.20512820512821,18.86,-1.204144233056556,0.25,0.9111844754005958,T2,0.9115001656584197,-0.13421882116611994,→,→,VP_NEUTRAL,44.29401466894668,CBI_ACTIVE,COST_NEUTRAL,0.0529375427651948,0.008146949696030248,-0.05364539794576728,Stable,0.008146949696030248,-0.43505451776925824,C
01093,石药集团,2026-04-30,-7.709497206703908,13.52,-1.6209543762723957,0.08333333333333333,0.7240271331667261,T1,0.7236385023298535,-0.46374126443631647,↓,↓,VP_DECLINE_SILENT,48.891810789878114,CBI_ACTIVE,COST_DISADVANTAGE,-0.07004539931058062,-0.08737400955863539,-0.12660457955665227,Deteriorating,-0.08737400955863539,-0.5702290833360879,C
01093,石药集团,2026-05-31,-11.016949152542377,15.76,-1.0752701333229946,0.25,0.8600272851296044,T2,0.8604768302388807,0.06430271077501959,↓,↓,VP_DECLINE_SILENT,43.897195225383804,CBI_ACTIVE,COST_DISADVANTAGE,0.022682250292105577,-0.03542912764878259,-0.22282610892752952,Deteriorating,-0.03542912764878259,-0.6990449969887296,C
01093,石药集团,2026-06-30,-5.170068027210883,17.53,-0.7532817470922929,0.3333333333333333,0.9954571266325952,T2,0.9947966170173297,-0.07129711530278071,→,→,VP_NEUTRAL,43.15863412652518,CBI_ACTIVE,COST_DISADVANTAGE,0.03190555735347256,-0.022563686126196303,-0.11209653053872992,Stable,-0.022563686126196303,-0.29492686977814503,C
01093,石药集团,2026-07-31,23.098995695839307,20.66,-0.1281162012916894,0.5833333333333334,1.2256278425944236,T3,1.224930013711467,0.5280357466488883,↑,↑,VP_EXPANSION,37.41026357463761,CBI_ACTIVE,COST_ADVANTAGE,0.0051215265194557436,0.04277379313789931,0.09300025365533693,Improving,0.04277379313789931,1.1180540027027739,C
