stock_code,stock_name,week_end,w_volume_ratio,w_volume_breakout,w_volume_shrink,w_turnover_deviation,w_turnover_spike,w_vwap_deviation,w_ma_slope,w_breakout,w_breakdown,tactical_signal,data_quality
01093,石药集团,2010-01-08,,0,0,,0,-0.9189515468780907,,0,0,Consolidation,C
01093,石药集团,2010-01-15,,0,0,,0,-0.9690251773329819,,0,0,Consolidation,C
01093,石药集团,2010-01-22,,0,0,,0,-0.9818464964668357,加速,0,0,Consolidation,C
01093,石药集团,2010-01-29,,0,0,,0,-1.0334688166596728,加速,0,0,Consolidation,C
01093,石药集团,2010-02-05,,0,0,,0,-1.0277864326918453,减速,0,0,Consolidation,C
01093,石药集团,2010-02-12,,0,0,,0,-0.9809987248497787,加速,0,0,Consolidation,C
01093,石药集团,2010-02-19,,0,0,,0,-1.028314525283096,加速,0,0,Consolidation,C
01093,石药集团,2010-02-26,,0,0,-0.3033268101761253,0,-0.990791614312411,加速,0,0,Consolidation,C
01093,石药集团,2010-03-05,,0,0,-0.012195121951219523,0,-0.9680758934082212,加速,0,0,Consolidation,C
01093,石药集团,2010-03-12,0.5900882547981355,0,0,-0.41755537325676784,0,-0.9954228557863012,减速,0,0,Consolidation,C
01093,石药集团,2010-03-19,1.4353325063668008,0,0,0.435805991440799,0,-0.934494135630299,加速,0,0,Consolidation,C
01093,石药集团,2010-03-26,2.2702905083276947,1,0,1.27514450867052,1,-0.8597211662912909,加速,0,0,Consolidation,C
01093,石药集团,2010-04-02,1.0392348401290763,0,0,0.04359383306751741,0,-0.8490949785617287,减速,0,0,Consolidation,C
01093,石药集团,2010-04-09,1.5742597541357308,0,0,0.6318565400843881,0,-0.8013360047308296,加速,0,0,Consolidation,C
01093,石药集团,2010-04-16,2.2298996400664484,1,0,1.3003347680535629,0,-0.7787216619030778,平稳,0,0,Consolidation,C
01093,石药集团,2010-04-23,3.0391279572437786,1,0,2.0015841584158416,1,-0.715849934753564,加速,0,0,Consolidation,C
01093,石药集团,2010-04-30,1.9386992760443293,1,0,0.8306595365418894,0,-0.7246443587362763,减速,0,0,Consolidation,C
01093,石药集团,2010-05-07,1.2483512381210216,0,0,0.16256499133448865,0,-0.7746786429205057,减速,0,0,Consolidation,C
01093,石药集团,2010-05-14,1.0558806527275166,0,0,-0.06684227856437286,0,-0.7090422326077179,加速,0,0,Consolidation,C
01093,石药集团,2010-05-21,1.3493829364644625,0,0,0.12803398058252413,0,-0.8108490335473258,减速,0,0,Pullback,C
01093,石药集团,2010-05-28,1.185433763742223,0,0,-0.04942196531791909,0,-0.8631584211369389,减速,0,0,Consolidation,C
01093,石药集团,2010-06-04,0.6014867947811386,0,0,-0.5229702398150824,0,-0.8483853477829951,加速,0,0,Consolidation,C
01093,石药集团,2010-06-11,0.4423218817308219,0,1,-0.6565192418150487,0,-0.8409936885061815,加速,0,0,Consolidation,C
01093,石药集团,2010-06-18,0.6496647690226567,0,0,-0.4852983988355166,0,-0.834742211862772,加速,0,0,Pullback,C
01093,石药集团,2010-06-25,0.3968674475313351,0,1,-0.6696988707653702,0,-0.837270556430568,平稳,0,0,Consolidation,C
01093,石药集团,2010-07-02,0.2620096704424393,0,1,-0.7728890326755096,0,-0.8423609950104622,减速,0,0,Consolidation,C
01093,石药集团,2010-07-09,0.3307021328634058,0,1,-0.6973639164669634,0,-0.8571538544327794,减速,0,0,Consolidation,C
01093,石药集团,2010-07-16,0.4397039675701762,0,1,-0.5569859901552441,0,-0.9161495981483787,减速,0,0,Consolidation,C
01093,石药集团,2010-07-23,0.7011748822065076,0,0,-0.14986376021798364,0,-0.9047099519400382,加速,0,0,Consolidation,C
01093,石药集团,2010-07-30,0.752037252542422,0,0,0.04529262086513963,0,-0.8857587411344208,加速,0,0,Consolidation,C
01093,石药集团,2010-08-06,1.6261950784741963,0,0,1.2485465116279073,1,-0.9084165522591909,减速,0,0,Consolidation,C
01093,石药集团,2010-08-13,0.8835925487861094,0,0,0.19576979832759478,0,-0.9058380686527994,加速,0,0,Consolidation,C
01093,石药集团,2010-08-20,0.3537877751371854,0,1,-0.471718835804503,0,-0.9149808771254592,减速,0,0,Consolidation,C
01093,石药集团,2010-08-27,0.5325058261507404,0,0,-0.16229116945107402,0,-0.9812135019929465,减速,0,1,Breakdown,C
01093,石药集团,2010-09-03,0.7286193370401208,0,0,0.06342620035566093,0,-0.9286948532374328,加速,0,0,Consolidation,C
01093,石药集团,2010-09-10,1.0879673953686984,0,0,0.35766423357664223,0,-0.8897110158606855,加速,0,0,Consolidation,C
01093,石药集团,2010-09-17,1.235114698722691,0,0,0.40292841648589994,0,-0.914382379028954,减速,0,0,Consolidation,C
01093,石药集团,2010-09-24,1.437072649319153,0,0,0.48869914615770993,0,-0.9353451437052754,减速,0,0,Consolidation,C
01093,石药集团,2010-10-01,1.2947028887190808,0,0,0.23867351704810846,0,-0.9669484566287749,减速,0,0,Consolidation,C
01093,石药集团,2010-10-08,1.692916580769646,0,0,0.47840957674219764,0,-0.9292875904058601,加速,0,0,Consolidation,C
01093,石药集团,2010-10-15,2.5322791668106777,1,0,1.0498127340823968,0,-0.8736703337983659,加速,0,0,Consolidation,C
01093,石药集团,2010-10-22,1.741757809373546,0,0,0.39236479321314977,0,-0.8678868174768497,减速,0,0,Consolidation,C
01093,石药集团,2010-10-29,1.6151764976047245,0,0,0.308754208754209,0,-0.8957750254165926,减速,0,0,Consolidation,C
01093,石药集团,2010-11-05,1.5967683505402885,0,0,0.3787204926445431,0,-0.838129028594951,加速,0,0,Consolidation,C
01093,石药集团,2010-11-12,1.2803872548396773,0,0,0.12420701168614334,0,-0.8674602351151711,减速,0,0,Consolidation,C
01093,石药集团,2010-11-19,0.5668552394087344,0,0,-0.4952286936492267,0,-0.8853588453130907,减速,0,0,Pullback,C
01093,石药集团,2010-11-26,0.3953436722280592,0,1,-0.6461998008629273,0,-0.890434094896302,平稳,0,0,Consolidation,C
01093,石药集团,2010-12-03,0.6864180121284855,0,0,-0.3799271281881418,0,-0.9142462215201662,减速,0,0,Consolidation,C
01093,石药集团,2010-12-10,0.37357896383531525,0,1,-0.6560137457044674,0,-0.9317100117632008,减速,0,0,Consolidation,C
01093,石药集团,2010-12-17,0.295304837531377,0,1,-0.7185131721400217,0,-0.9308675005746813,加速,0,0,Consolidation,C
01093,石药集团,2010-12-24,0.6598705753598285,0,0,-0.3862869988759834,0,-0.9425739667281694,减速,0,0,Consolidation,C
01093,石药集团,2010-12-31,0.5780182852577381,0,0,-0.4591757387247277,0,-0.8873019196758806,加速,0,0,Consolidation,C
01093,石药集团,2011-01-07,0.8275619539382093,0,0,-0.17133576938692652,0,-0.8548597559706558,加速,0,0,Consolidation,C
01093,石药集团,2011-01-14,0.4428092798575986,0,1,-0.4922352941176471,0,-0.86283276834702,减速,0,0,Consolidation,C
01093,石药集团,2011-01-21,0.381238799036552,0,1,-0.5190274841437632,0,-0.8676374493229939,减速,0,0,Consolidation,C
01093,石药集团,2011-01-28,0.2888224421666632,0,1,-0.5890577507598784,0,-0.8865732749703044,减速,0,0,Pullback,C
01093,石药集团,2011-02-04,0.1266476529852309,0,1,-0.789240972733972,0,-0.8763132835753947,加速,0,0,Consolidation,C
01093,石药集团,2011-02-11,0.503887879583586,0,0,-0.09661016949152545,0,-0.8701484524971598,加速,0,0,Consolidation,C
01093,石药集团,2011-02-18,0.5753922440723345,0,0,0.005212858384013641,0,-0.8548479415030216,加速,0,0,Consolidation,C
01093,石药集团,2011-02-25,1.5725793384256972,0,0,1.3996948893974062,1,-0.8090043101528508,加速,0,0,Consolidation,C
01093,石药集团,2011-03-04,1.2667919778240313,0,0,0.7455489614243325,0,-0.7751601399559291,加速,0,0,Consolidation,C
01093,石药集团,2011-03-11,1.2773666636951364,0,0,0.5653979238754325,0,-0.8481757712212831,减速,0,0,Pullback,C
01093,石药集团,2011-03-18,1.053331482984334,0,0,0.16239316239316226,0,-0.8655868254740018,减速,0,0,Consolidation,C
01093,石药集团,2011-03-25,0.790684072073796,0,0,-0.19569603227975774,0,-0.8511690516770924,加速,0,0,Pullback,C
01093,石药集团,2011-04-01,1.2712750486998625,0,0,0.2128777923784495,0,-0.8399451129276064,加速,0,0,Consolidation,C
01093,石药集团,2011-04-08,0.6928385310139149,0,0,-0.3143650242886884,0,-0.8447905171129599,减速,0,0,Pullback,C
01093,石药集团,2011-04-15,1.397740738978926,0,0,0.3625576796308505,0,-0.8371302328599222,加速,0,0,Consolidation,C
01093,石药集团,2011-04-22,1.4816635065500012,0,0,0.3667285095856523,0,-0.8110407210945059,加速,0,0,Consolidation,C
01093,石药集团,2011-04-29,0.5225998515525462,0,0,-0.5199999999999999,0,-0.8348921096977623,减速,0,0,Pullback,C
01093,石药集团,2011-05-06,0.47784950346393484,0,1,-0.576342788171394,0,-0.8405601934877911,减速,0,0,Pullback,C
01093,石药集团,2011-05-13,0.48530902637830425,0,1,-0.5767813267813268,0,-0.8525634341993725,减速,0,0,Consolidation,C
01093,石药集团,2011-05-20,1.0952795025694848,0,0,-0.045153521974713895,0,-0.8946012143600159,减速,0,0,Consolidation,C
01093,石药集团,2011-05-27,1.0255667011657894,0,0,-0.04898758981058149,0,-0.9222111693161411,减速,0,1,Breakdown,C
01093,石药集团,2011-06-03,0.9300117798838167,0,0,-0.0784583620096353,0,-0.9303219644028472,加速,0,0,Consolidation,C
01093,石药集团,2011-06-10,0.6931437916011436,0,0,-0.26179941002949847,0,-0.9645424269909635,减速,0,1,Breakdown,C
01093,石药集团,2011-06-17,0.9561599879177543,0,0,0.06621519939804354,0,-1.1148081194741548,加速,0,1,Breakdown,C
01093,石药集团,2011-06-24,1.6090724075470908,0,0,0.7780879274249823,0,-0.989152956109614,加速,0,0,Consolidation,C
01093,石药集团,2011-07-01,0.48251117962366563,0,1,-0.44106745737583375,0,-0.9639352202701148,加速,0,0,Consolidation,C
01093,石药集团,2011-07-08,0.5869200307203891,0,0,-0.3224125093075205,0,-0.9645947653180317,减速,0,0,Consolidation,C
01093,石药集团,2011-07-15,0.591075206790933,0,0,-0.32345876701361087,0,-0.9946816456308423,减速,0,0,Consolidation,C
01093,石药集团,2011-07-22,0.8029137165064614,0,0,-0.06104901117798811,0,-0.994614842701798,加速,0,0,Consolidation,C
01093,石药集团,2011-07-29,0.48654742673522683,0,1,-0.4362532523850825,0,-1.0270423730388867,加速,0,0,Consolidation,C
01093,石药集团,2011-08-05,0.5676491791610386,0,0,-0.39115351257588893,0,-1.079098145621654,加速,0,0,Consolidation,C
01093,石药集团,2011-08-12,1.2593339557427,0,0,0.2978723404255319,0,-1.1302572004759481,加速,0,0,Consolidation,C
01093,石药集团,2011-08-19,0.8426519320527885,0,0,-0.12892281594571653,0,-1.1429980993553825,减速,0,0,Consolidation,C
01093,石药集团,2011-08-26,1.0519727921740467,0,0,0.12414383561643838,0,-1.170331906668169,减速,0,0,Consolidation,C
01093,石药集团,2011-09-02,2.0289269922715616,1,0,1.0293185419968305,1,-1.3898761942469224,加速,0,1,Breakdown,C
01093,石药集团,2011-09-09,1.534252888929229,0,0,0.4259954921111946,0,-1.5681259236946612,平稳,0,1,Breakdown,C
01093,石药集团,2011-09-16,0.9430128859371824,0,0,-0.1082317073170731,0,-1.6363553964884945,减速,0,0,Consolidation,C
01093,石药集团,2011-09-23,1.8766128209743629,1,0,0.9336384439359267,0,-1.9238635298961673,加速,0,1,Breakdown,C
01093,石药集团,2011-09-30,0.9248643577406013,0,0,-0.05699481865284994,0,-1.9437498510186084,减速,0,0,Consolidation,C
01093,石药集团,2011-10-07,0.716272599798856,0,0,-0.29003690036900365,0,-2.004640200904612,减速,0,0,Consolidation,C
01093,石药集团,2011-10-14,4.915367334249513,1,0,3.3108808290155443,1,-1.7233252723975103,减速,0,0,Consolidation,C
01093,石药集团,2011-10-21,2.92335295088458,1,0,1.4514285714285715,0,-1.823620931555832,加速,0,0,Consolidation,C
01093,石药集团,2011-10-28,1.9234420296691523,1,0,0.5626729932779755,0,-1.6763641408370467,减速,0,0,Consolidation,C
01093,石药集团,2011-11-04,1.231224024450447,0,0,-0.02354260089686122,0,-1.7228230502831567,加速,0,0,Consolidation,C
01093,石药集团,2011-11-11,1.0550208581995189,0,0,-0.193169298567756,0,-1.752889330057867,加速,0,0,Consolidation,C
01093,石药集团,2011-11-18,0.8699494171620257,0,0,-0.3241305127285765,0,-1.7221322511241188,减速,0,0,Consolidation,C
01093,石药集团,2011-11-25,0.9655928554327039,0,0,-0.25245441795231427,0,-1.7549847244431451,加速,0,0,Consolidation,C
01093,石药集团,2011-12-02,1.2398633033832842,0,0,-0.00521739130434784,0,-1.8873959021412698,加速,0,0,Consolidation,C
01093,石药集团,2011-12-09,0.28399945917784686,0,1,-0.7706983441324694,0,-1.9493142968314376,平稳,0,0,Consolidation,C
01093,石药集团,2011-12-16,0.3265017715408503,0,1,-0.7300546448087432,0,-2.072506998863215,加速,0,0,Consolidation,C
01093,石药集团,2011-12-23,0.3171459767305029,0,1,-0.715765247410817,0,-2.1125554201202332,减速,0,0,Consolidation,C
01093,石药集团,2011-12-30,0.157885494369207,0,1,-0.8565234528971226,0,-2.1264712489797297,减速,0,0,Consolidation,C
01093,石药集团,2012-01-06,0.13317026689489814,0,1,-0.8849094567404426,0,-2.1071650947530216,减速,0,0,Consolidation,C
01093,石药集团,2012-01-13,0.3825647866291728,0,1,-0.5575916230366491,0,-1.9945075564232906,减速,0,0,Consolidation,C
01093,石药集团,2012-01-20,0.4878861206804648,0,1,-0.34166666666666656,0,-1.9822831427506782,平稳,0,0,Consolidation,C
01093,石药集团,2012-01-27,0.18806031844400006,0,1,-0.7066147859922178,0,-1.8842424906154538,减速,0,0,Consolidation,C
01093,石药集团,2012-02-03,0.6904600439894524,0,0,0.1778523489932886,0,-1.8051444356509663,减速,0,0,Consolidation,C
01093,石药集团,2012-02-10,1.7601937545986854,0,0,1.8247895944912012,1,-1.6625194150354226,减速,0,0,Consolidation,C
01093,石药集团,2012-02-17,0.8137249499726483,0,0,0.32612055641421933,0,-1.7146832522872315,加速,0,0,Consolidation,C
01093,石药集团,2012-02-24,0.6182861419475336,0,0,0.07629870129870131,0,-1.6927228185947105,减速,0,0,Consolidation,C
01093,石药集团,2012-03-02,1.576422817046432,0,0,1.3731825525040384,0,-1.6646604010350095,平稳,0,0,Consolidation,C
01093,石药集团,2012-03-09,0.901926304440749,0,0,0.15555555555555567,0,-1.7006589966211423,加速,0,0,Consolidation,C
01093,石药集团,2012-03-16,0.6344719986691707,0,0,-0.2630385487528345,0,-1.746940850463389,加速,0,0,Consolidation,C
01093,石药集团,2012-03-23,0.5919765330536764,0,0,-0.374436090225564,0,-1.8695783362789564,加速,0,0,Consolidation,C
01093,石药集团,2012-03-30,0.8237630319024221,0,0,-0.185745140388769,0,-2.0062565297322523,加速,0,0,Consolidation,C
01093,石药集团,2012-04-06,0.44034933144194743,0,1,-0.5856940509915014,0,-2.1017010289680247,减速,0,0,Consolidation,C
01093,石药集团,2012-04-13,0.5216873816476261,0,0,-0.5347172512526843,0,-2.1062064366490247,减速,0,0,Consolidation,C
01093,石药集团,2012-04-20,0.41686684826927417,0,1,-0.654357459379616,0,-2.137498721347513,平稳,0,0,Consolidation,C
01093,石药集团,2012-04-27,0.468768751757521,0,1,-0.6190476190476191,0,-2.2335805799055968,平稳,0,0,Consolidation,C
01093,石药集团,2012-05-04,0.40694610188012437,0,1,-0.6576297443841983,0,-2.2380699157876407,减速,0,0,Consolidation,C
01093,石药集团,2012-05-11,1.0794610513986935,0,0,0.08826205641492257,0,-2.3400999903163777,平稳,0,0,Consolidation,C
01093,石药集团,2012-05-18,1.2021591652628973,0,0,0.2951582867783986,0,-2.3864339837703135,加速,0,1,Breakdown,C
01093,石药集团,2012-05-25,1.0243866861324171,0,0,0.16853932584269637,0,-2.657995256259189,加速,0,1,Breakdown,C
01093,石药集团,2012-06-01,1.2854730140944306,0,0,0.6687370600414078,0,-2.6534771873006786,减速,0,0,Consolidation,C
01093,石药集团,2012-06-08,2.187927523615287,1,0,1.7495361781076069,1,-2.5501913941312733,减速,0,0,Consolidation,C
01093,石药集团,2012-06-15,3.955892910338414,1,0,3.3534482758620685,1,-1.8295403077074401,减速,0,0,Consolidation,C
01093,石药集团,2012-06-22,0.0,0,1,0.08126984126984138,0,,加速,0,0,Consolidation,C
01093,石药集团,2012-06-29,2.152221891883598,1,0,0.9336384439359269,0,-1.8814238823499392,加速,0,0,Consolidation,C
01093,石药集团,2012-07-06,1.0159277862865996,0,0,-0.1243154435925522,0,-1.8852986617050371,加速,0,0,Consolidation,C
01093,石药集团,2012-07-13,2.103674246417307,1,0,0.7867897037396794,0,-1.7884120006574553,减速,0,0,Consolidation,C
01093,石药集团,2012-07-20,0.5515186691851807,0,0,-0.5892771661081857,0,-1.8468346268656717,加速,0,0,Consolidation,C
01093,石药集团,2012-07-27,0.18728420456347405,0,1,-0.8681159420289855,0,-1.866304661040735,平稳,0,0,Consolidation,C
01093,石药集团,2012-08-03,0.3935310383751695,0,1,-0.7188851513695338,0,-1.8595980376075514,平稳,0,0,Consolidation,C
01093,石药集团,2012-08-10,0.31995469396803344,0,1,-0.7625863770977295,0,-1.8808925919379296,加速,0,0,Pullback,C
01093,石药集团,2012-08-17,2.448766399660282,1,0,0.7727272727272729,1,-1.6005696931781737,减速,0,0,Consolidation,C
01093,石药集团,2012-08-24,1.7907281720100114,0,0,0.3236163920574566,0,-1.512741459566032,加速,0,0,Consolidation,C
01093,石药集团,2012-08-31,0.6041002251482961,0,0,-0.5361134995700774,0,-1.6185331497080018,加速,0,0,Consolidation,C
01093,石药集团,2012-09-07,0.45774021816362725,0,1,-0.6151711378353377,0,-1.6464397230770107,平稳,0,0,Consolidation,C
01093,石药集团,2012-09-14,0.5016978022950999,0,0,-0.4658564814814814,0,-1.6550140392240917,加速,0,0,Pullback,C
01093,石药集团,2012-09-21,0.3774367885077402,0,1,-0.5824242424242424,0,-1.6592110131868836,平稳,0,0,Pullback,C
01093,石药集团,2012-09-28,0.4963168903515383,0,1,-0.3936899862825789,0,-1.652902688564363,减速,0,0,Consolidation,C
01093,石药集团,2012-10-05,0.40867714602306865,0,1,-0.4856115107913669,0,-1.5781766363252365,减速,0,0,Consolidation,C
01093,石药集团,2012-10-12,0.9487603232050995,0,0,0.3662085691188357,0,-1.4859528034542575,减速,0,0,Consolidation,C
01093,石药集团,2012-10-19,0.6571266110661307,0,0,-0.06259904912836767,0,-1.5280500723752841,加速,0,0,Consolidation,C
01093,石药集团,2012-10-26,0.5772607733197126,0,0,-0.24981017463933175,0,-1.6232389251658024,加速,0,0,Pullback,C
01093,石药集团,2012-11-02,0.29944654797400777,0,1,-0.8285492629945694,0,-1.6400354545258287,减速,0,0,Pullback,C
01093,石药集团,2012-11-09,0.7503513991733919,0,0,-0.539291217257319,0,-1.6644530481865079,加速,0,0,Consolidation,C
01093,石药集团,2012-11-16,0.9249301830870744,0,0,-0.3543457497612226,0,-1.7052969368618462,平稳,0,0,Consolidation,C
01093,石药集团,2012-11-23,0.4965815144047601,0,1,-0.5786314525810323,0,-1.6734513574923668,减速,0,0,Pullback,C
01093,石药集团,2012-11-30,0.6513467815970344,0,0,-0.4839948783610756,0,-1.6772141729045353,平稳,0,0,Pullback,C
01093,石药集团,2012-12-07,1.4117308528021266,0,0,0.15628970775095286,0,-1.6565270135892378,减速,0,0,Consolidation,C
01093,石药集团,2012-12-14,1.0869202887602982,0,0,-0.05699481865284961,0,-1.6088749022434166,减速,0,0,Consolidation,C
01093,石药集团,2012-12-21,0.8854768014574855,0,0,-0.20234986945169708,0,-1.6337854269081158,加速,0,0,Pullback,C
01093,石药集团,2012-12-28,0.5784051829341754,0,0,-0.4642857142857143,0,-1.5848704757833398,减速,0,0,Consolidation,C
01093,石药集团,2013-01-04,1.5575361548318636,0,0,0.303475935828877,0,-1.5580197125509727,减速,0,0,Consolidation,C
01093,石药集团,2013-01-11,3.0545936517859156,1,0,1.552665799739922,1,-1.3436915031980519,减速,0,0,Consolidation,C
01093,石药集团,2013-01-18,2.74819802894957,1,0,1.3550724637681157,0,-1.2702322241266482,加速,0,0,Consolidation,C
01093,石药集团,2013-01-25,1.9339916987423353,1,0,0.7113163972286372,0,-1.267776035495157,加速,0,0,Consolidation,C
01093,石药集团,2013-02-01,1.4384688638956817,0,0,0.20833333333333348,0,-1.2608978088987206,加速,0,0,Consolidation,C
01093,石药集团,2013-02-08,1.2286151162589074,0,0,0.0351602895553258,0,-1.206242376696065,减速,0,0,Consolidation,C
01093,石药集团,2013-02-15,0.22667557456450182,0,1,-0.8040904198062433,0,-1.1975909067245119,加速,0,0,Consolidation,C
01093,石药集团,2013-02-22,1.4307518660510896,0,0,0.21507537688442202,0,-1.121515171950671,减速,0,0,Consolidation,C
01093,石药集团,2013-03-01,2.0072048608351514,1,0,0.6176203451407813,0,-1.1493114236626873,加速,0,0,Consolidation,C
01093,石药集团,2013-03-08,1.4766244811068627,0,0,0.2015845070422535,0,-1.1053142576543664,减速,0,0,Consolidation,C
01093,石药集团,2013-03-15,0.7183184980616432,0,0,-0.4137931034482758,0,-1.155700140635564,加速,0,0,Pullback,C
01093,石药集团,2013-03-22,1.5377260559439891,0,0,0.266444629475437,0,-1.0840649739210206,减速,0,0,Consolidation,C
01093,石药集团,2013-03-29,0.7600819825519982,0,0,-0.3764227642276423,0,-1.0968711572469731,加速,0,0,Consolidation,C
01093,石药集团,2013-04-05,1.4853648733920173,0,0,0.22352941176470598,0,-1.05054114246117,减速,0,0,Consolidation,C
01093,石药集团,2013-04-12,2.00038922739873,1,0,0.76,0,-0.9322308524342415,加速,0,0,Consolidation,C
01093,石药集团,2013-04-19,3.044994789428754,1,0,1.7602739726027399,1,-0.8467640326226538,加速,0,0,Consolidation,C
01093,石药集团,2013-04-26,9.195045500206751,1,0,6.209794837855724,1,-0.9119009137557096,减速,0,0,Consolidation,C
01093,石药集团,2013-05-03,1.3277019702629858,0,0,0.039184952978056575,0,-0.9396376249386833,减速,0,0,Consolidation,C
01093,石药集团,2013-05-10,1.2276478852759893,0,0,-0.03718024985127888,0,-0.9302410195805116,加速,0,0,Consolidation,C
01093,石药集团,2013-05-17,0.6845643524503959,0,0,-0.6193099449115685,0,-0.8646138402257977,加速,0,0,Consolidation,C
01093,石药集团,2013-05-24,0.6391241632803334,0,0,-0.6384704519119351,0,-0.9325324841166551,减速,0,0,Pullback,C
01093,石药集团,2013-05-31,0.5447284845818878,0,0,-0.6899293286219081,0,-0.8697192744478246,加速,0,0,Consolidation,C
01093,石药集团,2013-06-07,1.377942093456788,0,0,-0.21324578932343685,0,-0.8638262072184169,减速,0,0,Consolidation,C
01093,石药集团,2013-06-14,0.723570634507457,0,0,-0.5914702581369248,0,-0.8933598515880243,减速,0,0,Pullback,C
01093,石药集团,2013-06-21,0.5093166441054635,0,0,-0.7051318400907287,0,-0.9350232115365557,减速,0,0,Pullback,C
01093,石药集团,2013-06-28,0.8930881074999282,0,0,-0.4851841595126003,0,-0.9068747993067031,加速,0,0,Pullback,C
01093,石药集团,2013-07-05,0.2859159030097553,0,1,-0.8309301668080293,0,-0.9309041247172491,减速,0,0,Pullback,C
01093,石药集团,2013-07-12,0.37113200962975407,0,1,-0.771996492253727,0,-0.8639818791096266,加速,0,0,Consolidation,C
01093,石药集团,2013-07-19,0.4974456528490742,0,1,-0.6701127819548871,0,-0.8616146943504608,减速,0,0,Consolidation,C
01093,石药集团,2013-07-26,0.36800515891301067,0,1,-0.5209656925031766,0,-0.836255616535698,加速,0,0,Consolidation,C
01093,石药集团,2013-08-02,0.64334589017743,0,0,-0.03298245614035089,0,-0.8188998230833514,减速,0,0,Consolidation,C
01093,石药集团,2013-08-09,0.32416707053355914,0,1,-0.43938161106590734,0,-0.8479772700185501,减速,0,0,Consolidation,C
01093,石药集团,2013-08-16,0.4745926506387326,0,1,-0.14913007456503724,0,-0.873736046768335,减速,0,0,Pullback,C
01093,石药集团,2013-08-23,0.2191590494840024,0,1,-0.5919790758500436,0,-0.8810648535523709,平稳,0,0,Pullback,C
01093,石药集团,2013-08-30,0.3540814677119638,0,1,-0.340160284951024,0,-0.872378095184599,加速,0,0,Pullback,C
01093,石药集团,2013-09-06,0.3722251426022116,0,1,-0.24715615305067207,0,-0.8632446511040999,加速,0,0,Consolidation,C
01093,石药集团,2013-09-13,1.811418094358827,1,0,1.2608695652173911,1,-0.9069460631743503,减速,0,0,Consolidation,C
01093,石药集团,2013-09-20,0.48375901045810465,0,1,-0.41500000000000004,0,-0.9221287940542909,平稳,0,0,Consolidation,C
01093,石药集团,2013-09-27,0.8858871226452568,0,0,0.08449197860962565,0,-0.8564560118715052,加速,0,0,Consolidation,C
01093,石药集团,2013-10-04,1.0267509471353038,0,0,0.19509703779366694,0,-0.8253986493825072,加速,0,0,Consolidation,C
01093,石药集团,2013-10-11,9.657149414907757,1,0,7.251589825119236,1,-0.821183346451635,减速,0,0,Consolidation,C
01093,石药集团,2013-10-18,1.1253222785723462,0,0,-0.1796844940361677,0,-0.8326622725339444,减速,0,0,Consolidation,C
01093,石药集团,2013-10-25,1.2987034459464826,0,0,-0.2890625,0,-0.7892479735623601,加速,0,0,Consolidation,C
01093,石药集团,2013-11-01,1.033241203716055,0,0,-0.43185185185185193,0,-0.7257637096458371,加速,0,0,Consolidation,C
01093,石药集团,2013-11-08,0.6425932541756977,0,0,-0.6464535097390666,0,-0.764201921327283,减速,0,0,Consolidation,C
01093,石药集团,2013-11-15,0.7031525968966857,0,0,-0.6086637298091042,0,-0.72952664744187,加速,0,0,Consolidation,C
01093,石药集团,2013-11-22,0.5695290190195174,0,0,-0.6838475499092559,0,-0.747033838171798,减速,0,0,Consolidation,C
01093,石药集团,2013-11-29,0.8647245870367688,0,0,-0.5174875089221984,0,-0.6886151218721261,加速,0,0,Consolidation,C
01093,石药集团,2013-12-06,0.7037983212492472,0,0,-0.6096785588131404,0,-0.6738012686177224,加速,0,0,Consolidation,C
01093,石药集团,2013-12-13,0.5353972762702789,0,0,-0.6842105263157895,0,-0.6481350358095392,平稳,0,0,Consolidation,C
01093,石药集团,2013-12-20,0.595638739867917,0,0,-0.6496722505462491,0,-0.640632547067076,减速,0,0,Consolidation,C
01093,石药集团,2013-12-27,0.3610448541544761,0,1,-0.784371544415776,0,-0.612448113667309,加速,0,0,Consolidation,C
01093,石药集团,2014-01-03,0.6766213302025541,0,0,-0.5966014037680089,0,-0.5853599375407055,加速,0,0,Consolidation,C
01093,石药集团,2014-01-10,1.0776472853146843,0,0,0.47444089456869,0,-0.5858422898563126,减速,0,0,Consolidation,C
01093,石药集团,2014-01-17,0.9915707978386047,0,0,0.4444444444444444,0,-0.515544366429912,加速,0,0,Consolidation,C
01093,石药集团,2014-01-24,0.9630248114136872,0,0,0.448019801980198,0,-0.575771024055098,减速,0,0,Consolidation,C
01093,石药集团,2014-01-31,0.7932717017498688,0,0,0.19751037344398337,0,-0.5473759645620437,加速,0,0,Consolidation,C
01093,石药集团,2014-02-07,0.6501982901212942,0,0,-0.01225490196078427,0,-0.5454771138660935,减速,0,0,Consolidation,C
01093,石药集团,2014-02-14,0.8618890800651801,0,0,0.3010244286840029,0,-0.5318837295974608,加速,0,0,Consolidation,C
01093,石药集团,2014-02-21,0.6404154391857141,0,0,-0.04780262143407876,0,-0.49235357569509164,加速,0,0,Consolidation,C
01093,石药集团,2014-02-28,2.550600675723926,1,0,1.4711473183978274,1,-0.5022510961979905,减速,0,0,Consolidation,C
01093,石药集团,2014-03-07,1.9576901805868459,1,0,0.806451612903226,0,-0.44188150870175347,加速,0,0,Consolidation,C
01093,石药集团,2014-03-14,1.1094308680485157,0,0,-0.020334928229664984,0,-0.4581481132966986,减速,0,0,Consolidation,C
01093,石药集团,2014-03-21,1.689717033673475,0,0,0.42674094707520904,0,-0.4572324121006923,减速,0,0,Consolidation,C
01093,石药集团,2014-03-28,2.12768042356937,1,0,0.743196437407224,0,-0.5728006059253974,减速,0,0,Pullback,C
01093,石药集团,2014-04-04,0.8792047313029558,0,0,-0.2774256460263287,0,-0.5601150404306092,加速,0,0,Pullback,C
01093,石药集团,2014-04-11,0.7951948885235871,0,0,-0.3222442899702085,0,-0.5751837412889723,减速,0,0,Consolidation,C
01093,石药集团,2014-04-18,0.6505994751408746,0,0,-0.44342507645259943,0,-0.524577035140779,加速,0,0,Pullback,C
01093,石药集团,2014-04-25,0.6045773099468021,0,0,-0.4677165354330709,0,-0.5393539548643311,加速,0,0,Consolidation,C
01093,石药集团,2014-05-02,0.3368982186436608,0,1,-0.6956995100707675,0,-0.5190979846029888,平稳,0,0,Pullback,C
01093,石药集团,2014-05-09,0.6267441702325212,0,0,-0.42982456140350866,0,-0.5962641811070457,减速,0,0,Consolidation,C
01093,石药集团,2014-05-16,0.770727683929002,0,0,-0.3108258928571429,0,-0.5702985275838957,加速,0,0,Consolidation,C
01093,石药集团,2014-05-23,0.7821949571543866,0,0,-0.29025069637883005,0,-0.5466652380998344,加速,0,0,Consolidation,C
01093,石药集团,2014-05-30,7.104259645705428,1,0,5.013479957431714,1,-0.5732792475246478,减速,0,0,Consolidation,C
01093,石药集团,2014-06-06,0.5760338218774901,0,0,-0.49444444444444446,0,-0.5385148510146998,加速,0,0,Consolidation,C
01093,石药集团,2014-06-13,0.6191173300790492,0,0,-0.4532936360253069,0,-0.5386431052059346,平稳,0,0,Consolidation,C
01093,石药集团,2014-06-20,0.6330794623591146,0,0,-0.4261036468330135,0,-0.5682216219619787,减速,0,0,Consolidation,C
01093,石药集团,2014-06-27,0.6643037699934905,0,0,-0.3492063492063493,0,-0.5402572777352548,加速,0,0,Consolidation,C
01093,石药集团,2014-07-04,0.6280313928027463,0,0,-0.38674257828385517,0,-0.519948101322258,加速,0,0,Consolidation,C
01093,石药集团,2014-07-11,0.4326738159513131,0,1,-0.5830592105263157,0,-0.5531316223491032,减速,0,0,Pullback,C
01093,石药集团,2014-07-18,0.5388960665195349,0,0,-0.5047111839410078,0,-0.5454935410424628,加速,0,0,Consolidation,C
01093,石药集团,2014-07-25,0.684626537683638,0,0,-0.3866935483870968,0,-0.5348157557213595,加速,0,0,Consolidation,C
01093,石药集团,2014-08-01,1.141504969668043,0,0,-0.023149905123339587,0,-0.5918678121515586,减速,0,0,Consolidation,C
01093,石药集团,2014-08-08,0.3652661653536583,0,1,-0.6920137562094001,0,-0.5714867722738162,加速,0,0,Consolidation,C
01093,石药集团,2014-08-15,0.5470329667225637,0,0,-0.5665005749329245,0,-0.5256937938061238,加速,0,0,Consolidation,C
01093,石药集团,2014-08-22,0.7246905614301591,0,0,-0.4259611724400457,0,-0.4631442173060084,加速,0,0,Consolidation,C
01093,石药集团,2014-08-29,6.590540660826357,1,0,6.105894448252228,1,-0.524982579351585,减速,0,0,Pullback,C
01093,石药集团,2014-09-05,1.4982329852135476,0,0,0.500314465408805,0,-0.515630212334581,加速,0,0,Consolidation,C
01093,石药集团,2014-09-12,0.5804940987592175,0,0,-0.4170040485829959,0,-0.5046603435866331,加速,0,0,Consolidation,C
01093,石药集团,2014-09-19,0.6980129917684668,0,0,-0.29321930360415405,0,-0.4853870025837401,加速,0,0,Consolidation,C
01093,石药集团,2014-09-26,0.4631667058350084,0,1,-0.5307433465891711,0,-0.5090519995781643,减速,0,0,Consolidation,C
01093,石药集团,2014-10-03,0.45935293395295146,0,1,-0.5310302659737084,0,-0.520842593162961,减速,0,0,Pullback,C
01093,石药集团,2014-10-10,0.41926646517350097,0,1,-0.5708661417322836,0,-0.49767824401803074,加速,0,0,Consolidation,C
01093,石药集团,2014-10-17,0.6232074671779185,0,0,-0.5125974805038993,0,-0.5160526804889985,减速,0,0,Pullback,C
01093,石药集团,2014-10-24,0.5591391566144963,0,0,-0.5626314208471013,0,-0.5359453725546925,减速,0,0,Consolidation,C
01093,石药集团,2014-10-31,1.1159677428732842,0,0,-0.11038381434097,0,-0.4682579685267443,加速,0,0,Consolidation,C
01093,石药集团,2014-11-07,0.6210622274906885,0,0,-0.518096906012843,0,-0.4927820037503512,减速,0,0,Consolidation,C
01093,石药集团,2014-11-14,0.6797544072393875,0,0,-0.47327586206896555,0,-0.43836724057551846,加速,0,0,Consolidation,C
01093,石药集团,2014-11-21,0.5072665242408126,0,0,-0.6101499423298732,0,-0.5000303602352951,减速,0,0,Consolidation,C
01093,石药集团,2014-11-28,1.1045924728606933,0,0,0.46565608716248197,0,-0.5092393511575741,减速,0,0,Pullback,C
01093,石药集团,2014-12-05,0.7287096061532101,0,0,0.08617971623751952,0,-0.5090866013374216,减速,0,0,Consolidation,C
01093,石药集团,2014-12-12,0.6563402256850146,0,0,-0.016290068313189576,0,-0.4820685782663058,加速,0,0,Pullback,C
01093,石药集团,2014-12-19,0.5039907107668958,0,0,-0.24072052401746724,0,-0.5283753377737319,减速,0,0,Consolidation,C
01093,石药集团,2014-12-26,0.2688774355949832,0,1,-0.5673998871968415,0,-0.5439794525471033,减速,0,0,Consolidation,C
01093,石药集团,2015-01-02,0.38240033108147764,0,1,-0.3791714614499426,0,-0.5022788973506582,加速,0,0,Consolidation,C
01093,石药集团,2015-01-09,0.4130334414968034,0,1,-0.32654249126891743,0,-0.48885679317274033,加速,0,0,Consolidation,C
01093,石药集团,2015-01-16,0.5689692942053601,0,0,-0.3857655502392343,0,-0.5055386865807072,减速,0,0,Consolidation,C
01093,石药集团,2015-01-23,0.8906359033405591,0,0,-0.10746268656716429,0,-0.5117044799492914,减速,0,0,Consolidation,C
01093,石药集团,2015-01-30,0.8959233912238048,0,0,-0.057124518613607234,0,-0.5286978307985615,减速,0,0,Consolidation,C
01093,石药集团,2015-02-06,1.4321373459552522,0,0,0.4739776951672863,0,-0.571356373330779,减速,0,1,Breakdown,C
01093,石药集团,2015-02-13,1.1272214946230115,0,0,0.16501854140914696,0,-0.5457328050750478,加速,0,0,Consolidation,C
01093,石药集团,2015-02-20,0.3709611889254396,0,1,-0.6166666666666667,0,-0.561775268966997,加速,0,0,Consolidation,C
01093,石药集团,2015-02-27,0.7101571173663391,0,0,-0.1886524822695036,0,-0.5466082787801838,加速,0,0,Consolidation,C
01093,石药集团,2015-03-06,0.8566807014987541,0,0,0.024300441826214936,0,-0.512697253767977,加速,0,0,Consolidation,C
01093,石药集团,2015-03-13,0.46365225848815217,0,1,-0.4169944925255703,0,-0.5570804095719906,减速,0,0,Consolidation,C
01093,石药集团,2015-03-20,0.7723568043069856,0,0,-0.07661612130885875,0,-0.5346815684182025,加速,0,0,Consolidation,C
01093,石药集团,2015-03-27,1.0715269892958394,0,0,0.19619771863117874,0,-0.5495406744781031,减速,0,0,Consolidation,C
01093,石药集团,2015-04-03,1.8546389328069393,1,0,0.9468599033816425,0,-0.48580036946228666,加速,0,0,Consolidation,C
01093,石药集团,2015-04-10,1.8860362448047492,1,0,0.9084065244667503,0,-0.464837024912764,加速,0,0,Consolidation,C
01093,石药集团,2015-04-17,11.185548921678818,1,0,7.476573265962333,1,-0.37390613524075833,加速,0,0,Consolidation,C
01093,石药集团,2015-04-24,1.3663531350595783,0,0,0.020217391304347965,0,-0.4395291707775584,减速,0,0,Consolidation,C
01093,石药集团,2015-05-01,1.3846942305111385,0,0,0.019921955226946064,0,-0.42353888538744633,平稳,0,0,Consolidation,C
01093,石药集团,2015-05-08,0.6129074145049189,0,0,-0.5423100679431748,0,-0.4550683078775555,减速,0,0,Consolidation,C
01093,石药集团,2015-05-15,0.2927048910993785,0,1,-0.7749739311783107,0,-0.4536599713538285,平稳,0,0,Consolidation,C
01093,石药集团,2015-05-22,0.4927864965288308,0,1,-0.6277357332787892,0,-0.4361142860369527,加速,0,0,Consolidation,C
01093,石药集团,2015-05-29,0.7835473906641504,0,0,-0.4130867143993636,0,-0.4171236224711844,加速,0,0,Consolidation,C
01093,石药集团,2015-06-05,0.46654407430028294,0,1,-0.652887658227848,0,-0.44341127574884265,减速,0,0,Pullback,C
01093,石药集团,2015-06-12,0.33720607927909496,0,1,-0.7475480580619851,0,-0.4382906253644204,减速,0,0,Pullback,C
01093,石药集团,2015-06-19,0.4942882519462938,0,1,-0.6342646488164533,0,-0.4208249294679547,加速,0,0,Consolidation,C
01093,石药集团,2015-06-26,0.43733842022794406,0,1,-0.6800387596899224,0,-0.44798137748750266,减速,0,0,Pullback,C
01093,石药集团,2015-07-03,0.4489753555886864,0,1,-0.6693611987381703,0,-0.4776040269918511,减速,0,0,Pullback,C
01093,石药集团,2015-07-10,0.880751704509869,0,0,-0.3249069174995102,0,-0.4080408746362175,加速,0,0,Pullback,C
01093,石药集团,2015-07-17,0.30918347614197644,0,1,-0.4817642069550466,0,-0.42065848365638714,加速,0,0,Consolidation,C
01093,石药集团,2015-07-24,0.3203809559464426,0,1,-0.3978032473734481,0,-0.4602389431066599,减速,0,0,Pullback,C
01093,石药集团,2015-07-31,0.4384344688659433,0,1,-0.06287262872628707,0,-0.4699546358141862,减速,0,0,Consolidation,C
01093,石药集团,2015-08-07,0.26978547897141975,0,1,-0.3929384965831434,0,-0.4475021813465292,加速,0,0,Consolidation,C
01093,石药集团,2015-08-14,0.2145372519259782,0,1,-0.5138089758342923,0,-0.4727404993025144,减速,0,0,Consolidation,C
01093,石药集团,2015-08-21,0.44322447954063154,0,1,-0.008092485549133,0,-0.5360345185072611,减速,0,0,Consolidation,C
01093,石药集团,2015-08-28,0.6036078454389496,0,0,0.38347205707491083,0,-0.46428623850240336,加速,0,0,Consolidation,C
01093,石药集团,2015-09-04,0.7603323576802711,0,0,-0.06418716256748658,0,-0.5034928922842459,减速,0,0,Consolidation,C
01093,石药集团,2015-09-11,0.46077057814276384,0,1,-0.4749082007343941,0,-0.5134549675761151,平稳,0,0,Consolidation,C
01093,石药集团,2015-09-18,0.9348541908330386,0,0,-0.01551831160769701,0,-0.4621152526356894,加速,0,0,Consolidation,C
01093,石药集团,2015-09-25,0.680294184033744,0,0,-0.29572976418100705,0,-0.4929562901738195,减速,0,0,Consolidation,C
01093,石药集团,2015-10-02,0.7830602824636432,0,0,-0.16374269005847963,0,-0.46504876266636186,加速,0,0,Consolidation,C
01093,石药集团,2015-10-09,0.5888269564959514,0,0,-0.3046062407132243,0,-0.47095491208792717,平稳,0,0,Consolidation,C
01093,石药集团,2015-10-16,0.3827492893356995,0,1,-0.5683397683397684,0,-0.4677262251832517,减速,0,0,Consolidation,C
01093,石药集团,2015-10-23,0.5027466885146858,0,0,-0.4293695131683958,0,-0.4769539891518568,平稳,0,0,Consolidation,C
01093,石药集团,2015-10-30,0.8981376123805983,0,0,0.04597701149425282,0,-0.45793620836139837,加速,0,0,Consolidation,C
01093,石药集团,2015-11-06,1.2310349836544277,0,0,0.37165354330708666,0,-0.49920259637107667,减速,0,0,Consolidation,C
01093,石药集团,2015-11-13,0.86616928567492,0,0,-0.050000000000000044,0,-0.46777929448615385,加速,0,0,Consolidation,C
01093,石药集团,2015-11-20,0.8637883414819894,0,0,-0.050793650793650835,0,-0.47676132094417467,平稳,0,0,Consolidation,C
01093,石药集团,2015-11-27,0.8061997061888124,0,0,-0.12510785159620352,0,-0.4664736095169322,加速,0,0,Consolidation,C
01093,石药集团,2015-12-04,2.263273836315779,1,0,1.3979591836734695,1,-0.38695829286941974,加速,0,0,Consolidation,C
01093,石药集团,2015-12-11,0.7804250804821831,0,0,-0.1925465838509317,0,-0.4539862134711402,减速,0,0,Consolidation,C
01093,石药集团,2015-12-18,1.0572189946675747,0,0,0.10204081632653073,0,-0.42953591304176264,加速,0,0,Consolidation,C
01093,石药集团,2015-12-25,0.5246645139153059,0,0,-0.4352373290426387,0,-0.43074098996648014,平稳,0,0,Consolidation,C
01093,石药集团,2016-01-01,0.45344591471027557,0,1,-0.49747899159663866,0,-0.41042207419187626,平稳,0,0,Consolidation,C
01093,石药集团,2016-01-08,1.5467898013961454,0,0,0.6007843137254902,0,-0.42402904494188076,减速,0,0,Consolidation,C
01093,石药集团,2016-01-15,1.4707893187321497,0,0,0.37735849056603765,0,-0.45897817149200537,减速,0,0,Consolidation,C
01093,石药集团,2016-01-22,1.1829533924900328,0,0,0.06453851492019447,0,-0.5257366416588471,减速,0,0,Consolidation,C
01093,石药集团,2016-01-29,1.1091534494243065,0,0,0.0006872852233676952,0,-0.523349970076848,加速,0,0,Consolidation,C
01093,石药集团,2016-02-05,1.649311503759237,0,0,0.48994638069705077,0,-0.5480503307261384,减速,0,1,Breakdown,C
01093,石药集团,2016-02-12,0.7124068412758003,0,0,-0.354421768707483,0,-0.5543046430124541,加速,0,0,Consolidation,C
01093,石药集团,2016-02-19,1.2829295308287958,0,0,0.15994712491738272,0,-0.4991876057038974,加速,0,0,Consolidation,C
01093,石药集团,2016-02-26,0.6765121744809065,0,0,-0.3788984737889848,0,-0.5161721537286486,减速,0,0,Consolidation,C
01093,石药集团,2016-03-04,1.525185753348426,0,0,0.5325936199722605,0,-0.5449616384027316,减速,0,0,Consolidation,C
01093,石药集团,2016-03-11,1.2141891561429232,0,0,0.21171770972037263,0,-0.528017091817411,加速,0,0,Consolidation,C
01093,石药集团,2016-03-18,0.9355142436598849,0,0,-0.057218895542248904,0,-0.5262947124352665,加速,0,0,Consolidation,C
01093,石药集团,2016-03-25,1.9159850855980678,1,0,0.800832342449465,0,-0.44072364494783556,加速,0,0,Consolidation,C
01093,石药集团,2016-04-01,1.1784066080953033,0,0,0.07178911946158162,0,-0.47879168637724023,减速,0,0,Consolidation,C
01093,石药集团,2016-04-08,0.6202897174514022,0,0,-0.4122137404580153,0,-0.4523149498688893,加速,0,0,Consolidation,C
01093,石药集团,2016-04-15,0.6433120485879871,0,0,-0.36469150885766655,0,-0.4734419263653954,减速,0,0,Consolidation,C
01093,石药集团,2016-04-22,1.3248329985772966,0,0,0.22480620155038755,0,-0.503309387261937,减速,0,0,Consolidation,C
01093,石药集团,2016-04-29,0.7456937588456649,0,0,-0.2930513595166164,0,-0.47454834216040354,加速,0,0,Consolidation,C
01093,石药集团,2016-05-06,0.3773920645189343,0,1,-0.62565445026178,0,-0.5182752514754929,减速,0,0,Consolidation,C
01093,石药集团,2016-05-13,0.7029116819819223,0,0,-0.29044834307992207,0,-0.4832962104572869,加速,0,0,Consolidation,C
01093,石药集团,2016-05-20,1.0450264581542879,0,0,0.08616187989556123,0,-0.47206244144645304,加速,0,0,Consolidation,C
01093,石药集团,2016-05-27,1.0785486103810493,0,0,0.06289308176100628,0,-0.4764520605788063,减速,0,0,Consolidation,C
01093,石药集团,2016-06-03,1.0328575235654596,0,0,0.04404145077720223,0,-0.45950360006518487,加速,0,0,Consolidation,C
01093,石药集团,2016-06-10,0.5362873970778912,0,0,-0.45020463847203274,0,-0.470963290589291,减速,0,0,Consolidation,C
01093,石药集团,2016-06-17,0.6738591369439718,0,0,-0.30195258019525795,0,-0.48281936834755745,减速,0,0,Consolidation,C
01093,石药集团,2016-06-24,0.6085794546113664,0,0,-0.32280978689818474,0,-0.5079120788639957,减速,0,0,Consolidation,C
01093,石药集团,2016-07-01,0.5684149376162312,0,0,-0.3181049069373941,0,-0.45243492297279864,加速,0,0,Consolidation,C
01093,石药集团,2016-07-08,0.7071033292153529,0,0,-0.17372881355932213,0,-0.460085867791725,减速,0,0,Consolidation,C
01093,石药集团,2016-07-15,0.8287280882855292,0,0,-0.02691337258200166,0,-0.4564107744534519,加速,0,0,Consolidation,C
01093,石药集团,2016-07-22,0.6016597458737839,0,0,-0.27380952380952384,0,-0.47913132506930556,减速,0,0,Pullback,C
01093,石药集团,2016-07-29,0.7079702373957993,0,0,-0.15111940298507442,0,-0.49606637471074677,减速,0,0,Consolidation,C
01093,石药集团,2016-08-05,0.5869970086408072,0,0,-0.3284132841328412,0,-0.44960403723427234,加速,0,0,Consolidation,C
01093,石药集团,2016-08-12,0.7622136045373133,0,0,-0.20657276995305163,0,-0.4564146930608537,平稳,0,0,Consolidation,C
01093,石药集团,2016-08-19,1.0361399987969189,0,0,0.1044921875,0,-0.4556224250440476,减速,0,0,Consolidation,C
01093,石药集团,2016-08-26,1.704766028714452,0,0,0.8678160919540232,0,-0.39707469266627604,加速,0,0,Consolidation,C
01093,石药集团,2016-09-02,1.2629495418347745,0,0,0.38834951456310685,0,-0.4247086135688969,减速,0,0,Consolidation,C
01093,石药集团,2016-09-09,0.8317309257199896,0,0,-0.12331406551059743,0,-0.4303814466038841,减速,0,0,Consolidation,C
01093,石药集团,2016-09-16,0.677020748314406,0,0,-0.28416912487708956,0,-0.4419465664096177,减速,0,0,Pullback,C
01093,石药集团,2016-09-23,0.9898866848700493,0,0,0.031945788964181876,0,-0.3993519652098336,加速,0,0,Consolidation,C
01093,石药集团,2016-09-30,0.9575629710506462,0,0,-0.02190476190476187,0,-0.42272801368135215,减速,0,0,Consolidation,C
01093,石药集团,2016-10-07,1.4992778169581895,0,0,0.4877384196185286,0,-0.39025088734485947,加速,0,0,Consolidation,C
01093,石药集团,2016-10-14,0.977870989454585,0,0,-0.05866177818515117,0,-0.4017015472000791,减速,0,0,Consolidation,C
01093,石药集团,2016-10-21,0.9462652447888825,0,0,-0.128623188405797,0,-0.38472754420197275,平稳,0,0,Consolidation,C
01093,石药集团,2016-10-28,0.8255886729504153,0,0,-0.21999999999999997,0,-0.4153576780818692,减速,0,0,Pullback,C
01093,石药集团,2016-11-04,1.145908341158036,0,0,0.052816901408450745,0,-0.423569073226731,减速,0,0,Pullback,C
01093,石药集团,2016-11-11,1.2529546717699185,0,0,0.13043478260869557,0,-0.4180038911687427,加速,0,0,Pullback,C
01093,石药集团,2016-11-18,1.1221539568055925,0,0,0.03559322033898282,0,-0.4107885228327668,加速,0,0,Pullback,C
01093,石药集团,2016-11-25,1.714620174319618,0,0,0.6525423728813557,0,-0.38039505842348886,加速,0,0,Consolidation,C
01093,石药集团,2016-12-02,2.231957673552969,1,0,1.1158059467918622,0,-0.3912692270353373,加速,0,0,Consolidation,C
01093,石药集团,2016-12-09,1.225868577376695,0,0,0.15686274509803932,0,-0.3832764548914359,平稳,0,0,Consolidation,C
01093,石药集团,2016-12-16,1.0728508112437452,0,0,-0.0072727272727272085,0,-0.4063223026383278,减速,0,0,Consolidation,C
01093,石药集团,2016-12-23,0.848211082639742,0,0,-0.20697167755991275,0,-0.41482913300762425,减速,0,0,Pullback,C
01093,石药集团,2016-12-30,0.266393607972413,0,1,-0.744712990936556,0,-0.3823081254258097,加速,0,0,Consolidation,C
01093,石药集团,2017-01-06,0.5073982473738513,0,0,-0.4891740176423417,0,-0.4006626673966791,减速,0,0,Pullback,C
01093,石药集团,2017-01-13,0.9673158213719705,0,0,-0.07955449482895793,0,-0.3793288867808887,加速,0,0,Consolidation,C
01093,石药集团,2017-01-20,1.4733476464397786,0,0,0.3756613756613756,0,-0.34521647459879345,加速,0,0,Consolidation,C
01093,石药集团,2017-01-27,0.8988375458887108,0,0,-0.16753536857781104,0,-0.37038359797444,减速,0,0,Consolidation,C
01093,石药集团,2017-02-03,0.5203658341224526,0,0,-0.5100000000000001,0,-0.3633327298596599,平稳,0,0,Consolidation,C
01093,石药集团,2017-02-10,1.1143207698899456,0,0,0.07503828483920372,0,-0.34823414003872744,加速,0,0,Consolidation,C
01093,石药集团,2017-02-17,1.529393632854103,0,0,0.46559297218155216,0,-0.3624652318718642,减速,0,0,Consolidation,C
01093,石药集团,2017-02-24,2.5754061332122173,1,0,1.4119223040857336,1,-0.3258914421777136,加速,0,0,Consolidation,C
01093,石药集团,2017-03-03,1.0805625500035636,0,0,0.10185185185185164,0,-0.3464413580432135,减速,0,0,Consolidation,C
01093,石药集团,2017-03-10,1.064460410051497,0,0,0.10106761565836275,0,-0.3436511519311508,平稳,0,0,Consolidation,C
01093,石药集团,2017-03-17,1.0223616459235387,0,0,0.06497175141242928,0,-0.30070177248597096,加速,0,0,Consolidation,C
01093,石药集团,2017-03-24,1.9713137109555054,1,0,0.9777211966900063,0,-0.31020249524015997,减速,0,0,Consolidation,C
01093,石药集团,2017-03-31,0.7129690700033586,0,0,-0.314530962599632,0,-0.30795200243301857,减速,0,0,Consolidation,C
01093,石药集团,2017-04-07,0.6858275314839918,0,0,-0.359375,0,-0.33136349585717706,减速,0,0,Consolidation,C
01093,石药集团,2017-04-14,0.9210930756210728,0,0,-0.1585510688836106,0,-0.30161805195633884,加速,0,0,Consolidation,C
01093,石药集团,2017-04-21,0.9562185416247044,0,0,-0.15012106537530256,0,-0.28820556938012043,加速,0,0,Consolidation,C
01093,石药集团,2017-04-28,1.0245866695745163,0,0,-0.10344827586206906,0,-0.3001635704675162,减速,0,0,Consolidation,C
01093,石药集团,2017-05-05,0.913439888158627,0,0,-0.2286866359447004,0,-0.29134877683451676,平稳,0,0,Consolidation,C
01093,石药集团,2017-05-12,0.8330024647732677,0,0,-0.2903600464576074,0,-0.2845266326122351,加速,0,0,Consolidation,C
01093,石药集团,2017-05-19,1.142307940555808,0,0,0.037558685446009266,0,-0.29901985331757186,减速,0,0,Consolidation,C
01093,石药集团,2017-05-26,0.9522409812825395,0,0,-0.02268308489954629,0,-0.2887045019169797,平稳,0,0,Consolidation,C
01093,石药集团,2017-06-02,0.7084965863373911,0,0,-0.2514890800794176,0,-0.2509976351939043,加速,0,0,Consolidation,C
01093,石药集团,2017-06-09,0.6626146627050199,0,0,-0.310204081632653,0,-0.2627598055828677,减速,0,0,Consolidation,C
01093,石药集团,2017-06-16,0.8787051199333464,0,0,-0.06442769019876615,0,-0.2610232902334598,减速,0,0,Consolidation,C
01093,石药集团,2017-06-23,0.7037635862930004,0,0,-0.14395099540581902,0,-0.241301830478583,加速,0,0,Consolidation,C
01093,石药集团,2017-06-30,0.7024458431093916,0,0,-0.15325670498084287,0,-0.28950063579507257,减速,0,0,Pullback,C
01093,石药集团,2017-07-07,0.8725476718930748,0,0,0.009803921568627416,0,-0.2721632762912346,平稳,0,0,Pullback,C
01093,石药集团,2017-07-14,0.6210118661712016,0,0,-0.321651090342679,0,-0.26496504273608323,加速,0,0,Consolidation,C
01093,石药集团,2017-07-21,0.5683534954772894,0,0,-0.3689320388349513,0,-0.2643796719731464,平稳,0,0,Consolidation,C
01093,石药集团,2017-07-28,0.9954379063348805,0,0,0.0948487326246934,0,-0.27420794750890487,平稳,0,0,Consolidation,C
01093,石药集团,2017-08-04,0.8668283354247168,0,0,-0.043010752688172005,0,-0.2588260440733303,平稳,0,0,Consolidation,C
01093,石药集团,2017-08-11,0.9144336789641189,0,0,-0.049044056525353374,0,-0.27847646483551347,减速,0,0,Consolidation,C
01093,石药集团,2017-08-18,0.7485234137553172,0,0,-0.1782265144863917,0,-0.24610273279794503,加速,0,0,Consolidation,C
01093,石药集团,2017-08-25,1.1210844161213482,0,0,0.22054915854738733,0,-0.23054893260246,加速,0,0,Consolidation,C
01093,石药集团,2017-09-01,0.9616116413588602,0,0,0.03356890459363959,0,-0.23737410402199233,减速,0,0,Consolidation,C
01093,石药集团,2017-09-08,0.9299496901021858,0,0,0.0017513134851137035,0,-0.25578179539569157,平稳,0,0,Consolidation,C
01093,石药集团,2017-09-15,1.2186661319022987,0,0,0.277391304347826,0,-0.2643743086128534,减速,0,0,Pullback,C
01093,石药集团,2017-09-22,1.3002981077762534,0,0,0.35690235690235683,0,-0.20511469189994047,加速,0,0,Consolidation,C
01093,石药集团,2017-09-29,0.872552570158808,0,0,-0.09021922428330509,0,-0.2295114582915866,减速,0,0,Consolidation,C
01093,石药集团,2017-10-06,0.5241946688198605,0,0,-0.45929203539823005,0,-0.23144146827246825,加速,0,0,Consolidation,C
01093,石药集团,2017-10-13,1.8433699213720818,1,0,0.7832792207792207,0,-0.26276639244185196,减速,0,0,Pullback,C
01093,石药集团,2017-10-20,2.1612952684685,1,0,0.9992779783393497,0,-0.22482457702959824,加速,0,0,Consolidation,C
01093,石药集团,2017-10-27,1.670215878199696,0,0,0.5141281874569263,0,-0.24756329715164171,减速,0,0,Consolidation,C
01093,石药集团,2017-11-03,1.3894319490301865,0,0,0.22739361702127647,0,-0.19543186140035973,加速,0,0,Consolidation,C
01093,石药集团,2017-11-10,1.827837117602654,1,0,0.5806451612903225,0,-0.17147133750341292,加速,0,0,Consolidation,C
01093,石药集团,2017-11-17,1.4737803058938863,0,0,0.25806451612903225,0,-0.1789488288096328,减速,0,0,Consolidation,C
01093,石药集团,2017-11-24,1.6560293957055845,0,0,0.39363484087102174,0,-0.20258736700384405,减速,0,0,Consolidation,C
01093,石药集团,2017-12-01,1.5803527009034262,0,0,0.33702531645569644,0,-0.20519491086827524,减速,0,0,Consolidation,C
01093,石药集团,2017-12-08,1.2771096562255067,0,0,0.07508878741755454,0,-0.1882720614411998,减速,0,0,Consolidation,C
01093,石药集团,2017-12-15,1.0612157508988327,0,0,-0.09514271407110653,0,-0.22079902485357084,平稳,0,0,Consolidation,C
01093,石药集团,2017-12-22,0.7735549479308748,0,0,-0.3348530901722391,0,-0.18793103261135935,加速,0,0,Consolidation,C
01093,石药集团,2017-12-29,0.43327283127671795,0,1,-0.6260914227015921,0,-0.20249076277458555,减速,0,0,Consolidation,C
01093,石药集团,2018-01-05,1.5129200566579104,0,0,0.2716049382716048,0,-0.16064282851358713,加速,0,0,Consolidation,C
01093,石药集团,2018-01-12,1.1625625114293636,0,0,0.0033349213911386677,0,-0.15417662675827526,加速,0,0,Consolidation,C
01093,石药集团,2018-01-19,1.1184819646348754,0,0,0.010757946210268932,0,-0.17963120745964212,减速,0,0,Consolidation,C
01093,石药集团,2018-01-26,1.1991218578423515,0,0,0.11500974658869412,0,-0.21276531308141877,减速,0,0,Pullback,C
01093,石药集团,2018-02-02,1.0980897585439058,0,0,0.033734939759036076,0,-0.1713841561738435,平稳,0,0,Consolidation,C
01093,石药集团,2018-02-09,1.6811711784454102,0,0,0.6014932337844141,0,-0.2198228971380235,减速,0,0,Pullback,C
01093,石药集团,2018-02-16,0.782204303347034,0,0,-0.23311132254995237,0,-0.14760162319473613,加速,0,0,Consolidation,C
01093,石药集团,2018-02-23,0.60852168785008,0,0,-0.3655378486055777,0,-0.18950408721239864,减速,0,0,Consolidation,C
01093,石药集团,2018-03-02,1.178412398531322,0,0,0.24488778054862825,0,-0.18112896230489417,平稳,0,0,Consolidation,C
01093,石药集团,2018-03-09,1.3851842055625836,0,0,0.4318840579710148,0,-0.129575516433445,加速,0,0,Consolidation,C
01093,石药集团,2018-03-16,1.349413801182222,0,0,0.36207695873898915,0,-0.13813618759305135,加速,0,0,Consolidation,C
01093,石药集团,2018-03-23,1.985278318519032,1,0,0.9049398090493983,0,-0.16614495329948886,平稳,0,0,Consolidation,C
01093,石药集团,2018-03-30,1.1325792104949883,0,0,0.02778864970645789,0,-0.16759312555729156,减速,0,0,Consolidation,C
01093,石药集团,2018-04-06,0.8326527965156675,0,0,-0.2343749999999999,0,-0.14566539800111733,加速,0,0,Consolidation,C
01093,石药集团,2018-04-13,1.3733168193119893,0,0,0.2440914374273535,0,-0.18735781550428743,减速,0,0,Consolidation,C
01093,石药集团,2018-04-20,1.167028853453748,0,0,0.04177744018230167,0,-0.15976263441761684,减速,0,0,Pullback,C
01093,石药集团,2018-04-27,0.824528944097525,0,0,-0.2614203454894434,0,-0.14780692050755118,平稳,0,0,Pullback,C
01093,石药集团,2018-05-04,0.9497040833570493,0,0,-0.1393034825870646,0,-0.1497056902816275,平稳,0,0,Pullback,C
01093,石药集团,2018-05-11,1.998299737958562,1,0,0.8632385120350108,0,-0.1644444171786138,加速,0,0,Consolidation,C
01093,石药集团,2018-05-18,1.5664166763960938,0,0,0.45130641330166266,0,-0.09635770116468079,加速,0,0,Consolidation,C
01093,石药集团,2018-05-25,1.1782140052259549,0,0,0.04872539528880293,0,-0.08007843669733294,平稳,0,0,Consolidation,C
01093,石药集团,2018-06-01,2.722261532842167,1,0,1.3576457335961707,1,-0.12183071127755019,减速,0,0,Consolidation,C
01093,石药集团,2018-06-08,1.4083989966613393,0,0,0.2259471245571001,0,-0.14920292156172954,减速,0,0,Consolidation,C
01093,石药集团,2018-06-15,1.0129416458159768,0,0,-0.10684338652961856,0,-0.14785974172782368,减速,0,0,Consolidation,C
01093,石药集团,2018-06-22,0.7961972116499453,0,0,-0.2663656884875847,0,-0.12800193409158045,减速,0,0,Pullback,C
01093,石药集团,2018-06-29,1.0376406401238694,0,0,-0.058284762697751846,0,-0.10386710046902192,平稳,0,0,Pullback,C
01093,石药集团,2018-07-06,1.2343873772923946,0,0,0.11428571428571432,0,-0.1332541094674735,减速,0,0,Pullback,C
01093,石药集团,2018-07-13,0.8635616951133015,0,0,-0.19893758300132802,0,-0.11914233126903717,加速,0,0,Pullback,C
01093,石药集团,2018-07-20,0.7916941329747177,0,0,-0.26493230687549785,0,-0.1290698149802424,减速,0,0,Pullback,C
01093,石药集团,2018-07-27,0.9824667375389076,0,0,-0.1099099099099099,0,-0.14017785063816368,减速,0,0,Consolidation,C
01093,石药集团,2018-08-03,0.7813279983202255,0,0,-0.29765545361875645,0,-0.18804462692678237,减速,0,0,Consolidation,C
01093,石药集团,2018-08-10,0.9974272648335452,0,0,-0.09246575342465757,0,-0.14065831957967,加速,0,0,Consolidation,C
01093,石药集团,2018-08-17,1.2228093238247186,0,0,0.1423309655353855,0,-0.21150496385934014,减速,0,1,Breakdown,C
01093,石药集团,2018-08-24,1.3179943934281488,0,0,0.24172185430463577,0,-0.1127632537398735,加速,0,0,Consolidation,C
01093,石药集团,2018-08-31,0.7140287217918734,0,0,-0.24978466838931956,0,-0.1681380933303127,平稳,0,0,Consolidation,C
01093,石药集团,2018-09-07,0.8452441228495806,0,0,-0.08325925925925937,0,-0.15473251532429244,减速,0,0,Consolidation,C
01093,石药集团,2018-09-14,1.799477772441429,0,0,0.9326241134751774,0,-0.1801527368064556,减速,0,1,Breakdown,C
01093,石药集团,2018-09-21,1.232723592261774,0,0,0.3026998961578402,0,-0.13193477834352074,加速,0,0,Consolidation,C
01093,石药集团,2018-09-28,0.5915106526016664,0,0,-0.38275862068965527,0,-0.19050539682312273,平稳,0,0,Consolidation,C
01093,石药集团,2018-10-05,0.50416730560755,0,0,-0.46466332776850305,0,-0.19839478324232995,减速,0,0,Consolidation,C
01093,石药集团,2018-10-12,0.8669008334592715,0,0,-0.08683628318584058,0,-0.17809394292763192,加速,0,0,Consolidation,C
01093,石药集团,2018-10-19,0.8597559799542304,0,0,-0.163596370635139,0,-0.17082198923970027,加速,0,0,Consolidation,C
01093,石药集团,2018-10-26,0.8626011609632955,0,0,-0.16629650194336465,0,-0.2111866050067739,平稳,0,0,Consolidation,C
01093,石药集团,2018-11-02,1.0419615042315609,0,0,-0.008174386920981047,0,-0.10840563036490558,加速,0,0,Consolidation,C
01093,石药集团,2018-11-09,0.6903707425385739,0,0,-0.33008356545961004,0,-0.16803326048220135,减速,0,0,Consolidation,C
01093,石药集团,2018-11-16,0.9377514326971345,0,0,-0.069575135443399,0,-0.17771645180516094,减速,0,0,Consolidation,C
01093,石药集团,2018-11-23,1.0830531850482337,0,0,0.09473684210526323,0,-0.20963206361587783,减速,0,0,Consolidation,C
01093,石药集团,2018-11-30,0.7133593894491572,0,0,-0.27904929577464777,0,-0.20058522557042102,加速,0,0,Consolidation,C
01093,石药集团,2018-12-07,2.2802361183716497,1,0,1.214865218529181,1,-0.27906927778947654,减速,0,1,Breakdown,C
01093,石药集团,2018-12-14,1.5622412361771867,0,0,0.6036928017126038,0,-0.3138083496250944,减速,0,1,Breakdown,C
01093,石药集团,2018-12-21,1.627806770097006,0,0,0.7054705729841848,0,-0.2858454681829057,加速,0,1,Breakdown,C
01093,石药集团,2018-12-28,0.4488829508201003,0,1,-0.5364446775039329,0,-0.24936354926493398,加速,0,0,Consolidation,C
01093,石药集团,2019-01-04,1.0748334848432906,0,0,0.061623246492986006,0,-0.23587648393211402,加速,0,0,Consolidation,C
01093,石药集团,2019-01-11,1.4021623813948934,0,0,0.3411708253358925,0,-0.22171887975906002,加速,0,0,Consolidation,C
01093,石药集团,2019-01-18,1.1799285434993607,0,0,0.1230840687412913,0,-0.1901015718740482,加速,0,0,Consolidation,C
01093,石药集团,2019-01-25,0.8883391670678846,0,0,-0.158595363782419,0,-0.21199837014773937,减速,0,0,Consolidation,C
01093,石药集团,2019-02-01,1.1380882092767834,0,0,0.027784052405692483,0,-0.17815430582673253,加速,0,0,Consolidation,C
01093,石药集团,2019-02-08,0.19859538838371232,0,1,-0.8246511627906976,0,-0.2356955407423701,减速,0,0,Consolidation,C
01093,石药集团,2019-02-15,0.9334247447407451,0,0,-0.17040462427745673,0,-0.22618179052088583,加速,0,0,Consolidation,C
01093,石药集团,2019-02-22,1.3017554074921829,0,0,0.1772921829240819,0,-0.20881100388838025,减速,0,0,Consolidation,C
01093,石药集团,2019-03-01,1.0345746571170602,0,0,-0.08442694663167116,0,-0.231316935816279,减速,0,0,Consolidation,C
01093,石药集团,2019-03-08,0.9632471859773997,0,0,-0.06747159090909072,0,-0.24836268915326265,平稳,0,0,Consolidation,C
01093,石药集团,2019-03-15,0.7524019747458652,0,0,-0.22669332666833286,0,-0.21217796800176802,加速,0,0,Consolidation,C
01093,石药集团,2019-03-22,1.2300803041805106,0,0,0.32305319969159596,0,-0.17426799327348053,加速,0,0,Consolidation,C
01093,石药集团,2019-03-29,0.5609793632606341,0,0,-0.4084900864260296,0,-0.18916576476939895,减速,0,0,Consolidation,C
01093,石药集团,2019-04-05,0.5699935220794803,0,0,-0.378991818421747,0,-0.17882207881270418,加速,0,0,Consolidation,C
01093,石药集团,2019-04-12,0.9084589343026602,0,0,0.02659720318069647,0,-0.190406269159063,平稳,0,0,Consolidation,C
01093,石药集团,2019-04-19,0.5583145933137976,0,0,-0.3298580944106574,0,-0.21170834136424266,减速,0,0,Consolidation,C
01093,石药集团,2019-04-26,0.6524175491670152,0,0,-0.2578055307760929,0,-0.21265739086296587,减速,0,0,Pullback,C
01093,石药集团,2019-05-03,0.5020772449946814,0,0,-0.4267131979695431,0,-0.18501095672461376,加速,0,0,Consolidation,C
01093,石药集团,2019-05-10,1.1397639596267524,0,0,0.16303708063566802,0,-0.22858865331919076,减速,0,0,Consolidation,C
01093,石药集团,2019-05-17,0.8066494471717529,0,0,-0.15149700598802385,0,-0.207028858794995,加速,0,0,Consolidation,C
01093,石药集团,2019-05-24,0.9696184597972578,0,0,0.05691056910569103,0,-0.25730989854458297,减速,0,0,Consolidation,C
01093,石药集团,2019-05-31,0.9793604217919407,0,0,0.05113454777884319,0,-0.2397251554369486,加速,0,0,Consolidation,C
01093,石药集团,2019-06-07,1.0727414211557638,0,0,0.1452081316553726,0,-0.25883594779040564,减速,0,0,Consolidation,C
01093,石药集团,2019-06-14,0.7746639824115805,0,0,-0.1744680851063829,0,-0.2556786231491601,加速,0,0,Consolidation,C
01093,石药集团,2019-06-21,0.9248562888476042,0,0,0.018370883882148803,0,-0.22035285672646576,加速,0,0,Consolidation,C
01093,石药集团,2019-06-28,0.8084868208283138,0,0,-0.09281540048126513,0,-0.21033407421124717,加速,0,0,Consolidation,C
01093,石药集团,2019-07-05,0.8915153537148244,0,0,-0.02169491525423739,0,-0.22907382232199314,加速,0,0,Consolidation,C
01093,石药集团,2019-07-12,1.039970793143951,0,0,0.12015104703055268,0,-0.22439220601913457,减速,0,0,Consolidation,C
01093,石药集团,2019-07-19,1.5414891942499362,0,0,0.5711989713918353,0,-0.21901833092082468,加速,0,0,Consolidation,C
01093,石药集团,2019-07-26,1.157202442870282,0,0,0.1378555798687089,0,-0.18392845620445697,加速,0,0,Consolidation,C
01093,石药集团,2019-08-02,0.7697160898278886,0,0,-0.2626387176325523,0,-0.2465137315624376,减速,0,0,Consolidation,C
01093,石药集团,2019-08-09,1.0041979032622579,0,0,-0.041587901701323315,0,-0.23232674092320926,减速,0,0,Consolidation,C
01093,石药集团,2019-08-16,0.8593888754672602,0,0,-0.1761723700887199,0,-0.20752311022700998,加速,0,0,Consolidation,C
01093,石药集团,2019-08-23,2.7634379311049373,1,0,1.5827338129496398,1,-0.11739216697961397,加速,0,0,Consolidation,C
01093,石药集团,2019-08-30,1.8652921549635073,1,0,0.6952134540750323,0,-0.1840431363987931,减速,0,0,Consolidation,C
01093,石药集团,2019-09-06,0.9869893504340024,0,0,-0.0880144965053069,0,-0.1853328512816501,减速,0,0,Consolidation,C
01093,石药集团,2019-09-13,0.8433811670575948,0,0,-0.22059953881629502,0,-0.17252877658007704,减速,0,0,Consolidation,C
01093,石药集团,2019-09-20,0.6152121950936364,0,0,-0.42552638419547695,0,-0.185410474584482,减速,0,0,Consolidation,C
01093,石药集团,2019-09-27,1.3885626155789401,0,0,0.26844972758791497,0,-0.16053916407597546,加速,0,0,Consolidation,C
01093,石药集团,2019-10-04,0.49079935647067313,0,1,-0.549456109284088,0,-0.16685505019043378,平稳,0,0,Consolidation,C
01093,石药集团,2019-10-11,1.3548109324477497,0,0,0.2274951076320939,0,-0.1949345774973057,平稳,0,0,Consolidation,C
01093,石药集团,2019-10-18,0.9099729470171048,0,0,-0.149043303121853,0,-0.1308461961748022,加速,0,0,Consolidation,C
01093,石药集团,2019-10-25,0.6712674590355387,0,0,-0.36373003606388465,0,-0.11548732472974121,加速,0,0,Consolidation,C
01093,石药集团,2019-11-01,1.394615447061895,0,0,0.28891595615103527,0,-0.12386811001443498,加速,0,0,Consolidation,C
01093,石药集团,2019-11-08,1.167574109324085,0,0,0.07511848341232241,0,-0.12432050703735642,平稳,0,0,Consolidation,C
01093,石药集团,2019-11-15,0.8287847542470536,0,0,-0.24174279690794087,0,-0.13733333176853657,减速,0,0,Consolidation,C
01093,石药集团,2019-11-22,1.1802570584694179,0,0,0.20567194685743484,0,-0.1627920330496232,减速,0,0,Consolidation,C
01093,石药集团,2019-11-29,1.2800364514703713,0,0,0.38007863695937094,0,-0.2019262112852649,减速,0,0,Pullback,C
01093,石药集团,2019-12-06,0.9708824741180723,0,0,0.02391473875747341,0,-0.14146235591128165,加速,0,0,Pullback,C
01093,石药集团,2019-12-13,1.0076782004578957,0,0,0.048600508905852324,0,-0.13669286484027732,平稳,0,0,Pullback,C
01093,石药集团,2019-12-20,0.7229693027345977,0,0,-0.25677031093279834,0,-0.14890858186849854,加速,0,0,Pullback,C
01093,石药集团,2019-12-27,0.2591123992789027,0,1,-0.7169297768100164,0,-0.13939955050857622,加速,0,0,Consolidation,C
01093,石药集团,2020-01-03,0.47380410204282564,0,1,-0.49144254278728605,0,-0.15670646562706303,减速,0,0,Pullback,C
01093,石药集团,2020-01-10,0.8347546166873107,0,0,-0.13456090651558061,0,-0.15476462842581162,减速,0,0,Pullback,C
01093,石药集团,2020-01-17,1.1788911728372335,0,0,0.16536748329621376,0,-0.11627433261631759,加速,0,0,Consolidation,C
01093,石药集团,2020-01-24,1.2492370577065615,0,0,0.1969575660528422,0,-0.16948420590925906,减速,0,0,Consolidation,C
01093,石药集团,2020-01-31,0.6095297601079169,0,0,-0.38448374215630343,0,-0.18774058635182223,减速,0,0,Consolidation,C
01093,石药集团,2020-02-07,1.516176066302139,0,0,0.5711500974658872,0,-0.12444597100150434,加速,0,0,Consolidation,C
01093,石药集团,2020-02-14,0.7750011928945885,0,0,-0.21422547090244592,0,-0.14533743570278768,减速,0,0,Consolidation,C
01093,石药集团,2020-02-21,0.5254432123473707,0,0,-0.43173652694610776,0,-0.15278719089366422,平稳,0,0,Consolidation,C
01093,石药集团,2020-02-28,0.7206484613599808,0,0,-0.19399169063598587,0,-0.17318351004461063,减速,0,0,Consolidation,C
01093,石药集团,2020-03-06,0.971356535759023,0,0,0.09526895657809464,0,-0.13816926482566472,加速,0,0,Consolidation,C
01093,石药集团,2020-03-13,1.2385772523089202,0,0,0.4254019292604503,0,-0.1932657463665094,减速,0,1,Breakdown,C
01093,石药集团,2020-03-20,1.6042375977205883,0,0,0.7354179194227299,0,-0.17451577719653777,减速,0,0,Consolidation,C
01093,石药集团,2020-03-27,1.1440982112051048,0,0,0.1466292134831464,0,-0.13651417708913094,加速,0,0,Consolidation,C
01093,石药集团,2020-04-03,1.1377967075584234,0,0,0.1071237279057311,0,-0.1894110976905342,减速,0,0,Consolidation,C
01093,石药集团,2020-04-10,0.7379692800981484,0,0,-0.30043266630611143,0,-0.13053061161283164,加速,0,0,Consolidation,C
01093,石药集团,2020-04-17,0.7894081736167642,0,0,-0.25579447081820716,0,-0.18184452167366494,减速,0,0,Consolidation,C
01093,石药集团,2020-04-24,1.2032626579868195,0,0,0.14985915492957735,0,-0.19057666509060223,减速,0,0,Consolidation,C
01093,石药集团,2020-05-01,0.7098512191704589,0,0,-0.33997194950911636,0,-0.18556473180661082,平稳,0,0,Consolidation,C
01093,石药集团,2020-05-08,0.9751395910939019,0,0,-0.03874593315587094,0,-0.14171974732795634,加速,0,0,Consolidation,C
01093,石药集团,2020-05-15,0.8370932635639987,0,0,-0.15893648449039888,0,-0.18329062788984418,平稳,0,0,Consolidation,C
01093,石药集团,2020-05-22,1.1091454836316168,0,0,0.10200621644532348,0,-0.21277672257727853,平稳,0,0,Consolidation,C
01093,石药集团,2020-05-29,1.9743871451148451,1,0,0.8785166240409208,1,-0.21273507419947402,平稳,0,0,Consolidation,C
01093,石药集团,2020-06-05,1.2569249264946467,0,0,0.17887394120577982,0,-0.1722322401135663,加速,0,0,Consolidation,C
01093,石药集团,2020-06-12,0.942407565726857,0,0,-0.11596041613803598,0,-0.19983093294369947,减速,0,0,Consolidation,C
01093,石药集团,2020-06-19,1.166370338152261,0,0,0.16119791666666683,0,-0.12095326282089558,加速,0,0,Consolidation,C
01093,石药集团,2020-06-26,0.826297054215991,0,0,-0.19095744680851057,0,-0.11392737721455493,加速,0,0,Consolidation,C
01093,石药集团,2020-07-03,0.8677580784436166,0,0,-0.13286334056399118,0,-0.1320915456429287,减速,0,0,Consolidation,C
01093,石药集团,2020-07-10,1.2583269216378195,0,0,0.255567063697566,0,-0.13863306222490357,平稳,0,0,Consolidation,C
01093,石药集团,2020-07-17,1.5864493235125512,0,0,0.5443373493975903,0,-0.14142286410278004,加速,0,0,Consolidation,C
01093,石药集团,2020-07-24,0.970144032449707,0,0,-0.042501811156725466,0,-0.17232945946902356,减速,0,0,Consolidation,C
01093,石药集团,2020-07-31,0.9399686120033655,0,0,-0.10724365004703673,0,-0.1047911466295881,加速,0,0,Consolidation,C
01093,石药集团,2020-08-07,0.7853730485300762,0,0,-0.2760736196319018,0,-0.15366932626142238,减速,0,0,Consolidation,C
01093,石药集团,2020-08-14,0.7243121551373845,0,0,-0.3427828962910464,0,-0.1461599279137782,减速,0,0,Pullback,C
01093,石药集团,2020-08-21,0.5834000074997058,0,0,-0.46744696415508413,0,-0.13866769455793626,加速,0,0,Consolidation,C
01093,石药集团,2020-08-28,1.1295597881351462,0,0,0.12196382428940566,0,-0.1140010106325664,加速,0,0,Consolidation,C
01093,石药集团,2020-09-04,1.1444309906050094,0,0,0.1646325629706571,0,-0.16748854604352958,减速,0,0,Consolidation,C
01093,石药集团,2020-09-11,0.5314150844258014,0,0,-0.45760898635998926,0,-0.14488321175936913,减速,0,0,Pullback,C
01093,石药集团,2020-09-18,0.4720585497159643,0,1,-0.4923599320882852,0,-0.1335340208254826,加速,0,0,Pullback,C
01093,石药集团,2020-09-25,0.44936792066776376,0,1,-0.514585764294049,0,-0.16713002478679584,减速,0,0,Consolidation,C
01093,石药集团,2020-10-02,0.256919333088418,0,1,-0.7123540258143823,0,-0.13312448795029663,加速,0,0,Consolidation,C
01093,石药集团,2020-10-09,0.4420867392280457,0,1,-0.4801732755748085,0,-0.12143573740976632,加速,0,0,Consolidation,C
01093,石药集团,2020-10-16,0.6493431963564827,0,0,-0.21123595505617965,0,-0.1770914153260409,减速,0,0,Consolidation,C
01093,石药集团,2020-10-23,0.8414826557396253,0,0,0.03230829116387701,0,-0.18134631989490357,减速,0,0,Consolidation,C
01093,石药集团,2020-10-30,0.6882667641566905,0,0,-0.13155737704918036,0,-0.17657241536515889,平稳,0,0,Consolidation,C
01093,石药集团,2020-11-06,1.3400648689773913,0,0,0.6211278792692614,0,-0.14934858556251884,加速,0,0,Consolidation,C
01093,石药集团,2020-11-13,1.3149101411018362,0,0,0.563573883161512,0,-0.14490269795055877,加速,0,0,Consolidation,C
01093,石药集团,2020-11-20,0.9438967231021612,0,0,0.09304932735425986,0,-0.16272890361884262,平稳,0,0,Consolidation,C
01093,石药集团,2020-11-27,1.9970891032899334,1,0,1.2340876944837342,0,-0.1824338297175313,减速,0,1,Breakdown,C
01093,石药集团,2020-12-04,1.8986687660328387,1,0,1.031940197077812,0,-0.15015420031658744,加速,0,0,Consolidation,C
01093,石药集团,2020-12-11,1.4566065280500058,0,0,0.4724785237034679,0,-0.21020259428131394,减速,0,1,Breakdown,C
01093,石药集团,2020-12-18,2.0796596374009098,1,0,0.9584511023176934,0,-0.15680134605585017,加速,0,0,Consolidation,C
01093,石药集团,2020-12-25,0.6120337004364685,0,0,-0.43827160493827155,0,-0.18057721922127423,减速,0,0,Consolidation,C
01093,石药集团,2021-01-01,0.871810143285505,0,0,-0.22952586206896552,0,-0.14569878982543805,加速,0,0,Consolidation,C
01093,石药集团,2021-01-08,1.0175067080163613,0,0,-0.11624286455630506,0,-0.14999806321642795,加速,0,0,Consolidation,C
01093,石药集团,2021-01-15,0.7305853607513846,0,0,-0.38926174496644295,0,-0.17222183028214677,减速,0,0,Consolidation,C
01093,石药集团,2021-01-22,1.6384691343825273,0,0,0.3178256611165522,0,-0.15306861046689524,加速,0,0,Consolidation,C
01093,石药集团,2021-01-29,1.2115500818051008,0,0,-0.03044607033278246,0,-0.2024432939885692,减速,0,0,Consolidation,C
01093,石药集团,2021-02-05,1.2890537023245594,0,0,0.06761815629387002,0,-0.2013442144787323,加速,0,0,Consolidation,C
01093,石药集团,2021-02-12,0.4527322925363593,0,1,-0.60828025477707,0,-0.14867355203260746,平稳,0,0,Consolidation,C
01093,石药集团,2021-02-19,0.720294421131043,0,0,-0.3591323638156273,0,-0.12718852115559987,加速,0,0,Consolidation,C
01093,石药集团,2021-02-26,1.147173355737706,0,0,0.10276781137878,0,-0.18762217295757078,减速,0,0,Consolidation,C
01093,石药集团,2021-03-05,0.8989999962729672,0,0,-0.07393416082029147,0,-0.16493089749482548,加速,0,0,Consolidation,C
01093,石药集团,2021-03-12,1.7693772139193582,0,0,0.8390568939005636,0,-0.09965357733776103,加速,0,0,Consolidation,C
01093,石药集团,2021-03-19,1.1631604721437976,0,0,0.29583110636023524,0,-0.13917206081472866,减速,0,0,Consolidation,C
01093,石药集团,2021-03-26,0.6927664995657608,0,0,-0.252167060677699,0,-0.14507316595405295,减速,0,0,Consolidation,C
01093,石药集团,2021-04-02,0.5793450434903559,0,0,-0.3821030270844399,0,-0.13471559493290697,加速,0,0,Consolidation,C
01093,石药集团,2021-04-09,0.2854882877353264,0,1,-0.6850459482038429,0,-0.14361655440376986,平稳,0,0,Consolidation,C
01093,石药集团,2021-04-16,0.5825518003866831,0,0,-0.38596981553940757,0,-0.126353149196886,平稳,0,0,Consolidation,C
01093,石药集团,2021-04-23,0.6276344807516089,0,0,-0.3334332833583208,0,-0.11425004377498571,加速,0,0,Consolidation,C
01093,石药集团,2021-04-30,0.5369724517870064,0,0,-0.4199367088607596,0,-0.14601139309970057,减速,0,0,Consolidation,C
01093,石药集团,2021-05-07,0.4030790060196202,0,1,-0.5703958691910498,0,-0.1407332032318821,减速,0,0,Pullback,C
01093,石药集团,2021-05-14,1.2695776550243307,0,0,0.3222473361317406,0,-0.06049482307363108,加速,0,0,Consolidation,C
01093,石药集团,2021-05-21,0.9961021731306628,0,0,0.025119236883942797,0,-0.10706935751387359,减速,0,0,Consolidation,C
01093,石药集团,2021-05-28,1.1404295516642027,0,0,0.19935483870967752,0,-0.1025671806816133,加速,0,0,Consolidation,C
01093,石药集团,2021-06-04,0.9213432999232285,0,0,-0.009120521172638507,0,-0.11596452070431484,平稳,0,0,Consolidation,C
01093,石药集团,2021-06-11,0.5518009356134181,0,0,-0.3524528301886791,0,-0.08525941072066023,平稳,0,0,Consolidation,C
01093,石药集团,2021-06-18,0.8471497597068716,0,0,0.040000000000000036,0,-0.12099759965655033,减速,0,0,Consolidation,C
01093,石药集团,2021-06-25,0.8599607776970861,0,0,0.03427172582619331,0,-0.1014890755974257,平稳,0,0,Pullback,C
01093,石药集团,2021-07-02,0.6268870220321585,0,0,-0.23529411764705876,0,-0.130288337867566,减速,0,0,Pullback,C
01093,石药集团,2021-07-09,1.461985699830227,0,0,0.661544227886057,0,-0.11784982032860591,减速,0,0,Consolidation,C
01093,石药集团,2021-07-16,0.9857801880339814,0,0,0.07378854625550657,0,-0.10032631505004264,加速,0,0,Pullback,C
01093,石药集团,2021-07-23,0.45280966487331775,0,1,-0.5099886920467395,0,-0.10540034024737688,平稳,0,0,Pullback,C
01093,石药集团,2021-07-30,1.363941426806649,0,0,0.31209735146743034,0,-0.08964822152413143,减速,0,0,Pullback,C
01093,石药集团,2021-08-06,0.6394840396939605,0,0,-0.42877391920623675,0,-0.10832175036735614,加速,0,0,Pullback,C
01093,石药集团,2021-08-13,0.6249749305020245,0,0,-0.41561904761904767,0,-0.115016656951477,加速,0,0,Consolidation,C
01093,石药集团,2021-08-20,1.033269683571646,0,0,-0.005050505050504972,0,-0.1858129663778174,减速,0,0,Consolidation,C
01093,石药集团,2021-08-27,1.1023457147289617,0,0,0.12614770459081837,0,-0.17372284462257304,减速,0,0,Consolidation,C
01093,石药集团,2021-09-03,0.9974500189921849,0,0,0.04252733900364536,0,-0.09655478048829236,加速,0,0,Consolidation,C
01093,石药集团,2021-09-10,0.5119945181127866,0,0,-0.4665572425112843,0,-0.1173726548756715,减速,0,0,Consolidation,C
01093,石药集团,2021-09-17,0.54738113021096,0,0,-0.4176621160409555,0,-0.10619237194148634,平稳,0,0,Consolidation,C
01093,石药集团,2021-09-24,0.628227444794732,0,0,-0.30162923822104803,0,-0.13508866945415188,减速,0,0,Consolidation,C
01093,石药集团,2021-10-01,0.5857896454367034,0,0,-0.37237371479660253,0,-0.13577572101719382,加速,0,0,Consolidation,C
01093,石药集团,2021-10-08,0.5950471771355198,0,0,-0.31784107946026996,0,-0.11887635696233745,平稳,0,0,Consolidation,C
01093,石药集团,2021-10-15,0.643214079144478,0,0,-0.2547770700636942,0,-0.1531954798264945,减速,0,1,Breakdown,C
01093,石药集团,2021-10-22,1.355230850051311,0,0,0.46169154228855724,0,-0.13474196717964737,加速,0,0,Consolidation,C
01093,石药集团,2021-10-29,0.8222344243373473,0,0,-0.03858520900321538,0,-0.16514482162429844,减速,0,1,Breakdown,C
01093,石药集团,2021-11-05,0.7389143682129902,0,0,-0.1556629092860976,0,-0.16655482797775556,平稳,0,1,Breakdown,C
01093,石药集团,2021-11-12,0.83580586588755,0,0,-0.0664893617021276,0,-0.13419238334080452,加速,0,0,Consolidation,C
01093,石药集团,2021-11-19,0.6895315609370588,0,0,-0.2024539877300613,0,-0.1457662968475082,加速,0,0,Consolidation,C
01093,石药集团,2021-11-26,0.7874086230009927,0,0,-0.11590774689532801,0,-0.12344190055802795,平稳,0,0,Consolidation,C
01093,石药集团,2021-12-03,1.3022296031839555,0,0,0.46761734997029114,0,-0.11700969156464847,加速,0,0,Consolidation,C
01093,石药集团,2021-12-10,1.1397311511956254,0,0,0.26069594980034205,0,-0.10607600271638296,加速,0,0,Consolidation,C
01093,石药集团,2021-12-17,0.9886910473774378,0,0,0.017897091722595126,0,-0.15516677731522233,减速,0,0,Consolidation,C
01093,石药集团,2021-12-24,0.7049644996517711,0,0,-0.2708215297450425,0,-0.13331205594451156,加速,0,0,Consolidation,C
01093,石药集团,2021-12-31,0.4080815417150964,0,1,-0.5750145942790426,0,-0.11310469457166172,加速,0,0,Consolidation,C
01093,石药集团,2022-01-07,1.038346831803521,0,0,0.0480274442538593,0,-0.11002443108922855,加速,0,0,Consolidation,C
01093,石药集团,2022-01-14,1.4920600618242819,0,0,0.41856677524429986,0,-0.09713326154064739,加速,0,0,Consolidation,C
01093,石药集团,2022-01-21,1.3650302257210722,0,0,0.3159065628476081,0,-0.10997035664444832,平稳,0,0,Consolidation,C
01093,石药集团,2022-01-28,1.3884109296521567,0,0,0.3477321814254859,0,-0.13553718098581602,减速,0,0,Pullback,C
01093,石药集团,2022-02-04,0.2876885427797156,0,1,-0.7135593220338983,0,-0.10754232035561473,加速,0,0,Consolidation,C
01093,石药集团,2022-02-11,1.0095810791226865,0,0,0.005079006772009009,0,-0.1391900263540442,减速,0,0,Consolidation,C
01093,石药集团,2022-02-18,0.5863051158100726,0,0,-0.4172413793103448,0,-0.10516326861132919,加速,0,0,Consolidation,C
01093,石药集团,2022-02-25,0.7309803638316903,0,0,-0.2605919907138712,0,-0.12928721031769597,减速,0,0,Pullback,C
01093,石药集团,2022-03-04,0.9986842300275198,0,0,0.052158273381295084,0,-0.14210395059867387,减速,0,0,Consolidation,C
01093,石药集团,2022-03-11,1.2688578904504364,0,0,0.31092436974789917,0,-0.14755656901674152,减速,0,0,Consolidation,C
01093,石药集团,2022-03-18,2.075759926486639,1,0,1.088008800880088,1,-0.07836596106602278,加速,0,0,Consolidation,C
01093,石药集团,2022-03-25,1.3564677431248662,0,0,0.3244514106583072,0,-0.11628758446943976,加速,0,0,Consolidation,C
01093,石药集团,2022-04-01,1.1429016882226484,0,0,0.0662055335968379,0,-0.16145615091584697,减速,0,0,Consolidation,C
01093,石药集团,2022-04-08,1.0661861051202481,0,0,0.0004901960784313708,0,-0.1608472981324337,平稳,0,0,Consolidation,C
01093,石药集团,2022-04-15,0.5503091753880162,0,0,-0.4580510682647211,0,-0.12152262691408267,减速,0,0,Consolidation,C
01093,石药集团,2022-04-22,0.6829634212930666,0,0,-0.3124318429661941,0,-0.1398208695259675,减速,0,0,Consolidation,C
01093,石药集团,2022-04-29,0.7897789690197888,0,0,-0.1907481439177613,0,-0.12974832351588128,平稳,0,0,Consolidation,C
01093,石药集团,2022-05-06,0.5065233258422583,0,0,-0.503370786516854,0,-0.17957509253321935,减速,0,0,Consolidation,C
01093,石药集团,2022-05-13,0.6843889358632361,0,0,-0.3106628242074927,0,-0.13696542037858406,加速,0,0,Consolidation,C
01093,石药集团,2022-05-20,0.693788186796865,0,0,-0.3021130782410053,0,-0.1317451670894717,加速,0,0,Consolidation,C
01093,石药集团,2022-05-27,1.115656631018606,0,0,0.09473684210526323,0,-0.14803318375898833,减速,0,0,Consolidation,C
01093,石药集团,2022-06-03,1.806413242628897,1,0,0.7044745057232051,1,-0.1907993671837187,平稳,0,0,Consolidation,C
01093,石药集团,2022-06-10,1.3922488462811076,0,0,0.30666666666666664,0,-0.14486128331060855,平稳,0,0,Consolidation,C
01093,石药集团,2022-06-17,1.202722919271764,0,0,0.18958904109589048,0,-0.14439947497930894,减速,0,0,Consolidation,C
01093,石药集团,2022-06-24,1.3143546967642565,0,0,0.3699231613611418,0,-0.09621085291061915,加速,0,0,Consolidation,C
01093,石药集团,2022-07-01,0.7237066218579863,0,0,-0.2248722316865417,0,-0.12993387352303754,减速,0,0,Consolidation,C
01093,石药集团,2022-07-08,1.394282135071649,0,0,0.5112947658402207,0,-0.09015917619158531,加速,0,0,Consolidation,C
01093,石药集团,2022-07-15,1.0451258715379688,0,0,0.10390295358649793,0,-0.13260216212700415,减速,0,0,Consolidation,C
01093,石药集团,2022-07-22,0.7714928338279693,0,0,-0.19979134063641102,0,-0.11666901617492031,平稳,0,0,Consolidation,C
01093,石药集团,2022-07-29,0.9205852726945833,0,0,-0.06570841889117052,0,-0.11102366437281852,平稳,0,0,Consolidation,C
01093,石药集团,2022-08-05,0.7256255070416977,0,0,-0.31854838709677424,0,-0.09343803127989458,减速,0,0,Consolidation,C
01093,石药集团,2022-08-12,0.546204707689584,0,0,-0.5043213014743264,0,-0.12284218337996267,减速,0,0,Consolidation,C
01093,石药集团,2022-08-19,0.8281361530748353,0,0,-0.2603222557905337,0,-0.16388766102909247,减速,0,0,Consolidation,C
01093,石药集团,2022-08-26,0.806856130729323,0,0,-0.2896907216494846,0,-0.11259692178777592,加速,0,0,Consolidation,C
01093,石药集团,2022-09-02,1.0043122351560856,0,0,-0.037301151947339406,0,-0.13164744648283588,平稳,0,0,Consolidation,C
01093,石药集团,2022-09-09,0.7223060633272625,0,0,-0.2685614849187936,0,-0.10257991823613011,加速,0,0,Consolidation,C
01093,石药集团,2022-09-16,0.6194177560720245,0,0,-0.3496034167175107,0,-0.13081258783570437,减速,0,0,Consolidation,C
01093,石药集团,2022-09-23,0.6508314482269358,0,0,-0.25472312703583067,0,-0.16177491560767354,减速,0,0,Consolidation,C
01093,石药集团,2022-09-30,1.1913249100829701,0,0,0.33751568381430364,0,-0.08265817687506971,加速,0,0,Consolidation,C
01093,石药集团,2022-10-07,0.5680906120842117,0,0,-0.30595482546201236,0,-0.13013786691467266,减速,0,0,Consolidation,C
01093,石药集团,2022-10-14,1.0230266918316089,0,0,0.26388888888888884,0,-0.08880202480780897,加速,0,0,Consolidation,C
01093,石药集团,2022-10-21,1.3056809921512817,0,0,0.48894842598794375,0,-0.07917620699393646,加速,0,0,Consolidation,C
01093,石药集团,2022-10-28,1.657012222572102,0,0,0.8181818181818183,0,-0.13516354780058748,减速,0,0,Consolidation,C
01093,石药集团,2022-11-04,3.310548094244985,1,0,2.2863682604272633,1,-0.0730411390324156,加速,0,0,Consolidation,C
01093,石药集团,2022-11-11,2.0179665618061007,1,0,0.8512471655328797,0,-0.10097770575031106,减速,0,0,Consolidation,C
01093,石药集团,2022-11-18,1.7848482069293448,0,0,0.6066191872643485,0,-0.09035699440041967,加速,0,0,Consolidation,C
01093,石药集团,2022-11-25,1.1328796687437215,0,0,-0.019862180786380135,0,-0.10402211144804852,减速,0,0,Consolidation,C
01093,石药集团,2022-12-02,2.313501659337058,1,0,0.9357664233576641,0,-0.13353674967521512,减速,0,0,Pullback,C
01093,石药集团,2022-12-09,2.7728066502532043,1,0,1.2359022556390977,0,-0.15004814226762175,减速,0,0,Consolidation,C
01093,石药集团,2022-12-16,1.747582444725329,0,0,0.368814729574223,0,-0.0971742338335333,加速,0,0,Pullback,C
01093,石药集团,2022-12-23,0.6503051861368507,0,0,-0.4912081678956325,0,-0.10589578576404124,减速,0,0,Consolidation,C
01093,石药集团,2022-12-30,0.5092883400589776,0,0,-0.5953890489913545,0,-0.1315097177839537,平稳,0,0,Consolidation,C
01093,石药集团,2023-01-06,0.8440372984234972,0,0,-0.3345454545454545,0,-0.09032227628454925,加速,0,0,Consolidation,C
01093,石药集团,2023-01-13,1.3895532977620884,0,0,0.09200000000000008,0,-0.08021352535953441,加速,0,0,Consolidation,C
01093,石药集团,2023-01-20,0.7095228755698114,0,0,-0.4403743315508021,0,-0.08555236156984114,平稳,0,0,Consolidation,C
01093,石药集团,2023-01-27,0.22395791150026162,0,1,-0.8179271708683473,0,-0.09355529064002699,减速,0,0,Consolidation,C
01093,石药集团,2023-02-03,0.8717387514195839,0,0,-0.20189370800244366,0,-0.10213401708504755,减速,0,0,Consolidation,C
01093,石药集团,2023-02-10,0.43739549737085875,0,1,-0.5669497060744612,0,-0.10851016377167355,减速,0,0,Pullback,C
01093,石药集团,2023-02-17,0.47356896851986974,0,1,-0.5116521739130435,0,-0.11193113931808418,平稳,0,0,Consolidation,C
01093,石药集团,2023-02-24,0.5514166560734213,0,0,-0.4048970901348474,0,-0.09622168452514612,加速,0,0,Pullback,C
01093,石药集团,2023-03-03,0.7162511092875276,0,0,-0.15754753589445092,0,-0.0872020994276077,平稳,0,0,Consolidation,C
01093,石药集团,2023-03-10,0.6042426086126805,0,0,-0.15491009681881052,0,-0.16796407434523264,减速,0,1,Breakdown,C
01093,石药集团,2023-03-17,0.5487804990521998,0,0,-0.15715767634854783,0,-0.10747832532981239,加速,0,0,Consolidation,C
01093,石药集团,2023-03-24,1.3870758857707937,0,0,0.8766730401529639,0,-0.1509808577206686,减速,0,0,Consolidation,C
01093,石药集团,2023-03-31,1.0991212892836393,0,0,0.37674628210905814,0,-0.10846018643173072,加速,0,0,Consolidation,C
01093,石药集团,2023-04-07,0.6575960452467488,0,0,-0.19161676646706594,0,-0.11162809975278276,加速,0,0,Consolidation,C
01093,石药集团,2023-04-14,0.8536435296587916,0,0,0.12013786312161501,0,-0.09369738807253758,加速,0,0,Consolidation,C
01093,石药集团,2023-04-21,0.6082607798190327,0,0,-0.24068479355488426,0,-0.13090899212577833,减速,0,0,Consolidation,C
01093,石药集团,2023-04-28,0.8106724263120756,0,0,-0.13500482160077143,0,-0.11349225052215683,平稳,0,0,Consolidation,C
01093,石药集团,2023-05-05,0.46343214435303026,0,1,-0.5187660668380463,0,-0.11183236615098102,平稳,0,0,Consolidation,C
01093,石药集团,2023-05-12,0.6380607491483387,0,0,-0.34363730036063866,0,-0.13917835517666055,减速,0,0,Consolidation,C
01093,石药集团,2023-05-19,0.6990299222674233,0,0,-0.27033985581874365,0,-0.14490179671114,减速,0,0,Consolidation,C
01093,石药集团,2023-05-26,0.6765109598030274,0,0,-0.3140020898641588,0,-0.15983093907694812,平稳,0,1,Breakdown,C
01093,石药集团,2023-06-02,1.5876608656421733,0,0,0.5123925139099645,0,-0.14038757304428562,减速,0,1,Breakdown,C
01093,石药集团,2023-06-09,0.8037474544368249,0,0,-0.23372629420809843,0,-0.1196812183028455,加速,0,0,Consolidation,C
01093,石药集团,2023-06-16,1.1902968430767964,0,0,0.15469061876247503,0,-0.091400083016417,加速,0,0,Consolidation,C
01093,石药集团,2023-06-23,0.9187700876423939,0,0,-0.057765667574931734,0,-0.1644189223153858,减速,0,0,Consolidation,C
01093,石药集团,2023-06-30,0.7759669111535278,0,0,-0.1353558926487748,0,-0.11912582012566597,加速,0,0,Consolidation,C
01093,石药集团,2023-07-07,0.9234147916553536,0,0,0.02392065344224026,0,-0.15918436567966077,减速,0,0,Consolidation,C
01093,石药集团,2023-07-14,1.1170578819566683,0,0,0.27256740914419697,0,-0.13431997685745733,平稳,0,1,Breakdown,C
01093,石药集团,2023-07-21,0.5899068097754802,0,0,-0.33293556085918863,0,-0.1263116321793497,平稳,0,0,Consolidation,C
01093,石药集团,2023-07-28,0.7856688044098613,0,0,-0.11023622047244086,0,-0.10640872213941832,加速,0,0,Consolidation,C
01093,石药集团,2023-08-04,1.348732172018038,0,0,0.4485087225661226,0,-0.1596603819582888,减速,0,0,Consolidation,C
01093,石药集团,2023-08-11,2.017843639492125,1,0,0.9483544303797469,0,-0.1564436103360496,减速,0,1,Breakdown,C
01093,石药集团,2023-08-18,0.9289218618742626,0,0,-0.13506753376688352,0,-0.1639738395822864,加速,0,1,Breakdown,C
01093,石药集团,2023-08-25,1.1373247379496068,0,0,0.028141678796700598,0,-0.12989266951753098,加速,0,0,Consolidation,C
01093,石药集团,2023-09-01,1.2739675734387277,0,0,0.1870967741935481,0,-0.148651104760249,加速,0,0,Consolidation,C
01093,石药集团,2023-09-08,0.854987242162446,0,0,-0.20355731225296436,0,-0.14589971465241203,减速,0,0,Consolidation,C
01093,石药集团,2023-09-15,1.0283421211951271,0,0,-0.035105315947843496,0,-0.10160078246643334,加速,0,0,Consolidation,C
01093,石药集团,2023-09-22,0.9026179241625104,0,0,-0.13289869608826477,0,-0.12964901793751638,减速,0,0,Consolidation,C
01093,石药集团,2023-09-29,0.9614280035078011,0,0,-0.06913580246913587,0,-0.11405415259797058,平稳,0,0,Consolidation,C
01093,石药集团,2023-10-06,1.0972341161922556,0,0,0.06122448979591821,0,-0.11746739312503451,减速,0,0,Consolidation,C
01093,石药集团,2023-10-13,1.0549867855151278,0,0,0.04910063198833248,0,-0.11969971209972796,加速,0,0,Consolidation,C
01093,石药集团,2023-10-20,0.737367940536946,0,0,-0.31875,0,-0.1312204364287246,减速,0,0,Consolidation,C
01093,石药集团,2023-10-27,1.9487123373277602,1,0,0.7846491228070176,0,-0.02906248534405753,加速,0,0,Consolidation,C
01093,石药集团,2023-11-03,1.7993392306033238,0,0,0.6325073498530029,0,-0.08375963217049354,平稳,0,0,Consolidation,C
01093,石药集团,2023-11-10,1.6672818327413483,0,0,0.5873684210526315,0,-0.1306221925696729,减速,0,0,Consolidation,C
01093,石药集团,2023-11-17,1.4142572140517613,0,0,0.3322658126501201,0,-0.10598931917783272,减速,0,0,Consolidation,C
01093,石药集团,2023-11-24,0.7918195538121162,0,0,-0.24485679709560315,0,-0.09873862679932954,平稳,0,0,Consolidation,C
01093,石药集团,2023-12-01,1.3909653049065247,0,0,0.32289628180039176,0,-0.08587262620644942,平稳,0,0,Consolidation,C
01093,石药集团,2023-12-08,1.0882068941934508,0,0,0.029166666666666563,0,-0.1265605619678979,减速,0,0,Pullback,C
01093,石药集团,2023-12-15,0.9295111170491462,0,0,-0.11518324607329833,0,-0.06553029525902454,加速,0,0,Consolidation,C
01093,石药集团,2023-12-22,0.7309952676838569,0,0,-0.31655480984340034,0,-0.10392308350777035,减速,0,0,Pullback,C
01093,石药集团,2023-12-29,0.431851119450805,0,1,-0.6122370936902486,0,-0.07937837004437664,加速,0,0,Consolidation,C
01093,石药集团,2024-01-05,0.5140258171395036,0,0,-0.5190869736324282,0,-0.09984687433280381,减速,0,0,Consolidation,C
01093,石药集团,2024-01-12,1.1399504026283516,0,0,0.0422153369481022,0,-0.12974562060011774,减速,0,0,Consolidation,C
01093,石药集团,2024-01-19,1.2046857030356852,0,0,0.07087198515769977,0,-0.1440204895168311,减速,0,0,Consolidation,C
01093,石药集团,2024-01-26,1.4151799649009917,0,0,0.32793064455333565,0,-0.09919811954606661,加速,0,0,Consolidation,C
01093,石药集团,2024-02-02,0.7532475543890097,0,0,-0.2555066079295155,0,-0.12518048179031382,平稳,0,0,Consolidation,C
01093,石药集团,2024-02-09,0.721568164207297,0,0,-0.23496801705756942,0,-0.133401409148459,加速,0,0,Consolidation,C
01093,石药集团,2024-02-16,0.24257965661910208,0,1,-0.7199063231850118,0,-0.08034989463238107,加速,0,0,Consolidation,C
01093,石药集团,2024-02-23,0.675261596434959,0,0,-0.23782505910165486,0,-0.09805570495005989,平稳,0,0,Consolidation,C
01093,石药集团,2024-03-01,0.7734211686433575,0,0,-0.07561342013019545,0,-0.12452114283231419,减速,0,0,Consolidation,C
01093,石药集团,2024-03-08,0.8897387859705863,0,0,0.10440122824974396,0,-0.10974581151724994,减速,0,0,Consolidation,C
01093,石药集团,2024-03-15,1.3413644144492867,0,0,0.5847373637264617,0,-0.06749252591379118,加速,0,0,Consolidation,C
01093,石药集团,2024-03-22,1.2725979351045988,0,0,0.4080760095011877,0,-0.11329418869896735,减速,0,0,Consolidation,C
01093,石药集团,2024-03-29,0.8189113810466764,0,0,-0.15452029520295185,0,-0.1337196107467068,减速,0,0,Consolidation,C
01093,石药集团,2024-04-05,0.48174006788851326,0,1,-0.5229911751045052,0,-0.12686076501211396,平稳,0,0,Consolidation,C
01093,石药集团,2024-04-12,0.8182178200779509,0,0,-0.16249999999999998,0,-0.14222079279942135,减速,0,0,Consolidation,C
01093,石药集团,2024-04-19,1.1812021235645016,0,0,0.19452590420332339,0,-0.12558580916887074,平稳,0,0,Consolidation,C
01093,石药集团,2024-04-26,1.2172427634225051,0,0,0.27489837398373984,0,-0.0585383799383673,加速,0,0,Consolidation,C
01093,石药集团,2024-05-03,0.9586757210122233,0,0,-0.0065789473684209065,0,-0.08512584178479465,平稳,0,0,Consolidation,C
01093,石药集团,2024-05-10,1.2881373975249133,0,0,0.3044542339696523,0,-0.08677413194495731,平稳,0,0,Consolidation,C
01093,石药集团,2024-05-17,0.8589862665520787,0,0,-0.15402621722846432,0,-0.11557662767806953,减速,0,0,Consolidation,C
01093,石药集团,2024-05-24,0.754750728989862,0,0,-0.23958820776789902,0,-0.13124762723096994,减速,0,0,Consolidation,C
01093,石药集团,2024-05-31,1.8661472086849962,1,0,0.7921348314606742,0,-0.10645531836997768,加速,0,0,Consolidation,C
01093,石药集团,2024-06-07,1.2557494997425955,0,0,0.1728081321473951,0,-0.06316138563548468,加速,0,0,Consolidation,C
01093,石药集团,2024-06-14,0.852976718221294,0,0,-0.19290465631929055,0,-0.08434390637765032,减速,0,0,Consolidation,C
01093,石药集团,2024-06-21,1.0998491530793422,0,0,0.06567028985507273,0,-0.11272842258958671,减速,0,0,Consolidation,C
01093,石药集团,2024-06-28,1.1400802093818547,0,0,0.09964570416297636,0,-0.10958598664872798,平稳,0,0,Consolidation,C
01093,石药集团,2024-07-05,0.741464434573733,0,0,-0.27871694841785877,0,-0.08379690000284079,加速,0,0,Consolidation,C
01093,石药集团,2024-07-12,0.9609100526937426,0,0,-0.07738349722103455,0,-0.07777983924010301,平稳,0,0,Consolidation,C
01093,石药集团,2024-07-19,0.7517347255091873,0,0,-0.2644736842105262,0,-0.09543024060614258,减速,0,0,Consolidation,C
01093,石药集团,2024-07-26,0.5673341131531322,0,0,-0.42830966559780115,0,-0.11320886289704879,减速,0,0,Consolidation,C
01093,石药集团,2024-08-02,0.8619495961941295,0,0,-0.1508739650413985,0,-0.09667411282341298,平稳,0,0,Consolidation,C
01093,石药集团,2024-08-09,0.8331423798360205,0,0,-0.17745004757373928,0,-0.09047488282346794,加速,0,0,Consolidation,C
01093,石药集团,2024-08-16,0.5359686108184767,0,0,-0.46044921875,0,-0.07068709945100382,加速,0,0,Consolidation,C
01093,石药集团,2024-08-23,3.497731626320799,1,0,2.2803265940902024,1,-0.18872954322454472,减速,0,1,Breakdown,C
01093,石药集团,2024-08-30,2.0874738002127846,1,0,1.0344440284537626,0,-0.10926871292618667,加速,0,0,Consolidation,C
01093,石药集团,2024-09-06,0.9250136246655231,0,0,-0.09462528387585167,0,-0.11925501824321227,加速,0,0,Consolidation,C
01093,石药集团,2024-09-13,1.3294072134616384,0,0,0.2662337662337666,0,-0.12443402834791928,平稳,0,1,Breakdown,C
01093,石药集团,2024-09-20,1.4707664872826653,0,0,0.40516351118760774,0,-0.09432210976270183,加速,0,0,Consolidation,C
01093,石药集团,2024-09-27,2.8371992787815214,1,0,1.580035440047253,0,-0.0526637679911125,加速,0,0,Consolidation,C
01093,石药集团,2024-10-04,2.5039169520102167,1,0,1.184371807967314,0,0.015843292886090765,加速,0,0,Consolidation,C
01093,石药集团,2024-10-11,3.4261086855398166,1,0,1.864864864864865,1,-0.08452556820546653,减速,0,0,Consolidation,C
01093,石药集团,2024-10-18,2.4089644226189115,1,0,0.9096045197740117,0,-0.05595645734311716,减速,0,0,Consolidation,C
01093,石药集团,2024-10-25,0.8413142543485431,0,0,-0.34942731277533023,0,-0.1086798131286133,减速,0,0,Pullback,C
01093,石药集团,2024-11-01,1.4797167490385585,0,0,0.13444407786209167,0,-0.14089445999293837,减速,0,0,Consolidation,C
01093,石药集团,2024-11-08,0.8765217790935553,0,0,-0.33429348695791317,0,-0.07532301667346342,加速,0,0,Consolidation,C
01093,石药集团,2024-11-15,0.6239653361439971,0,0,-0.5362953692115144,0,-0.10279896797285115,平稳,0,0,Consolidation,C
01093,石药集团,2024-11-22,0.5136918809568433,0,0,-0.5858057990559676,0,-0.09184702683604962,加速,0,0,Consolidation,C
01093,石药集团,2024-11-29,0.6365796908127649,0,0,-0.46426708398539396,0,-0.08120324651062516,加速,0,0,Consolidation,C
01093,石药集团,2024-12-06,0.7703922437583062,0,0,-0.35,0,-0.07858646544582049,平稳,0,0,Consolidation,C
01093,石药集团,2024-12-13,1.0620505024233742,0,0,-0.08749168330006674,0,-0.11648446418345793,减速,0,0,Consolidation,C
01093,石药集团,2024-12-20,1.0012038035094157,0,0,-0.12142038946162659,0,-0.061204415733717155,加速,0,0,Consolidation,C
01093,石药集团,2024-12-27,0.24904639920489485,0,1,-0.760693015701137,0,-0.08348840485750586,平稳,0,0,Consolidation,C
01093,石药集团,2025-01-03,0.38144209611249824,0,1,-0.5925411624677643,0,-0.10288622214224574,减速,0,0,Consolidation,C
01093,石药集团,2025-01-10,0.7633753591067418,0,0,-0.08335279010039709,0,-0.11094361987120283,减速,0,0,Consolidation,C
01093,石药集团,2025-01-17,0.5762747744648086,0,0,-0.2197891321978913,0,-0.0818558063608662,加速,0,0,Consolidation,C
01093,石药集团,2025-01-24,0.48048225437721626,0,1,-0.3285198555956679,0,-0.08974255187152158,加速,0,0,Consolidation,C
01093,石药集团,2025-01-31,0.1129668542307429,0,1,-0.8246628131021194,0,-0.09232246774303854,加速,0,0,Consolidation,C
01093,石药集团,2025-02-07,0.5344942606510878,0,0,-0.13970588235294124,0,-0.07907121744014767,加速,0,0,Consolidation,C
01093,石药集团,2025-02-14,0.9872792705232153,0,0,0.46114322414900455,0,-0.04797327875372348,加速,0,0,Consolidation,C
01093,石药集团,2025-02-21,1.280688133227397,0,0,0.6964922711058266,0,-0.0568049746784024,加速,0,0,Consolidation,C
01093,石药集团,2025-02-28,2.1653870833486897,1,0,1.3806165099268548,1,-0.12089800982122068,减速,0,0,Consolidation,C
01093,石药集团,2025-03-07,1.1134559359794372,0,0,0.12225381235461352,0,-0.06426620679625206,加速,0,0,Consolidation,C
01093,石药集团,2025-03-14,0.9767740571391389,0,0,0.01844919786096222,0,-0.07350141965043666,平稳,0,0,Consolidation,C
01093,石药集团,2025-03-21,1.9852983967006375,1,0,0.99185543395266,0,-0.10954687252422912,平稳,0,0,Consolidation,C
01093,石药集团,2025-03-28,1.6095737768121987,0,0,0.5075075075075071,0,-0.045074205851409865,加速,0,0,Consolidation,C
01093,石药集团,2025-04-04,2.4028298383897453,1,0,1.1358445201362453,0,-0.05204762147299624,加速,0,0,Consolidation,C
01093,石药集团,2025-04-11,2.4637758449456215,1,0,1.157417289220918,0,-0.012447062216903393,减速,0,0,Consolidation,C
01093,石药集团,2025-04-18,1.2707852172409004,0,0,0.09564185178904516,0,-0.07552974394569811,加速,0,0,Consolidation,C
01093,石药集团,2025-04-25,1.55659240318636,0,0,0.30081941380397126,0,-0.058929710650614586,加速,0,0,Consolidation,C
01093,石药集团,2025-05-02,1.3467540227244885,0,0,0.057126202273389604,0,-0.051330813540002906,减速,0,0,Consolidation,C
01093,石药集团,2025-05-09,1.3538175152467729,0,0,0.027639579878385723,0,-0.08250021924430151,减速,0,0,Pullback,C
01093,石药集团,2025-05-16,1.1640522125959605,0,0,-0.09212481426448738,0,-0.02957213348476473,加速,0,0,Consolidation,C
01093,石药集团,2025-05-23,2.03285330860506,1,0,0.6151911468812878,0,-0.035837715753964106,加速,0,0,Consolidation,C
01093,石药集团,2025-05-30,2.626868151238951,1,0,1.131442407471463,0,0.029823843505118353,加速,1,0,Breakout,C
01093,石药集团,2025-06-06,2.1016551685540166,1,0,0.6899321857068337,0,0.06147851146794303,加速,1,0,Breakout,C
01093,石药集团,2025-06-13,1.9740572863182826,1,0,0.5728880900577049,0,-0.04082820219007477,减速,0,0,Consolidation,C
01093,石药集团,2025-06-20,1.5946457778677676,0,0,0.310904663118968,0,-0.09149008639121958,减速,0,0,Pullback,C
01093,石药集团,2025-06-27,0.9995307658147335,0,0,-0.16451555869872714,0,-0.04391023625241974,加速,0,0,Pullback,C
01093,石药集团,2025-07-04,0.7888859117337194,0,0,-0.3145539906103286,0,-0.017181990245817125,加速,0,0,Consolidation,C
01093,石药集团,2025-07-11,0.646613197754121,0,0,-0.41259531205874045,0,-0.04434165236004073,减速,0,0,Consolidation,C
01093,石药集团,2025-07-18,1.0242934857581403,0,0,-0.09019103600293898,0,0.03487845191113337,加速,0,0,Consolidation,C
01093,石药集团,2025-07-25,0.758906035924107,0,0,-0.3107970813706473,0,-0.04699683007228761,减速,0,0,Consolidation,C
01093,石药集团,2025-08-01,1.7090703509541858,0,0,0.544963102797323,0,-0.030828600052660082,加速,0,0,Consolidation,C
01093,石药集团,2025-08-08,1.0333535037957164,0,0,-0.07391887361716376,0,0.01859886905024255,平稳,0,0,Consolidation,C
01093,石药集团,2025-08-15,0.8670295659369046,0,0,-0.22464782931048666,0,0.025948140406782505,加速,0,0,Consolidation,C
01093,石药集团,2025-08-22,0.8210171070217985,0,0,-0.25384615384615383,0,-0.030554066160224602,减速,0,0,Consolidation,C
01093,石药集团,2025-08-29,1.0405830886725906,0,0,-0.012073863636363535,0,-0.03078114633144713,减速,0,0,Pullback,C
01093,石药集团,2025-09-05,0.7944740656204737,0,0,-0.19533664200767864,0,-0.0025551352904673585,加速,0,0,Consolidation,C
01093,石药集团,2025-09-12,1.0684423699234689,0,0,0.13822558726460876,0,-0.044549708144456246,减速,0,0,Pullback,C
01093,石药集团,2025-09-19,0.8363451939344971,0,0,-0.06467259498787403,0,-0.04789898546997595,减速,0,0,Pullback,C
01093,石药集团,2025-09-26,0.8081057345657991,0,0,-0.08771929824561409,0,-0.0694531773716045,减速,0,0,Pullback,C
01093,石药集团,2025-10-03,0.37461522918492407,0,1,-0.570460704607046,0,0.0039679185438610265,加速,0,0,Pullback,C
01093,石药集团,2025-10-10,0.3141182760356671,0,1,-0.6475234842015372,0,-0.030834301294516364,平稳,0,0,Pullback,C
01093,石药集团,2025-10-17,0.8510757191011589,0,0,-0.07664075993091535,0,-0.0493634045207515,减速,0,0,Consolidation,C
01093,石药集团,2025-10-24,1.0447979335883995,0,0,0.07452760477145581,0,-0.07150087899671742,减速,0,0,Consolidation,C
01093,石药集团,2025-10-31,1.054092811282468,0,0,0.12066433171393065,0,-0.022647290338034698,加速,0,0,Consolidation,C
01093,石药集团,2025-11-07,0.7571736646639994,0,0,-0.1995073891625616,0,-0.034307473437936054,加速,0,0,Consolidation,C
01093,石药集团,2025-11-14,0.6457366976634684,0,0,-0.3059936908517349,0,0.002257847314110828,加速,0,0,Consolidation,C
01093,石药集团,2025-11-21,0.5203859622836353,0,0,-0.42813803564656805,0,-0.04656304683551005,减速,0,0,Consolidation,C
01093,石药集团,2025-11-28,0.7078223881122782,0,0,-0.18480138169257343,0,-0.013913977223367069,加速,0,0,Consolidation,C
01093,石药集团,2025-12-05,0.5225694893301647,0,0,-0.3883414295628036,0,-0.02192697904218488,减速,0,0,Consolidation,C
01093,石药集团,2025-12-12,0.6754164007651959,0,0,-0.16434085510688834,0,-0.014978206022095542,平稳,0,0,Consolidation,C
01093,石药集团,2025-12-19,0.985899399068493,0,0,0.16324062877871848,0,0.03319491775716066,加速,0,0,Consolidation,C
01093,石药集团,2025-12-26,0.9194942669211053,0,0,0.08048289738430592,0,0.002240787603042582,加速,0,0,Consolidation,C
01093,石药集团,2026-01-02,0.5576753194141101,0,0,-0.3679157633942397,0,-0.023558420617459275,减速,0,0,Consolidation,C
01093,石药集团,2026-01-09,0.9976931142684196,0,0,0.0692307692307692,0,0.007751730496250442,加速,0,0,Consolidation,C
01093,石药集团,2026-01-16,1.1829606047395973,0,0,0.24451689389448727,0,-0.00511125471237972,加速,0,0,Consolidation,C
01093,石药集团,2026-01-23,0.6288127447278674,0,0,-0.31068423559295133,0,-0.008649316533752227,减速,0,0,Consolidation,C
01093,石药集团,2026-01-30,1.7794134867544424,0,0,0.9023901310717044,0,-0.05071371608092534,减速,0,0,Consolidation,C
01093,石药集团,2026-02-06,1.2191845728266857,0,0,0.27304374148630206,0,-0.007460076521468739,平稳,0,0,Consolidation,C
01093,石药集团,2026-02-13,0.7672130126997059,0,0,-0.21932632220698067,0,-0.0249079900890411,加速,0,0,Consolidation,C
01093,石药集团,2026-02-20,0.12190901719370976,0,1,-0.8736053554351291,0,-0.0016359834381224347,加速,0,0,Consolidation,C
01093,石药集团,2026-02-27,0.7456576499982707,0,0,-0.20287979291376812,0,-0.029160945289439577,减速,0,0,Pullback,C
01093,石药集团,2026-03-06,0.6932932521822281,0,0,-0.28303412582888554,0,-0.002521431374042593,减速,0,0,Pullback,C
01093,石药集团,2026-03-13,0.8891946387316716,0,0,-0.11310970669259435,0,-0.0522031308623796,减速,0,0,Consolidation,C
01093,石药集团,2026-03-20,0.6986997075356003,0,0,-0.30313825275657336,0,-0.04228298484308046,加速,0,0,Consolidation,C
01093,石药集团,2026-03-27,1.4167468536736383,0,0,0.4064580559254327,0,0.07529040680155119,加速,0,0,Consolidation,C
01093,石药集团,2026-04-03,0.814492436883329,0,0,-0.20478153338829352,0,0.009571933416157474,加速,0,0,Consolidation,C
01093,石药集团,2026-04-10,0.4090525290492707,0,1,-0.5842558425584256,0,-0.025209534356273378,减速,0,0,Pullback,C
01093,石药集团,2026-04-17,0.7349043790168914,0,0,-0.2177719821162445,0,-0.04069382224556228,减速,0,0,Consolidation,C
01093,石药集团,2026-04-24,0.7625159967659199,0,0,-0.1865921787709498,0,-0.005871776744845847,加速,0,0,Consolidation,C
01093,石药集团,2026-05-01,0.6887465088520448,0,0,-0.17906336088154273,0,-0.028812867427310707,减速,0,0,Consolidation,C
01093,石药集团,2026-05-08,0.6212822484137285,0,0,-0.2282282282282282,0,-0.022907684583295396,平稳,0,0,Consolidation,C
01093,石药集团,2026-05-15,0.905993886482475,0,0,0.11454460966542745,0,-0.046480504146656276,减速,0,1,Breakdown,C
01093,石药集团,2026-05-22,0.7916897301559596,0,0,-0.08037669732807695,0,0.0015149465829116249,加速,0,0,Consolidation,C
01093,石药集团,2026-05-29,1.5234217745899707,0,0,0.6931865392604901,0,0.022682250292105577,平稳,0,0,Consolidation,C
01093,石药集团,2026-06-05,1.251703437692394,0,0,0.3211488250652743,0,-0.04337305849739692,平稳,0,0,Consolidation,C
01093,石药集团,2026-06-12,1.0137496776147572,0,0,0.08485823446611707,0,-0.008031410552699292,加速,0,0,Consolidation,C
01093,石药集团,2026-06-19,0.6009219506315141,0,0,-0.40340094242982993,0,-0.05094932449936995,减速,0,0,Consolidation,C
01093,石药集团,2026-06-26,1.0029806939683392,0,0,0.014164305949008416,0,-0.0095483244340413,加速,0,0,Consolidation,C
01093,石药集团,2026-07-03,1.5175285748351266,0,0,0.5092204526404023,0,0.07356040451413914,加速,0,0,Consolidation,C
01093,石药集团,2026-07-10,1.3675629492350403,0,0,0.35252781573296876,0,0.0018913742692938662,减速,0,0,Consolidation,C
01093,石药集团,2026-07-17,1.4435425939074806,0,0,0.39501580807141523,0,-0.023418356780567584,减速,0,0,Consolidation,C
01093,石药集团,2026-07-24,0.8149475943161942,0,0,-0.21263510995154677,0,0.008563362896325089,加速,0,0,Consolidation,C
01093,石药集团,2026-07-31,0.8321343763913284,0,0,-0.21204819277108444,0,0.0051215265194557436,减速,0,0,Consolidation,C
01093,石药集团,2026-08-07,0.6944139662338722,0,0,-0.34639556377079483,0,0.02688548332590801,平稳,0,0,Consolidation,C
01093,石药集团,2026-08-14,0.8227498885036747,0,0,-0.25144886894746676,0,-0.014737615618837907,减速,0,0,Consolidation,C
01093,石药集团,2026-08-21,1.7017782988699688,0,0,0.5130098452883263,0,-0.026765242231604702,加速,0,0,Consolidation,C
