date,close,volume,chg1d,ma5,ma20,chg5d,chg20d,dd_from_peak,w_signal,m_state,s_regime,f_state,daily_state,d_flow_z,mtf_regime,action_signal,risk_level,align_method,catalyst_score,target_now,position_eff
2026-05-04,2.66,7839000.0,,,,,,-0.0699300699300699,Consolidation,Improving,STRUCTURAL_BULLISH,F↓,DAILY_NEUTRAL,-0.2622878734061009,BULLISH_STABLE,HOLD,High,matrix,0.0,0.5,0.0
2026-05-05,2.7,4298545.0,0.015037593984962516,,,,,-0.055944055944055826,Consolidation,Improving,STRUCTURAL_BULLISH,F↓,DAILY_PULLBACK,0.09119769030665512,BULLISH_STABLE,HOLD,High,matrix,0.0,0.5,0.5
2026-05-06,2.69,10136062.0,-0.0037037037037037646,,,,,-0.05944055944055937,Consolidation,Improving,STRUCTURAL_BULLISH,F↓,DAILY_PULLBACK,-0.45105468728841513,BULLISH_STABLE,HOLD,High,matrix,0.0,0.5,0.5
2026-05-07,2.7,24754000.0,0.003717472118959231,,,,,-0.055944055944055826,Consolidation,Improving,STRUCTURAL_BULLISH,F↓,DAILY_PULLBACK,-0.14447432381821226,BULLISH_STABLE,HOLD,High,matrix,0.0,0.5,0.5
2026-05-08,2.74,24889604.0,0.014814814814814836,2.698,,,,-0.04195804195804187,Consolidation,Improving,STRUCTURAL_BULLISH,F↓,DAILY_NEUTRAL,0.5970283664352201,BULLISH_STABLE,HOLD,Medium,matrix,0.0,0.75,0.5
2026-05-11,2.8,17733677.0,0.021897810218977964,2.726,,0.05263157894736836,,-0.020979020979021046,Consolidation,Improving,STRUCTURAL_BULLISH,F↓,DAILY_NEUTRAL,-0.1271328378067576,BULLISH_STABLE,HOLD,Medium,matrix,0.0,0.75,0.75
2026-05-12,2.82,20363393.0,0.0071428571428571175,2.75,,0.04444444444444429,,-0.013986013986013957,Consolidation,Improving,STRUCTURAL_BULLISH,F↓,DAILY_NEUTRAL,0.03598879072186768,BULLISH_STABLE,HOLD,Medium,matrix,0.0,0.75,0.75
2026-05-13,2.8,19090553.0,-0.007092198581560294,2.772,,0.040892193308550207,,-0.020979020979021046,Consolidation,Improving,STRUCTURAL_BULLISH,F↓,DAILY_NEUTRAL,0.11145470834593242,BULLISH_STABLE,HOLD,Medium,matrix,0.0,0.75,0.75
2026-05-14,2.86,33563275.0,0.021428571428571352,2.804,,0.05925925925925912,,0.0,Consolidation,Improving,STRUCTURAL_BULLISH,F↓,DAILY_NEUTRAL,-0.057516225549237326,BULLISH_STABLE,HOLD,Medium,matrix,0.0,0.75,0.75
2026-05-15,2.85,20314000.0,-0.0034965034965034336,2.8259999999999996,,0.04014598540145986,,-0.0034965034965034336,Consolidation,Improving,STRUCTURAL_BULLISH,F↓,DAILY_NEUTRAL,0.09004442841199047,BULLISH_STABLE,HOLD,High,matrix,0.0,0.5,0.75
2026-05-18,2.84,21195050.0,-0.0035087719298246833,2.8339999999999996,,0.014285714285714235,,-0.006993006993006978,Consolidation,Improving,STRUCTURAL_BULLISH,F↓,DAILY_NEUTRAL,-0.24549660121265054,BULLISH_STABLE,HOLD,High,matrix,0.0,0.5,0.5
2026-05-19,2.82,23000491.0,-0.007042253521126751,2.8339999999999996,,0.0,,-0.013986013986013957,Consolidation,Improving,STRUCTURAL_BULLISH,F↓,DAILY_PULLBACK,-0.33597602589244246,BULLISH_STABLE,HOLD,High,matrix,0.0,0.5,0.5
2026-05-20,2.8,19331610.0,-0.007092198581560294,2.834,,0.0,,-0.020979020979021046,Consolidation,Improving,STRUCTURAL_BULLISH,F↓,DAILY_PULLBACK,-0.2954796425291417,BULLISH_STABLE,HOLD,High,matrix,0.0,0.5,0.5
2026-05-21,2.75,19603468.0,-0.017857142857142794,2.8120000000000003,,-0.038461538461538436,,-0.038461538461538436,Consolidation,Improving,STRUCTURAL_BULLISH,F↓,DAILY_PULLBACK,0.3320376124004669,BULLISH_STABLE,HOLD,High,matrix,0.0,0.5,0.5
2026-05-22,2.71,37282315.0,-0.014545454545454528,2.784,,-0.0491228070175439,,-0.05244755244755239,Pullback,Improving,STRUCTURAL_BULLISH,F↓,DAILY_NEUTRAL,2.406428850215248,BULLISH_STABLE,HOLD,High,fallback,0.0,0.5,0.5
2026-05-26,2.73,19892970.0,0.007380073800737907,2.7619999999999996,,-0.03873239436619713,,-0.045454545454545414,Pullback,Improving,STRUCTURAL_BULLISH,F↓,DAILY_NEUTRAL,0.1483970277796024,BULLISH_STABLE,HOLD,High,fallback,0.0,0.5,0.5
2026-05-27,2.72,17832618.0,-0.003663003663003539,2.742,,-0.03546099290780125,,-0.04895104895104885,Pullback,Improving,STRUCTURAL_BULLISH,F↓,DAILY_NEUTRAL,-0.037773064566071324,BULLISH_STABLE,HOLD,High,fallback,0.0,0.5,0.5
2026-05-28,2.66,31775950.0,-0.022058823529411797,2.714,,-0.04999999999999993,,-0.0699300699300699,Pullback,Improving,STRUCTURAL_BULLISH,F↓,DAILY_NEUTRAL,-0.10470948294257071,BULLISH_STABLE,HOLD,High,fallback,0.0,0.5,0.5
2026-05-29,2.63,15779275.0,-0.011278195488721887,2.69,,-0.043636363636363695,,-0.08041958041958042,Consolidation,Improving,STRUCTURAL_BULLISH,F↓,DAILY_NEUTRAL,0.6092439054560062,BULLISH_STABLE,HOLD,High,matrix,0.0,0.5,0.5
2026-06-01,2.61,24656000.0,-0.0076045627376425395,2.6700000000000004,2.7445,-0.03690036900369009,,-0.0874125874125874,Consolidation,Stable,STRUCTURAL_BULLISH,F↓,DAILY_NEUTRAL,-0.5194623558820214,BULLISH_STABLE,HOLD,High,matrix,0.0,0.5,0.5
2026-06-02,2.56,29337403.0,-0.019157088122605304,2.636,2.7395000000000005,-0.06227106227106227,-0.03759398496240607,-0.10489510489510478,Consolidation,Stable,STRUCTURAL_BULLISH,F↓,DAILY_NEUTRAL,-1.7774314901740487,BULLISH_STABLE,HOLD,High,matrix,0.0,0.5,0.5
2026-06-03,2.54,24678197.0,-0.0078125,2.6,2.7315,-0.06617647058823539,-0.059259259259259345,-0.11188811188811187,Consolidation,Stable,STRUCTURAL_BULLISH,F↓,DAILY_NEUTRAL,-0.554700654705438,BULLISH_STABLE,HOLD,High,matrix,0.0,0.5,0.5
2026-06-04,2.5,24091626.0,-0.015748031496062964,2.568,2.7220000000000004,-0.06015037593984962,-0.07063197026022305,-0.12587412587412583,Consolidation,Stable,STRUCTURAL_BULLISH,F↓,DAILY_NEUTRAL,-0.41083729752098935,BULLISH_STABLE,HOLD,High,matrix,0.0,0.5,0.5
2026-06-05,2.52,85428043.0,0.008000000000000007,2.5460000000000003,2.713,-0.041825095057034134,-0.06666666666666676,-0.11888111888111885,Consolidation,Stable,STRUCTURAL_BULLISH,F↓,DAILY_NEUTRAL,1.75669431655038,BULLISH_STABLE,HOLD,High,matrix,0.0,0.5,0.5
2026-06-08,2.49,34810676.0,-0.011904761904761862,2.5220000000000002,2.7005,-0.045977011494252706,-0.0912408759124087,-0.12937062937062926,Consolidation,Stable,STRUCTURAL_BULLISH,F↓,DAILY_NEUTRAL,0.2523368210280685,BULLISH_STABLE,HOLD,High,matrix,0.0,0.5,0.5
2026-06-09,2.53,20380869.0,0.016064257028112205,2.516,2.6870000000000003,-0.011718750000000111,-0.09642857142857142,-0.11538461538461542,Consolidation,Stable,STRUCTURAL_BULLISH,F↓,DAILY_NEUTRAL,0.016116932717531753,BULLISH_STABLE,HOLD,High,matrix,0.0,0.5,0.5
2026-06-10,2.52,16908780.0,-0.0039525691699603405,2.5119999999999996,2.6719999999999997,-0.007874015748031482,-0.10638297872340419,-0.11888111888111885,Consolidation,Stable,STRUCTURAL_BULLISH,F↓,DAILY_NEUTRAL,0.934886368381232,BULLISH_STABLE,HOLD,High,matrix,0.0,0.5,0.5
2026-06-11,2.49,7867788.0,-0.011904761904761862,2.5100000000000002,2.6565000000000003,-0.0039999999999998925,-0.11071428571428554,-0.12937062937062926,Consolidation,Stable,STRUCTURAL_BULLISH,F↓,DAILY_NEUTRAL,-0.13307409662935954,BULLISH_STABLE,HOLD,High,matrix,0.0,0.5,0.5
2026-06-12,2.48,17762000.0,-0.004016064257028162,2.502,2.6375,-0.015873015873015928,-0.1328671328671328,-0.1328671328671328,Consolidation,Stable,STRUCTURAL_BULLISH,F↓,DAILY_NEUTRAL,0.2558195224849272,BULLISH_STABLE,HOLD,High,matrix,0.0,0.5,0.5
2026-06-15,2.42,19940470.0,-0.024193548387096753,2.488,2.616,-0.028112449799196915,-0.15087719298245617,-0.15384615384615385,Consolidation,Stable,STRUCTURAL_BULLISH,F↓,DAILY_NEUTRAL,-0.7309877616498257,BULLISH_STABLE,HOLD,High,matrix,0.0,0.5,0.5
2026-06-16,2.41,19829313.0,-0.004132231404958553,2.464,2.5945,-0.04743083003952553,-0.15140845070422526,-0.1573426573426573,Consolidation,Stable,STRUCTURAL_BULLISH,F↓,DAILY_NEUTRAL,-0.7831887578415593,BULLISH_STABLE,HOLD,High,matrix,0.0,0.5,0.5
2026-06-17,2.39,10183000.0,-0.008298755186721962,2.438,2.573,-0.051587301587301515,-0.15248226950354604,-0.16433566433566427,Consolidation,Stable,STRUCTURAL_BULLISH,F↓,DAILY_NEUTRAL,-0.027401260911717493,BULLISH_STABLE,HOLD,High,matrix,0.0,0.5,0.5
2026-06-18,2.36,28063747.0,-0.012552301255230214,2.412,2.551,-0.052208835341365556,-0.15714285714285714,-0.1748251748251748,Consolidation,Stable,STRUCTURAL_BULLISH,F↓,DAILY_NEUTRAL,0.12814087729347204,BULLISH_STABLE,HOLD,High,matrix,0.0,0.5,0.5
2026-06-22,2.34,8840171.0,-0.008474576271186418,2.384,2.5305,-0.05645161290322587,-0.14909090909090916,-0.18181818181818188,Breakdown,Stable,STRUCTURAL_BULLISH,F↓,DAILY_NEUTRAL,-0.20280954700434378,BULLISH_STABLE,HOLD,High,fallback,0.0,0.5,0.5
2026-06-23,2.33,6330255.0,-0.004273504273504147,2.366,2.5115000000000003,-0.037190082644628086,-0.14022140221402213,-0.1853146853146852,Breakdown,Stable,STRUCTURAL_BULLISH,F↓,DAILY_NEUTRAL,0.17123190729193916,BULLISH_STABLE,HOLD,High,fallback,0.0,0.5,0.5
2026-06-24,2.32,10810000.0,-0.0042918454935623185,2.348,2.4909999999999997,-0.03734439834024905,-0.1501831501831502,-0.18881118881118886,Breakdown,Stable,STRUCTURAL_BULLISH,F↓,DAILY_NEUTRAL,0.4341382603060284,BULLISH_STABLE,HOLD,High,fallback,0.0,0.5,0.5
2026-06-25,2.3,12239666.0,-0.008620689655172376,2.3299999999999996,2.4699999999999998,-0.03765690376569053,-0.15441176470588247,-0.19580419580419584,Breakdown,Stable,STRUCTURAL_BULLISH,F↓,DAILY_NEUTRAL,-0.04312450015680299,BULLISH_STABLE,HOLD,High,fallback,0.0,0.5,0.5
2026-06-26,2.26,15904476.0,-0.017391304347826098,2.31,2.45,-0.0423728813559322,-0.15037593984962416,-0.2097902097902098,Breakdown,Stable,STRUCTURAL_BULLISH,F↓,DAILY_ACCUMULATION,0.893930178961216,BULLISH_STABLE,HOLD,High,fallback,0.0,0.5,0.5
2026-06-29,2.29,9084532.0,0.013274336283185972,2.3,2.433,-0.02136752136752129,-0.12927756653992395,-0.19930069930069927,Breakdown,Stable,STRUCTURAL_BULLISH,F↓,DAILY_ACCUMULATION,0.21873748735750523,BULLISH_STABLE,HOLD,High,fallback,0.0,0.5,0.5
2026-06-30,2.26,9562200.0,-0.013100436681222849,2.286,2.4155,-0.030042918454935785,-0.13409961685823757,-0.2097902097902098,Breakdown,Stable,STRUCTURAL_BULLISH,F↓,DAILY_NEUTRAL,-0.00404457109115515,BULLISH_STABLE,HOLD,High,fallback,0.0,0.5,0.5
2026-07-02,2.27,18748600.0,0.004424778761062065,2.276,2.401,-0.02155172413793094,-0.11328125,-0.20629370629370625,Breakdown,Stable,STRUCTURAL_BULLISH,F↓,DAILY_ACCUMULATION,0.28596273122458554,BULLISH_STABLE,HOLD,High,fallback,0.0,0.5,0.5
2026-07-03,2.29,21504413.0,0.008810572687224738,2.274,2.3884999999999996,-0.004347826086956386,-0.09842519685039375,-0.19930069930069927,Consolidation,Stable,STRUCTURAL_BULLISH,F↓,DAILY_NEUTRAL,-3.9033005040925883,BULLISH_STABLE,HOLD,High,matrix,-1.0,0.5,0.5
2026-07-06,2.34,6651538.0,0.02183406113537112,2.29,2.3805,0.03539823008849563,-0.06400000000000006,-0.18181818181818188,Consolidation,Stable,STRUCTURAL_BULLISH,F↓,DAILY_NEUTRAL,0.32902892689385993,BULLISH_STABLE,HOLD,High,matrix,-1.0,0.5,0.5
2026-07-07,2.3,14757298.0,-0.017094017094017144,2.292,2.3695,0.004366812227074135,-0.08730158730158732,-0.19580419580419584,Consolidation,Stable,STRUCTURAL_BULLISH,F↓,DAILY_NEUTRAL,0.905167039854233,BULLISH_STABLE,HOLD,High,matrix,-1.0,0.5,0.5
2026-07-08,2.3,11650240.0,0.0,2.3,2.36,0.017699115044247815,-0.07630522088353431,-0.19580419580419584,Consolidation,Stable,STRUCTURAL_BULLISH,F↓,DAILY_NEUTRAL,0.7474405320574641,BULLISH_STABLE,HOLD,High,matrix,-1.0,0.5,0.5
2026-07-09,2.29,5479466.0,-0.004347826086956386,2.304,2.348,0.008810572687224738,-0.09486166007905128,-0.19930069930069927,Consolidation,Stable,STRUCTURAL_BULLISH,F↓,DAILY_NEUTRAL,0.07423445245977858,BULLISH_STABLE,HOLD,High,matrix,-1.0,0.5,0.5
2026-07-10,2.3,4920851.0,0.004366812227074135,2.306,2.337,0.004366812227074135,-0.08730158730158732,-0.19580419580419584,Consolidation,Stable,STRUCTURAL_BULLISH,F↓,DAILY_NEUTRAL,0.04992367405649482,BULLISH_STABLE,HOLD,High,matrix,-1.0,0.5,0.5
2026-07-13,2.31,6871795.0,0.004347826086956719,2.3,2.3280000000000003,-0.012820512820512775,-0.07228915662650603,-0.1923076923076923,Consolidation,Stable,STRUCTURAL_BULLISH,F↓,DAILY_NEUTRAL,0.18720219292898582,BULLISH_STABLE,HOLD,High,matrix,-1.0,0.5,0.5
2026-07-14,2.33,12797231.0,0.008658008658008587,2.306,2.3205,0.013043478260869712,-0.06048387096774188,-0.1853146853146852,Consolidation,Stable,STRUCTURAL_BULLISH,F↓,DAILY_NEUTRAL,-0.4593250369600874,BULLISH_STABLE,HOLD,High,matrix,-1.0,0.5,0.5
2026-07-15,2.36,6468449.0,0.012875536480686511,2.318,2.3175,0.026086956521739202,-0.024793388429752095,-0.1748251748251748,Consolidation,Stable,STRUCTURAL_BULLISH,F↓,DAILY_ACCUMULATION,0.3193831820310814,BULLISH_STABLE,HOLD,High,matrix,-1.0,0.5,0.5
2026-07-16,2.34,9752036.0,-0.008474576271186418,2.3280000000000003,2.3139999999999996,0.02183406113537112,-0.02904564315352709,-0.18181818181818188,Consolidation,Stable,STRUCTURAL_BULLISH,F↓,DAILY_ACCUMULATION,0.7404996467408712,BULLISH_STABLE,HOLD,High,matrix,-1.0,0.5,0.5
2026-07-17,2.39,26546000.0,0.021367521367521514,2.346,2.3139999999999996,0.039130434782608914,0.0,-0.16433566433566427,Consolidation,Stable,STRUCTURAL_BULLISH,F↓,DAILY_NEUTRAL,-0.6704126324576151,BULLISH_STABLE,HOLD,High,matrix,-1.0,0.5,0.5
2026-07-20,2.48,15618000.0,0.03765690376569042,2.38,2.32,0.07359307359307365,0.05084745762711873,-0.1328671328671328,Consolidation,Stable,STRUCTURAL_BULLISH,F↓,DAILY_NEUTRAL,-0.4311692328443041,BULLISH_STABLE,HOLD,High,matrix,-1.0,0.5,0.5
2026-07-21,2.41,12670724.0,-0.028225806451612878,2.396,2.3235,0.03433476394849788,0.02991452991453003,-0.1573426573426573,Consolidation,Stable,STRUCTURAL_BULLISH,F↓,DAILY_NEUTRAL,0.6785151245269221,BULLISH_STABLE,HOLD,High,matrix,-1.0,0.5,0.5
2026-07-22,2.45,8863179.0,0.016597510373443924,2.414,2.3295,0.038135593220339103,0.051502145922746934,-0.14335664335664322,Consolidation,Stable,STRUCTURAL_BULLISH,F↓,DAILY_NEUTRAL,0.14565338880772025,BULLISH_STABLE,HOLD,High,matrix,-1.0,0.5,0.5
2026-07-23,2.39,48608260.0,-0.02448979591836742,2.4240000000000004,2.3329999999999997,0.021367521367521514,0.030172413793103647,-0.16433566433566427,Consolidation,Stable,STRUCTURAL_BULLISH,F↓,DAILY_PULLBACK,1.4213799716896964,BULLISH_STABLE,HOLD,High,matrix,-1.0,0.5,0.5
2026-07-24,2.35,20256000.0,-0.01673640167364021,2.416,2.3355,-0.01673640167364021,0.021739130434782705,-0.17832167832167822,Consolidation,Stable,STRUCTURAL_BULLISH,F↓,DAILY_PULLBACK,1.824876074136084,BULLISH_STABLE,HOLD,High,matrix,-1.0,0.5,0.5
2026-07-27,2.35,12721197.0,0.0,2.39,2.34,-0.05241935483870963,0.039823008849557695,-0.17832167832167822,Consolidation,Stable,STRUCTURAL_BULLISH,F↓,DAILY_PULLBACK,-0.583565693210334,BULLISH_STABLE,HOLD,High,matrix,-1.0,0.5,0.5
2026-07-28,2.4,10236474.0,0.02127659574468077,2.3880000000000003,2.3455000000000004,-0.004149377593361092,0.048034934497816595,-0.16083916083916083,Consolidation,Stable,STRUCTURAL_BULLISH,F↓,DAILY_PULLBACK,-0.10714620106959283,BULLISH_STABLE,HOLD,High,matrix,-1.0,0.5,0.5
2026-07-29,2.38,20050674.0,-0.008333333333333304,2.3739999999999997,2.3515,-0.028571428571428692,0.053097345132743445,-0.1678321678321678,Consolidation,Stable,STRUCTURAL_BULLISH,F↓,DAILY_PULLBACK,-1.231537957601086,BULLISH_STABLE,HOLD,High,matrix,-1.0,0.5,0.5
2026-07-30,2.37,21498491.0,-0.004201680672268782,2.37,2.3565,-0.008368200836820106,0.04405286343612347,-0.17132867132867124,Consolidation,Stable,STRUCTURAL_BULLISH,F↓,DAILY_PULLBACK,-0.7723627410661857,BULLISH_STABLE,HOLD,High,matrix,-1.0,0.5,0.5
2026-07-31,2.31,24974911.0,-0.025316455696202556,2.3619999999999997,2.3575,-0.017021276595744705,0.008733624454148492,-0.1923076923076923,Consolidation,Improving,STRUCTURAL_BULLISH,F↓,DAILY_NEUTRAL,-0.26796611020720057,BULLISH_STABLE,HOLD,Medium,matrix,0.0,0.75,0.5
2026-08-03,2.29,15638454.0,-0.008658008658008698,2.35,2.3549999999999995,-0.025531914893617058,-0.02136752136752129,-0.19930069930069927,Consolidation,Improving,STRUCTURAL_BULLISH,F↓,DAILY_NEUTRAL,-0.2665730023517856,BULLISH_STABLE,HOLD,Medium,matrix,0.0,0.75,0.75
2026-08-04,2.29,18242513.0,0.0,2.3280000000000003,2.3545000000000003,-0.04583333333333328,-0.004347826086956386,-0.19930069930069927,Consolidation,Improving,STRUCTURAL_BULLISH,F↓,DAILY_NEUTRAL,-0.782555564932586,BULLISH_STABLE,HOLD,Medium,matrix,0.0,0.75,0.75
2026-08-05,2.28,16850100.0,-0.004366812227074357,2.3080000000000003,2.3535,-0.04201680672268915,-0.008695652173913104,-0.2027972027972028,Consolidation,Improving,STRUCTURAL_BULLISH,F↓,DAILY_NEUTRAL,-0.7493027463064925,BULLISH_STABLE,HOLD,Medium,matrix,0.0,0.75,0.75
2026-08-06,2.26,17824347.0,-0.00877192982456143,2.286,2.352,-0.04641350210970474,-0.013100436681222849,-0.2097902097902098,Consolidation,Improving,STRUCTURAL_BULLISH,F↓,DAILY_NEUTRAL,-0.8984146250574708,BULLISH_STABLE,HOLD,Medium,matrix,0.0,0.75,0.75
2026-08-07,2.24,13879648.0,-0.008849557522123686,2.2720000000000002,2.3489999999999998,-0.030303030303030276,-0.02608695652173898,-0.21678321678321666,Consolidation,Improving,STRUCTURAL_BULLISH,F↓,DAILY_NEUTRAL,-0.10587603947278254,BULLISH_STABLE,HOLD,High,matrix,0.0,0.5,0.75
2026-08-10,2.26,11200000.0,0.008928571428571175,2.266,2.3465,-0.013100436681222849,-0.0216450216450218,-0.2097902097902098,Consolidation,Improving,STRUCTURAL_BULLISH,F↓,DAILY_NEUTRAL,1.2843845345240748,BULLISH_STABLE,HOLD,High,matrix,0.0,0.5,0.5
2026-08-11,2.27,5563929.0,0.004424778761062065,2.2619999999999996,2.3434999999999997,-0.008733624454148492,-0.025751072961373467,-0.20629370629370625,Consolidation,Improving,STRUCTURAL_BULLISH,F↓,DAILY_NEUTRAL,-0.3333828856332181,BULLISH_STABLE,HOLD,High,matrix,0.0,0.5,0.5
2026-08-12,2.26,6640300.0,-0.00440528634361248,2.258,2.3385,-0.00877192982456143,-0.0423728813559322,-0.2097902097902098,Consolidation,Improving,STRUCTURAL_BULLISH,F↓,DAILY_NEUTRAL,-0.014750260127301422,BULLISH_STABLE,HOLD,High,matrix,0.0,0.5,0.5
2026-08-13,2.24,12020079.0,-0.008849557522123686,2.254,2.3335,-0.008849557522123686,-0.04273504273504258,-0.21678321678321666,Consolidation,Improving,STRUCTURAL_BULLISH,F↓,DAILY_NEUTRAL,-0.20266607679583187,BULLISH_STABLE,HOLD,High,matrix,0.0,0.5,0.5
2026-08-14,2.24,14200015.0,0.0,2.254,2.326,0.0,-0.06276150627615062,-0.21678321678321666,Consolidation,Improving,STRUCTURAL_BULLISH,F↓,DAILY_NEUTRAL,-0.34207485636760404,BULLISH_STABLE,HOLD,Medium,matrix,1.0,0.75,0.5
2026-08-17,2.24,7111936.0,0.0,2.25,2.314,-0.008849557522123686,-0.09677419354838701,-0.21678321678321666,Consolidation,Improving,STRUCTURAL_BULLISH,F↓,DAILY_NEUTRAL,-0.025134456082785476,BULLISH_STABLE,HOLD,Medium,matrix,1.0,0.75,0.75
2026-08-18,2.24,4163768.0,0.0,2.244,2.3055,-0.013215859030836885,-0.0705394190871369,-0.21678321678321666,Consolidation,Improving,STRUCTURAL_BULLISH,F↓,DAILY_NEUTRAL,0.19396309610426518,BULLISH_STABLE,HOLD,Medium,matrix,1.0,0.75,0.75
2026-08-19,2.24,12011037.0,0.0,2.24,2.295,-0.008849557522123686,-0.08571428571428574,-0.21678321678321666,Consolidation,Improving,STRUCTURAL_BULLISH,F↓,DAILY_ACCUMULATION,0.2559205949819729,BULLISH_STABLE,HOLD,Medium,matrix,1.0,0.75,0.75
2026-08-20,2.24,18892450.0,0.0,2.24,2.2875,0.0,-0.06276150627615062,-0.21678321678321666,Consolidation,Improving,STRUCTURAL_BULLISH,F↓,DAILY_ACCUMULATION,0.6519529475593323,BULLISH_STABLE,HOLD,Medium,matrix,1.0,0.75,0.75
2026-08-21,2.19,34867231.0,-0.022321428571428714,2.23,2.2794999999999996,-0.022321428571428714,-0.06808510638297882,-0.23426573426573427,Breakdown,Improving,STRUCTURAL_BULLISH,F↓,DAILY_NEUTRAL,-1.0005331291994741,BULLISH_STABLE,HOLD,Low,fallback,1.0,0.75,0.75
2026-08-24,2.04,67612144.0,-0.06849315068493145,2.1900000000000004,2.264,-0.0892857142857143,-0.13191489361702124,-0.28671328671328666,Breakdown,Improving,STRUCTURAL_BULLISH,F↓,,,BULLISH_STABLE,HOLD,Low,fallback,1.0,0.75,0.75
